CREATE DATABASE  IF NOT EXISTS `demo` /*!40100 DEFAULT CHARACTER SET utf8mb3 COLLATE utf8mb3_bin */ /*!80016 DEFAULT ENCRYPTION='N' */;
USE `demo`;
-- MySQL dump 10.13  Distrib 8.0.36, for Win64 (x86_64)
--
-- Host: 127.0.0.1    Database: demo
-- ------------------------------------------------------
-- Server version	8.0.37

/*!40101 SET @OLD_CHARACTER_SET_CLIENT=@@CHARACTER_SET_CLIENT */;
/*!40101 SET @OLD_CHARACTER_SET_RESULTS=@@CHARACTER_SET_RESULTS */;
/*!40101 SET @OLD_COLLATION_CONNECTION=@@COLLATION_CONNECTION */;
/*!50503 SET NAMES utf8 */;
/*!40103 SET @OLD_TIME_ZONE=@@TIME_ZONE */;
/*!40103 SET TIME_ZONE='+00:00' */;
/*!40014 SET @OLD_UNIQUE_CHECKS=@@UNIQUE_CHECKS, UNIQUE_CHECKS=0 */;
/*!40014 SET @OLD_FOREIGN_KEY_CHECKS=@@FOREIGN_KEY_CHECKS, FOREIGN_KEY_CHECKS=0 */;
/*!40101 SET @OLD_SQL_MODE=@@SQL_MODE, SQL_MODE='NO_AUTO_VALUE_ON_ZERO' */;
/*!40111 SET @OLD_SQL_NOTES=@@SQL_NOTES, SQL_NOTES=0 */;

--
-- Table structure for table `brand`
--

DROP TABLE IF EXISTS `brand`;
/*!40101 SET @saved_cs_client     = @@character_set_client */;
/*!50503 SET character_set_client = utf8mb4 */;
CREATE TABLE `brand` (
  `brand_name` varchar(20) COLLATE utf8mb3_bin NOT NULL,
  `ctgr_name` char(3) COLLATE utf8mb3_bin NOT NULL,
  PRIMARY KEY (`brand_name`),
  KEY `name` (`ctgr_name`),
  CONSTRAINT `brand_ibfk_1` FOREIGN KEY (`ctgr_name`) REFERENCES `category` (`ctgr_name`)
) ENGINE=InnoDB DEFAULT CHARSET=utf8mb3 COLLATE=utf8mb3_bin;
/*!40101 SET character_set_client = @saved_cs_client */;

--
-- Dumping data for table `brand`
--

LOCK TABLES `brand` WRITE;
/*!40000 ALTER TABLE `brand` DISABLE KEYS */;
INSERT INTO `brand` VALUES ('어학원','ac5'),('영어학원','ac5'),('요리학원','ac5'),('입시학원','ac5'),('학원','ac5'),('게스트하우스','ad5'),('여관,모텔','ad5'),('콘도,리조트','ad5'),('호텔','ad5'),('부동산중개업소','ag2'),('ATM','bk9'),('IBK기업은행','bk9'),('KB국민은행','bk9'),('NH농협은행','bk9'),('Sh수협은행','bk9'),('신한은행','bk9'),('우리은행','bk9'),('저축은행','bk9'),('하나은행','bk9'),('갤러리카페','ce7'),('다방','ce7'),('디저트카페','ce7'),('바나프레소','ce7'),('스타벅스','ce7'),('이디야커피','ce7'),('카페','ce7'),('커피전문점','ce7'),('테마카페','ce7'),('투썸플레이스','ce7'),('폴바셋','ce7'),('CU','cs2'),('GS25','cs2'),('세븐일레븐','cs2'),('이마트24','cs2'),('공연장,연극극장','ct1'),('미술관','ct1'),('전시관','ct1'),('국수','fd6'),('김영모과자점','fd6'),('냉면','fd6'),('복호두','fd6'),('브레댄코','fd6'),('삼겹살','fd6'),('순대','fd6'),('양꼬치','fd6'),('양식','fd6'),('육류,고기','fd6'),('일본식주점','fd6'),('제과,베이커리','fd6'),('조개','fd6'),('중국요리','fd6'),('중식','fd6'),('태국음식','fd6'),('파리바게뜨','fd6'),('파리크라상','fd6'),('한식','fd6'),('한정식','fd6'),('호프,요리주점','fd6'),('회','fd6'),('비뇨기과','hp8'),('성형외과','hp8'),('안과','hp8'),('이비인후과','hp8'),('일반의원','hp8'),('정형외과','hp8'),('노브랜드','mt1'),('롯데슈퍼프레시','mt1'),('이마트에브리데이','mt1'),('홈플러스익스프레스','mt1'),('SK주유소','ol7'),('주차장','pk6'),('약국','pm9'),('경찰청','po3'),('대사관,영사관,외국공관','po3'),('동행정복지센터','po3'),('치안센터','po3'),('어린이집','ps3'),('중학교','sc4'),('초등학교','sc4'),('신분당선','sw8');
/*!40000 ALTER TABLE `brand` ENABLE KEYS */;
UNLOCK TABLES;

--
-- Table structure for table `cart`
--

DROP TABLE IF EXISTS `cart`;
/*!40101 SET @saved_cs_client     = @@character_set_client */;
/*!50503 SET character_set_client = utf8mb4 */;
CREATE TABLE `cart` (
  `cart_id` int NOT NULL AUTO_INCREMENT,
  `user_id` varchar(255) COLLATE utf8mb3_bin DEFAULT NULL,
  `product_id` int DEFAULT NULL,
  `cart_count` int DEFAULT NULL,
  PRIMARY KEY (`cart_id`),
  KEY `FK3d704slv66tw6x5hmbm6p2x3u` (`product_id`),
  KEY `FK3oexs31qtfpym0v38fc3o951i` (`user_id`),
  CONSTRAINT `FK3d704slv66tw6x5hmbm6p2x3u` FOREIGN KEY (`product_id`) REFERENCES `product` (`product_id`) ON DELETE CASCADE ON UPDATE CASCADE,
  CONSTRAINT `FK3oexs31qtfpym0v38fc3o951i` FOREIGN KEY (`user_id`) REFERENCES `user_info` (`user_id`) ON DELETE CASCADE ON UPDATE CASCADE
) ENGINE=InnoDB AUTO_INCREMENT=34 DEFAULT CHARSET=utf8mb3 COLLATE=utf8mb3_bin;
/*!40101 SET character_set_client = @saved_cs_client */;

--
-- Dumping data for table `cart`
--

LOCK TABLES `cart` WRITE;
/*!40000 ALTER TABLE `cart` DISABLE KEYS */;
INSERT INTO `cart` VALUES (31,'anon011',1023,1),(33,'anon011',10,1);
/*!40000 ALTER TABLE `cart` ENABLE KEYS */;
UNLOCK TABLES;

--
-- Table structure for table `category`
--

DROP TABLE IF EXISTS `category`;
/*!40101 SET @saved_cs_client     = @@character_set_client */;
/*!50503 SET character_set_client = utf8mb4 */;
CREATE TABLE `category` (
  `ctgr_name` char(3) COLLATE utf8mb3_bin NOT NULL,
  `ctgr_text` varchar(255) COLLATE utf8mb3_bin DEFAULT NULL,
  PRIMARY KEY (`ctgr_name`)
) ENGINE=InnoDB DEFAULT CHARSET=utf8mb3 COLLATE=utf8mb3_bin;
/*!40101 SET character_set_client = @saved_cs_client */;

--
-- Dumping data for table `category`
--

LOCK TABLES `category` WRITE;
/*!40000 ALTER TABLE `category` DISABLE KEYS */;
INSERT INTO `category` VALUES ('bk9','은행'),('ce7','카페'),('cs2','편의점'),('fd6','음식점'),('mt1','대형마트'),('pm9','약국'),('sw8','지하철역');
/*!40000 ALTER TABLE `category` ENABLE KEYS */;
UNLOCK TABLES;

--
-- Table structure for table `company`
--

DROP TABLE IF EXISTS `company`;
/*!40101 SET @saved_cs_client     = @@character_set_client */;
/*!50503 SET character_set_client = utf8mb4 */;
CREATE TABLE `company` (
  `cmp_name` varchar(40) CHARACTER SET utf8mb3 COLLATE utf8mb3_bin NOT NULL,
  `cmp_pwd` varchar(255) COLLATE utf8mb3_bin DEFAULT NULL,
  `cmp_state` varchar(255) COLLATE utf8mb3_bin DEFAULT NULL,
  `ctgr_name` char(3) CHARACTER SET utf8mb3 COLLATE utf8mb3_bin NOT NULL,
  `brand_name` varchar(20) COLLATE utf8mb3_bin NOT NULL,
  `cmp_score` double NOT NULL DEFAULT '0',
  `cmp_id` varchar(255) COLLATE utf8mb3_bin DEFAULT NULL,
  `cmp_addr` varchar(255) COLLATE utf8mb3_bin DEFAULT NULL,
  `cmp_lat` varchar(255) COLLATE utf8mb3_bin DEFAULT NULL,
  `cmp_lng` varchar(255) COLLATE utf8mb3_bin DEFAULT NULL,
  `cmp_review` int DEFAULT '0',
  PRIMARY KEY (`cmp_name`),
  KEY `brand_name` (`brand_name`),
  KEY `company_ibfk_4` (`ctgr_name`),
  CONSTRAINT `company_ibfk_3` FOREIGN KEY (`brand_name`) REFERENCES `brand` (`brand_name`),
  CONSTRAINT `company_ibfk_4` FOREIGN KEY (`ctgr_name`) REFERENCES `category` (`ctgr_name`) ON DELETE CASCADE ON UPDATE CASCADE
) ENGINE=InnoDB DEFAULT CHARSET=utf8mb3 COLLATE=utf8mb3_bin;
/*!40101 SET character_set_client = @saved_cs_client */;

--
-- Dumping data for table `company`
--

LOCK TABLES `company` WRITE;
/*!40000 ALTER TABLE `company` DISABLE KEYS */;
INSERT INTO `company` VALUES ('1998','1234','c','ce7','카페',0,'1998','서울 강남구 논현동 158','37.51007800784658','127.02719039948609',0),('502세컨즈카페 강남직영점','1234','c','ce7','카페',2.87,'502세컨즈카페 강남직영점','서울 강남구 논현동 134-10','37.5114022983049','127.02798715188',23),('CU ATM 논현신우점','1234','c','bk9','ATM',0,'CU ATM 논현신우점','서울 강남구 논현동 145-8','37.509705545163','127.024670301485',0),('CU 강남스타일점','1234','c','cs2','CU',0,'CU 강남스타일점','서울 강남구 역삼동 831-45','37.493692305376065','127.03089913966119',0),('CU 강남승리점','1234','c','cs2','CU',0,'CU 강남승리점','서울 서초구 서초동 1327-10','37.4951193319117','127.027958458054',0),('CU 논현두산위브점','1234','c','cs2','CU',0,'CU 논현두산위브점','서울 강남구 논현동 263','37.51192927502581','127.03805279511255',0),('CU 논현세원점','1234','c','cs2','CU',0,'CU 논현세원점','서울 강남구 논현동 218','37.5129106247847','127.034615908012',0),('CU 논현제일점','1234','c','cs2','CU',0,'CU 논현제일점','서울 강남구 논현동 236','37.5084556786535','127.035889645477',0),('CU 서초골드로즈점','1234','c','cs2','CU',0,'CU 서초골드로즈점','서울 서초구 서초동 1330-7','37.49297574292053','127.02835004322412',0),('CU 서초도씨에빛점','1234','c','cs2','CU',0,'CU 서초도씨에빛점','서울 서초구 서초동 1328-11','37.4947876087559','127.028596115509',0),('CU 서초어벤져스점','1234','c','cs2','CU',0,'CU 서초어벤져스점','서울 서초구 서초동 1330-14','37.4934901560686','127.028606928811',0),('CU 서초에피소드점','1234','c','cs2','CU',0,'CU 서초에피소드점','서울 서초구 서초동 1338-7','37.4899398665251','127.029901408014',0),('CU 서초오피스점','1234','c','cs2','CU',0,'CU 서초오피스점','서울 서초구 서초동 1428-13','37.4835591815132','127.02020242486',0),('CU 서초캐슬점','1234','c','cs2','CU',0,'CU 서초캐슬점','서울 서초구 서초동 1309-5','37.50168673336926','127.0240162520469',0),('CU 서초프라임점','1234','c','cs2','CU',0,'CU 서초프라임점','서울 서초구 서초동 1337-22','37.49147871415312','127.03018923643663',0),('CU 서초현대렉시온점','1234','c','cs2','CU',0,'CU 서초현대렉시온점','서울 서초구 서초동 1338-20','37.4901811499929','127.030629705987',0),('CU 아크로텔강남역점','1234','c','cs2','CU',0,'CU 아크로텔강남역점','서울 서초구 서초동 1337-2','37.491994425403','127.0288483443',0),('CU 역삼비엘점','1234','c','cs2','CU',0,'CU 역삼비엘점','서울 강남구 역삼동 832-16','37.4929444630436','127.030923708953',0),('CU 역삼센타점','1234','c','cs2','CU',0,'CU 역삼센타점','서울 강남구 역삼동 742-22','37.4959611400576','127.033825545228',0),('CU 역삼카이로스점','1234','c','cs2','CU',0,'CU 역삼카이로스점','서울 강남구 역삼동 837-2','37.49171981567807','127.03159827453865',0),('CU 역삼푸른점','1234','c','cs2','CU',0,'CU 역삼푸른점','서울 강남구 역삼동 837-8','37.4904510077449','127.032298806412',0),('CU 오벨리스크점','1234','c','cs2','CU',0,'CU 오벨리스크점','서울 서초구 서초동 1327-27','37.4952889027424','127.027180513573',0),('CU 학동역점','1234','c','cs2','CU',0,'CU 학동역점','서울 강남구 논현동 209','37.514446307521574','127.03332262274746',0),('GS25 강남본점','1234','c','cs2','GS25',0,'GS25 강남본점','서울 강남구 역삼동 825-1','37.4976707892101','127.028764582323',0),('GS25 강남사랑점','1234','c','cs2','GS25',0,'GS25 강남사랑점','서울 강남구 역삼동 749-5','37.49616429311888','127.03544386648818',0),('GS25 강남센타점','1234','c','cs2','GS25',0,'GS25 강남센타점','서울 서초구 서초동 1303-22','37.5038743482723','127.024148143505',0),('GS25 강남시티힐점','1234','c','cs2','GS25',0,'GS25 강남시티힐점','서울 강남구 역삼동 620-9','37.5009506448066','127.027960632182',0),('GS25 강남쌍용점','1234','c','cs2','GS25',0,'GS25 강남쌍용점','서울 강남구 역삼동 826-40','37.495672960107285','127.02996136600882',0),('GS25 강남태양점','1234','c','cs2','GS25',0,'GS25 강남태양점','서울 강남구 역삼동 812','37.5029655486786','127.026862108996',0),('GS25 논현동국점','1234','c','cs2','GS25',0,'GS25 논현동국점','서울 강남구 논현동 37-16','37.5146058225066','127.029811707976',0),('GS25 논현동부점','1234','c','cs2','GS25',0,'GS25 논현동부점','서울 강남구 논현동 220-18','37.511059459526315','127.03322836985721',0),('GS25 논현이편한점','1234','c','cs2','GS25',2.32,'GS25 논현이편한점','서울 강남구 논현동 195-1','37.50689710397848','127.0286991310271',25),('GS25 논현정노점','1234','c','cs2','GS25',0,'GS25 논현정노점','서울 강남구 논현동 176-11','37.5095416758275','127.031741510347',0),('GS25 논현진실점','1234','c','cs2','GS25',0,'GS25 논현진실점','서울 강남구 논현동 218-22','37.5116896606473','127.03496710767995',0),('GS25 논현평화점','1234','c','cs2','GS25',0,'GS25 논현평화점','서울 강남구 논현동 170-2','37.5083353926526','127.027501929448',0),('GS25 논현하니점','1234','c','cs2','GS25',2.8125,'GS25 논현하니점','서울 강남구 논현동 57-9','37.5137557680028','127.027788956431',16),('GS25 논현한영점','1234','c','cs2','GS25',2.71,'GS25 논현한영점','서울 강남구 논현동 229-26','37.5087805134374','127.034297312715',21),('GS25 도곡대박점','1234','c','cs2','GS25',0,'GS25 도곡대박점','서울 강남구 도곡동 553-1','37.4902953298488','127.034780735275',0),('GS25 반포2점','1234','c','cs2','GS25',0,'GS25 반포2점','서울 서초구 반포동 741','37.504482281498575','127.02069437587261',0),('GS25 반포타운점','1234','c','cs2','GS25',0,'GS25 반포타운점','서울 서초구 반포동 734-22','37.5060192793275','127.021353034559',0),('GS25 서초디오빌점','1234','c','cs2','GS25',0,'GS25 서초디오빌점','서울 서초구 서초동 1309-1','37.5020507249594','127.024088747968',0),('GS25 서초세인트점','1234','c','cs2','GS25',0,'GS25 서초세인트점','서울 서초구 서초동 1337-1','37.4922287521426','127.02858157058',0),('GS25 서초여신점','1234','o','cs2','GS25',4.48,'GS25 서초여신점','서울 서초구 서초동 1330-20','37.4943047203532','127.028383339059',25),('GS25 서초영동점','1234','c','cs2','GS25',0,'GS25 서초영동점','서울 서초구 서초동 1357','37.48844048026075','127.03033048467762',0),('GS25 서초점','1234','c','cs2','GS25',3.43,'GS25 서초점','서울 서초구 서초동 1332-7','37.4917358316135','127.02490863669',21),('GS25 서초청화점','1234','c','cs2','GS25',3.72,'GS25 서초청화점','서울 서초구 서초동 1339-7','37.489622513583','127.030674707473',25),('GS25 서초프라자점','1234','c','cs2','GS25',0,'GS25 서초프라자점','서울 서초구 서초동 1307-7','37.4992717264166','127.025499199963',0),('GS25 서초효성점','1234','c','cs2','GS25',0,'GS25 서초효성점','서울 서초구 서초동 1337-8','37.4913022807988','127.029540106301',0),('GS25 언주제일점','1234','c','cs2','GS25',4,'GS25 언주제일점','서울 강남구 논현동 193-39','37.507652999386444','127.03236955308671',2),('GS25 역삼2점','1234','c','cs2','GS25',0,'GS25 역삼2점','서울 강남구 역삼동 789-30','37.4940937562932','127.035520913678',0),('GS25 역삼대홍점','1234','c','cs2','GS25',0,'GS25 역삼대홍점','서울 강남구 역삼동 798-29','37.4924707448186','127.039306005264',0),('GS25 역삼명진점','1234','c','cs2','GS25',0,'GS25 역삼명진점','서울 강남구 역삼동 792-19','37.493441107121','127.03656998444',0),('GS25 역삼블루점','1234','c','cs2','GS25',0,'GS25 역삼블루점','서울 강남구 역삼동 796-26','37.49325118583355','127.03879529519024',0),('GS25 역삼성우점','1234','c','cs2','GS25',0,'GS25 역삼성우점','서울 강남구 역삼동 832-33','37.4924116747248','127.032023739935',0),('GS25 역삼쌍마점','1234','c','cs2','GS25',0,'GS25 역삼쌍마점','서울 강남구 역삼동 828-23','37.49777405302553','127.03351763744612',0),('GS25 역삼아워홈점','1234','c','cs2','GS25',0,'GS25 역삼아워홈점','서울 강남구 역삼동 830-28','37.4942570430873','127.031631006112',0),('GS25 역삼태극점','1234','c','cs2','GS25',0,'GS25 역삼태극점','서울 강남구 역삼동 826-37','37.495222257473024','127.03073693130702',0),('GS25 역삼하나점','1234','c','cs2','GS25',0,'GS25 역삼하나점','서울 강남구 역삼동 835-68','37.4928683623356','127.035601750131',0),('GS25 역삼흑룡점','1234','c','cs2','GS25',0,'GS25 역삼흑룡점','서울 강남구 역삼동 752-23','37.4948221438079','127.034254742398',0),('GS25 학동행복점','1234','c','cs2','GS25',0,'GS25 학동행복점','서울 강남구 논현동 215-3','37.513182587672254','127.0319149786598',0),('IBK기업은행 역삼중앙','1234','c','bk9','IBK기업은행',0,'IBK기업은행 역삼중앙','서울 강남구 역삼동 832-41','37.49321006664821','127.03165431124357',0),('IBK기업은행365 IBK강남역점365','1234','c','bk9','ATM',0,'IBK기업은행365 IBK강남역점365','서울 서초구 서초동 1307-21','37.49938339918472','127.02573898595644',0),('KB국민은행 강남중앙 365자동화점 ATM','1234','c','bk9','ATM',0,'KB국민은행 강남중앙 365자동화점 ATM','서울 강남구 역삼동 820-11','37.4987765476764','127.027830901464',0),('KB국민은행 삼성타운','1234','c','bk9','KB국민은행',3,'KB국민은행 삼성타운','서울 서초구 서초동 1321-20','37.49595858899522','127.02612455616706',19),('KB국민은행 신논현역 ATM','1234','c','bk9','ATM',0,'KB국민은행 신논현역 ATM','서울 강남구 논현동 165-1','37.5069026972958','127.023801901856',0),('KB국민은행 학동역(점)','1234','c','bk9','KB국민은행',0,'KB국민은행 학동역(점)','서울 강남구 논현동 129-1','37.51356768348264','127.03052615078629',0),('KB국민은행ATM 강남타운점','1234','c','bk9','ATM',0,'KB국민은행ATM 강남타운점','서울 강남구 역삼동 825-13','37.4974077959401','127.028348326041',0),('KB국민은행ATM 논현동점','1234','c','bk9','ATM',0,'KB국민은행ATM 논현동점','서울 강남구 논현동 237-10','37.5091183306265','127.037459837515',0),('N237카페앤베이커리','1234','c','ce7','디저트카페',0,'N237카페앤베이커리','서울 강남구 논현동 237','37.5093059514189','127.036785833501',0),('NH농협은행 역삼동지점','1234','c','bk9','NH농협은행',0,'NH농협은행 역삼동지점','서울 서초구 서초동 1329-2','37.49410186130947','127.02892944218573',0),('SC제일은행 강남역 ATM','1234','c','bk9','ATM',0,'SC제일은행 강남역 ATM','서울 강남구 역삼동 820-9','37.49894057964209','127.02762288038463',0),('Sh수협은행 서초동금융센터','1234','c','bk9','Sh수협은행',3.43,'Sh수협은행 서초동금융센터','서울 서초구 서초동 1329-4','37.49395675698003','127.02910126858443',14),('m','1234','c','fd6','제과,베이커리',0,'m','서울 서초구 서초동 1332-4','37.4918510909536','127.025236599226',0),('강남역 신분당선','1234','c','sw8','신분당선',0,'강남역 신분당선','서울 강남구 역삼동 858','37.4967771303817','127.028185245594',0),('갤러리&카페','1234','c','ce7','카페',0,'갤러리&카페','서울 서초구 서초동 1374','37.4960670677878','127.028474472975',0),('갤러리지아르체','1234','c','ce7','갤러리카페',0,'갤러리지아르체','서울 강남구 역삼동 858','37.49604002394749','127.02853100453001',0),('고메램 강남점','1234','c','fd6','육류,고기',3.17,'고메램 강남점','서울 서초구 서초동 1328-11','37.4948020182924','127.02862326063',24),('김영모과자점 서초본점','1234','c','fd6','김영모과자점',0,'김영모과자점 서초본점','서울 서초구 서초동 1335','37.488913243097066','127.02774809074698',0),('김충기꽃삼겹 강남점','1234','c','fd6','삼겹살',0,'김충기꽃삼겹 강남점','서울 강남구 역삼동 832-33','37.4924044678936','127.032019213731',0),('까사넬로','1234','c','ce7','카페',0,'까사넬로','서울 강남구 논현동 233-12','37.5084596371926','127.03470320344',0),('날웃게해','1234','c','ce7','테마카페',0,'날웃게해','서울 강남구 논현동 174-8','37.50983374054863','127.03121909145624',0),('노브랜드 강남역삼점','1234','c','mt1','노브랜드',3,'노브랜드 강남역삼점','서울 강남구 역삼동 832-6','37.49202454273762','127.03089279874023',11),('논현양꼬치','1234','c','fd6','양꼬치',1.5,'논현양꼬치','서울 강남구 논현동 138-22','37.5099215604026','127.025729031498',2),('논현역 신분당선','1234','c','sw8','신분당선',0,'논현역 신분당선','서울 강남구 논현동 280','37.5104125196351','127.021678898276',0),('농민백암순대 강남직영점','1234','c','fd6','순대',0,'농민백암순대 강남직영점','서울 강남구 역삼동 830-9','37.49491300989233','127.03150463098274',0),('농협은행 논현동금융센터 ATM','1234','c','bk9','ATM',0,'농협은행 논현동금융센터 ATM','서울 강남구 논현동 127-2','37.51283752518285','127.02829308205106',0),('누아주베이커리 강남점','1234','c','fd6','제과,베이커리',0,'누아주베이커리 강남점','서울 서초구 서초동 1337-17','37.4925790761632','127.029266959346',0),('대려도','1234','c','fd6','중국요리',3.28,'대려도','서울 강남구 역삼동 833','37.4935288570166','127.032268469419',25),('더스노우 논현점','1234','c','ce7','디저트카페',0,'더스노우 논현점','서울 강남구 논현동 185-1','37.507072415953274','127.02648582554274',0),('두껍삼 강남직영점','1234','c','fd6','육류,고기',3,'두껍삼 강남직영점','서울 서초구 서초동 1330-16','37.49380550796549','127.02860931069506',11),('두껍삼 역삼직영점','1234','c','fd6','삼겹살',0,'두껍삼 역삼직영점','서울 강남구 역삼동 823-12','37.49784565335923','127.0320000503937',0),('레이첼약국','1234','c','pm9','약국',0,'레이첼약국','서울 강남구 역삼동 808','37.5043462866887','127.025053064903',0),('롯데슈퍼프레시 논현점','1234','c','mt1','롯데슈퍼프레시',0,'롯데슈퍼프레시 논현점','서울 강남구 논현동 258','37.512952615393765','127.03866975955695',0),('마장동박현규','1234','c','fd6','한식',0,'마장동박현규','서울 강남구 논현동 122-25','37.510429989737595','127.02449296451073',0),('바나프레소 강남점','1234','c','ce7','바나프레소',0,'바나프레소 강남점','서울 강남구 역삼동 826-37','37.495088131532796','127.03025627694441',0),('반갑다하대포 강남점','1234','c','fd6','육류,고기',0,'반갑다하대포 강남점','서울 강남구 역삼동 831-40','37.4940084471385','127.031323322087',0),('반피차이','1234','c','fd6','태국음식',0,'반피차이','서울 강남구 논현동 145-12','37.5093740093798','127.024507322959',0),('버드나무집 서초본점','1234','c','fd6','육류,고기',2.92,'버드나무집 서초본점','서울 서초구 서초동 1340-5','37.48913764364786','127.0311629855974',13),('보물섬','1234','c','fd6','회',3.46,'보물섬','서울 강남구 논현동 181-5','37.5076328201728','127.026578766465',24),('복호두 강남역점','1234','c','fd6','복호두',0,'복호두 강남역점','서울 서초구 서초동 1319-13','37.496389745690124','127.02798267933413',0),('브레댄코 강남역점','1234','c','fd6','브레댄코',0,'브레댄코 강남역점','서울 서초구 서초동 1327-27','37.495260982191304','127.02713413964055',0),('삼성각','1234','o','fd6','중국요리',3.33,'삼성각','서울 서초구 서초동 1330-18','37.49402454243176','127.02823622824069',6),('서초민트약국','1234','c','pm9','약국',0,'서초민트약국','서울 서초구 서초동 1755-1','37.49185066104268','127.0271747445244',0),('세븐일레븐 논현한어울림점','1234','c','cs2','세븐일레븐',0,'세븐일레븐 논현한어울림점','서울 강남구 논현동 149-36','37.5099607062792','127.027923275029',0),('세븐일레븐 논현흥산점','1234','c','cs2','세븐일레븐',2,'세븐일레븐 논현흥산점','서울 강남구 논현동 125-8','37.5122602704311','127.027059985708',1),('세븐일레븐 논현힐탑점','1234','c','cs2','세븐일레븐',3.15,'세븐일레븐 논현힐탑점','서울 강남구 논현동 175-1','37.5105705407568','127.03204619999',20),('세븐일레븐 역삼태극점','1234','c','cs2','세븐일레븐',0,'세븐일레븐 역삼태극점','서울 강남구 역삼동 831-3','37.4946962383426','127.030080842338',0),('수협은행 학동역금융센터 ATM','1234','c','bk9','ATM',0,'수협은행 학동역금융센터 ATM','서울 강남구 논현동 207-1','37.51388637622434','127.03152617799975',0),('쉼스토리','1234','c','ce7','테마카페',0,'쉼스토리','서울 강남구 역삼동 831-35','37.49454553431844','127.03099334872962',0),('스마트온누리약국','1234','c','pm9','약국',0,'스마트온누리약국','서울 서초구 서초동 1330-20','37.49428759850495','127.0283946406799',0),('스카이저축은행 영업부','1234','c','bk9','저축은행',0,'스카이저축은행 영업부','서울 강남구 논현동 50-3','37.511527027448395','127.02186697825171',0),('스타벅스 강남비젼타워점','1234','c','ce7','스타벅스',0,'스타벅스 강남비젼타워점','서울 강남구 역삼동 826-26','37.49649026006633','127.0296167853337',0),('스타벅스 강남삼성타운점','1234','c','ce7','스타벅스',0,'스타벅스 강남삼성타운점','서울 서초구 서초동 1327-5','37.4955770987619','127.027723416171',0),('스타벅스 강남역신분당역사점','1234','c','ce7','스타벅스',0,'스타벅스 강남역신분당역사점','서울 강남구 역삼동 858','37.49701321401818','127.02810165133745',0),('스타벅스 강남우성점','1234','c','ce7','스타벅스',2.9,'스타벅스 강남우성점','서울 강남구 역삼동 832-3','37.492329129164','127.03071652243',10),('스타벅스 논현힐탑점','1234','c','ce7','스타벅스',0,'스타벅스 논현힐탑점','서울 강남구 논현동 216-5','37.5115021055498','127.032316923922',0),('스타벅스 서이초교사거리점','1234','c','ce7','스타벅스',0,'스타벅스 서이초교사거리점','서울 서초구 서초동 1332-4','37.4918510914366','127.025234337679',0),('스타벅스 서초우성사거리점','1234','c','ce7','스타벅스',3.05,'스타벅스 서초우성사거리점','서울 서초구 서초동 1329-7','37.4935368360249','127.029310303418',20),('스타벅스 서초파라곤점','1234','c','ce7','스타벅스',0,'스타벅스 서초파라곤점','서울 서초구 서초동 1327-29','37.4951194999284','127.027239254954',0),('스타벅스 언주역점','1234','c','ce7','스타벅스',0,'스타벅스 언주역점','서울 강남구 역삼동 652-2','37.507770715347','127.036540781248',0),('스타벅스 역삼초교사거리점','1234','c','ce7','스타벅스',0,'스타벅스 역삼초교사거리점','서울 강남구 역삼동 830-71','37.49408637124967','127.03302521915718',0),('스타벅스 학동역점','1234','c','ce7','스타벅스',0,'스타벅스 학동역점','서울 강남구 논현동 87-1','37.5145370872591','127.030820635653',0),('신논현역 신분당선','1234','c','sw8','신분당선',0,'신논현역 신분당선','서울 강남구 역삼동 858','37.5036164990854','127.024926154562',0),('신한은행 강남대로','1234','c','bk9','신한은행',0,'신한은행 강남대로','서울 서초구 서초동 1337-20','37.49207077610782','127.02979483369155',0),('아낙 본점','1234','c','fd6','호프,요리주점',3,'아낙 본점','서울 강남구 논현동 134-9','37.511493285785654','127.02804600147053',21),('아방궁','1234','c','fd6','중국요리',3,'아방궁','서울 강남구 역삼동 831-32','37.49442668934136','127.03065631760376',6),('알라프리마','1234','c','fd6','양식',2.75,'알라프리마','서울 강남구 논현동 42-6','37.51353812649945','127.0260266212748',4),('엔646','1234','c','ce7','카페',0,'엔646','서울 강남구 논현동 216-8','37.5113939528005','127.032434508369',1),('우리은행 365코너 강남역지점(점외)','1234','c','bk9','ATM',0,'우리은행 365코너 강남역지점(점외)','서울 서초구 서초동 1306-6','37.4998013625738','127.026209580987',0),('우리은행 365코너 논현동금융센터','1234','c','bk9','ATM',0,'우리은행 365코너 논현동금융센터','서울 강남구 논현동 211-14','37.5134231813595','127.03500524268',0),('우리은행 강남대로지점','1234','c','bk9','우리은행',0,'우리은행 강남대로지점','서울 강남구 역삼동 837-36','37.49067098365001','127.03181946079584',0),('우리은행 서초금융센터','1234','c','bk9','우리은행',0,'우리은행 서초금융센터','서울 서초구 서초동 1328-3','37.495658073165494','127.0282142266292',0),('웨인스베이글스 강남역점','1234','c','fd6','제과,베이커리',0,'웨인스베이글스 강남역점','서울 서초구 서초동 1337-2','37.49204673115474','127.02865387090172',0),('유안타저축은행 본점영업점','1234','c','bk9','저축은행',3.46,'유안타저축은행 본점영업점','서울 강남구 논현동 142','37.51057552114266','127.02211213976275',24),('육목원','1234','c','fd6','육류,고기',3.45,'육목원','서울 강남구 역삼동 832-3','37.49233184804576','127.03065546139364',11),('을밀대 강남점','1234','c','fd6','냉면',0,'을밀대 강남점','서울 강남구 역삼동 826-37','37.4952411777316','127.030740331534',0),('이디야커피랩','1234','c','ce7','이디야커피',0,'이디야커피랩','서울 강남구 논현동 221-17','37.51047297481296','127.032981540064',0),('이마트24 R강남역삼점','1234','c','cs2','이마트24',0,'이마트24 R강남역삼점','서울 강남구 역삼동 815-6','37.50060847220208','127.02706030392623',0),('이마트24 R논현TJ점','1234','c','cs2','이마트24',0,'이마트24 R논현TJ점','서울 강남구 논현동 153','37.5102015784988','127.030343811905',0),('이마트24 R논현스타점','1234','c','cs2','이마트24',0,'이마트24 R논현스타점','서울 강남구 논현동 167','37.5074666563815','127.024147038603',0),('이마트24 R역삼소나무점','1234','c','cs2','이마트24',2.79,'이마트24 R역삼소나무점','서울 강남구 역삼동 836-37','37.4910397329376','127.034195346209',19),('이마트24 강남더인피닛스퀘어점','1234','c','cs2','이마트24',0,'이마트24 강남더인피닛스퀘어점','서울 서초구 서초동 1303-6','37.5034492059445','127.023492056614',0),('이마트24 반포가온점','1234','c','cs2','이마트24',0,'이마트24 반포가온점','서울 서초구 반포동 734','37.5065923649027','127.021095330785',0),('이마트24 역삼서희점','1234','c','cs2','이마트24',0,'이마트24 역삼서희점','서울 강남구 역삼동 837-18','37.4913591186939','127.032679134772',0),('이마트에브리데이 래미안리더스원점','1234','c','mt1','이마트에브리데이',0,'이마트에브리데이 래미안리더스원점','서울 서초구 서초동 1755-1','37.4918056111992','127.027172466658',0),('이마트에브리데이 서초그랑자이점','1234','c','mt1','이마트에브리데이',0,'이마트에브리데이 서초그랑자이점','서울 서초구 서초동 1757-1','37.488913240440844','127.02775939803622',0),('이자카야찬 논현점','1234','c','fd6','일본식주점',3.13,'이자카야찬 논현점','서울 강남구 논현동 221-14','37.51023243659282','127.03287398442737',16),('일일향 강남3호점','1234','c','fd6','중국요리',2.96,'일일향 강남3호점','서울 서초구 서초동 1327-2','37.4957969888219','127.027533517545',24),('제이콥스라운지커피','1234','c','ce7','커피전문점',0,'제이콥스라운지커피','서울 강남구 논현동 215-5','37.51291505827906','127.03165923817447',0),('제일그랜드약국','1234','c','pm9','약국',0,'제일그랜드약국','서울 강남구 논현동 200','37.505062681233476','127.02459978430245',0),('조개사냥','1234','c','fd6','조개',2.68,'조개사냥','서울 강남구 논현동 166-7','37.5081629605082','127.024977431073',22),('조양관','1234','c','fd6','한정식',2.92,'조양관','서울 서초구 서초동 1327-29','37.4951807149732','127.027469965182',24),('지유가오카핫쵸메 7호점','1234','c','ce7','디저트카페',0,'지유가오카핫쵸메 7호점','서울 강남구 논현동 180-14','37.5074343147479','127.027813757172',1),('창고43 강남점','1234','c','fd6','육류,고기',2.94,'창고43 강남점','서울 강남구 역삼동 826-20','37.4952559571223','127.02931097525367',18),('청류벽','1234','c','fd6','국수',3,'청류벽','서울 서초구 서초동 1327-29','37.49490503104327','127.02736582882774',10),('커피스미스 본사점','1234','c','ce7','커피전문점',0,'커피스미스 본사점','서울 강남구 역삼동 828','37.4972950957926','127.032157004364',0),('커피스미스 신논현점','1234','c','ce7','커피전문점',0,'커피스미스 신논현점','서울 강남구 논현동 181-9','37.50746701488267','127.02666918838437',0),('커피씨 COFFEE C','1234','c','ce7','다방',0,'커피씨 COFFEE C','서울 강남구 논현동 212-2','37.51392358386344','127.0338200770768',0),('코리아세븐 세븐-강남중앙 ATM','1234','c','bk9','ATM',0,'코리아세븐 세븐-강남중앙 ATM','서울 서초구 서초동 1308-12','37.50083592221394','127.02527015739365',0),('코리아세븐 세븐-뉴강남센터 ATM','1234','c','bk9','ATM',0,'코리아세븐 세븐-뉴강남센터 ATM','서울 강남구 역삼동 817-11','37.49986318950721','127.02771029909144',0),('코리아세븐 세븐-역삼8호 ATM','1234','c','bk9','ATM',0,'코리아세븐 세븐-역삼8호 ATM','서울 강남구 역삼동 813-18','37.50192312180166','127.02670001323689',0),('투썸플레이스 강남대륭타워점','1234','c','ce7','투썸플레이스',0,'투썸플레이스 강남대륭타워점','서울 강남구 역삼동 826-20','37.49518747696192','127.02932564919725',0),('투썸플레이스 학동역점','1234','c','ce7','투썸플레이스',0,'투썸플레이스 학동역점','서울 강남구 논현동 215','37.51319533936126','127.0314014668514',0),('티엔미미 강남점','1234','c','fd6','중식',0,'티엔미미 강남점','서울 서초구 서초동 1332-4','37.4918510909536','127.025236599226',0),('파리바게뜨 강남서초점','1234','c','fd6','파리바게뜨',3.13,'파리바게뜨 강남서초점','서울 서초구 서초동 1337-32','37.4926033176967','127.029610727336',8),('파리크라상 서초래미안점','1234','c','fd6','파리크라상',0,'파리크라상 서초래미안점','서울 서초구 서초동 1331-2','37.4922651957484','127.026862799552',0),('폴바셋 서초본점','1234','c','ce7','폴바셋',2.4,'폴바셋 서초본점','서울 서초구 서초동 1331-2','37.49244091601668','127.0267576997391',5),('하나은행365 (하나)경륜논현점','1234','c','bk9','ATM',0,'하나은행365 (하나)경륜논현점','서울 강남구 논현동 58-12','37.5139103089655','127.02956711242',0),('하나은행365 강남역','1234','c','bk9','ATM',0,'하나은행365 강남역','서울 서초구 서초동 1318-2','37.4987750084605','127.026692107043',0),('하나은행365 거평빌딩(후문)','1234','c','bk9','ATM',0,'하나은행365 거평빌딩(후문)','서울 강남구 논현동 203','37.506107947484','127.028184229246',0),('하나은행365 이마트24R강남역삼점','1234','c','bk9','ATM',0,'하나은행365 이마트24R강남역삼점','서울 강남구 역삼동 815-6','37.5006715467605','127.027042232188',0),('하이테이블 차병원사거리점','1234','c','ce7','디저트카페',0,'하이테이블 차병원사거리점','서울 강남구 논현동 234-28','37.5075984750586','127.034020805285',0),('한성양갈비양꼬치 강남점','1234','c','fd6','양꼬치',0,'한성양갈비양꼬치 강남점','서울 강남구 역삼동 827-22','37.4954608868674','127.031260602341',0),('해피약국 강남역점','1234','c','pm9','약국',0,'해피약국 강남역점','서울 서초구 서초동 1328-7','37.495328250488456','127.02844026769681',0),('홈플러스익스프레스 학동역점','1234','c','mt1','홈플러스익스프레스',0,'홈플러스익스프레스 학동역점','서울 강남구 논현동 129','37.5135533395888','127.030245631984',0),('휴가','1234','c','ce7','갤러리카페',0,'휴가','서울 강남구 논현동 153-1','37.5102754370007','127.030436588',0);
/*!40000 ALTER TABLE `company` ENABLE KEYS */;
UNLOCK TABLES;

--
-- Table structure for table `favorite`
--

DROP TABLE IF EXISTS `favorite`;
/*!40101 SET @saved_cs_client     = @@character_set_client */;
/*!50503 SET character_set_client = utf8mb4 */;
CREATE TABLE `favorite` (
  `id` int NOT NULL AUTO_INCREMENT,
  `cmp_name` varchar(20) CHARACTER SET utf8mb3 COLLATE utf8mb3_bin NOT NULL,
  `uid` varchar(20) COLLATE utf8mb3_bin DEFAULT NULL,
  PRIMARY KEY (`id`),
  KEY `favorite_ibfk_2_idx` (`cmp_name`),
  KEY `favorite_ibfk_1` (`uid`),
  CONSTRAINT `favorite_ibfk_1` FOREIGN KEY (`uid`) REFERENCES `user_info` (`user_id`) ON DELETE CASCADE ON UPDATE CASCADE,
  CONSTRAINT `favorite_ibfk_2` FOREIGN KEY (`cmp_name`) REFERENCES `company` (`cmp_name`) ON DELETE CASCADE ON UPDATE CASCADE
) ENGINE=InnoDB AUTO_INCREMENT=21 DEFAULT CHARSET=utf8mb3 COLLATE=utf8mb3_bin;
/*!40101 SET character_set_client = @saved_cs_client */;

--
-- Dumping data for table `favorite`
--

LOCK TABLES `favorite` WRITE;
/*!40000 ALTER TABLE `favorite` DISABLE KEYS */;
INSERT INTO `favorite` VALUES (8,'GS25 서초여신점','anon011'),(13,'스타벅스 강남우성점','anon011'),(14,'노브랜드 강남역삼점','anon011'),(15,'삼성각','anon011'),(16,'GS25 서초여신점','sha128'),(17,'GS25 서초여신점','mystie23'),(19,'이마트24 R강남역삼점','anon011'),(20,'신논현역 신분당선','anon011');
/*!40000 ALTER TABLE `favorite` ENABLE KEYS */;
UNLOCK TABLES;

--
-- Table structure for table `order_detail`
--

DROP TABLE IF EXISTS `order_detail`;
/*!40101 SET @saved_cs_client     = @@character_set_client */;
/*!50503 SET character_set_client = utf8mb4 */;
CREATE TABLE `order_detail` (
  `od_id` int NOT NULL AUTO_INCREMENT,
  `order_id` int DEFAULT NULL,
  `product_name` varchar(255) COLLATE utf8mb3_bin DEFAULT NULL,
  `product_price` int NOT NULL,
  `product_count` int NOT NULL DEFAULT '1',
  PRIMARY KEY (`od_id`),
  KEY `order_detail_ibfk1_idx` (`order_id`),
  CONSTRAINT `order_detail_ibfk1` FOREIGN KEY (`order_id`) REFERENCES `order_info` (`order_id`) ON DELETE CASCADE ON UPDATE CASCADE
) ENGINE=InnoDB AUTO_INCREMENT=35 DEFAULT CHARSET=utf8mb3 COLLATE=utf8mb3_bin;
/*!40101 SET character_set_client = @saved_cs_client */;

--
-- Dumping data for table `order_detail`
--

LOCK TABLES `order_detail` WRITE;
/*!40000 ALTER TABLE `order_detail` DISABLE KEYS */;
INSERT INTO `order_detail` VALUES (9,28,'레쓰비마일드500',1500,1),(10,28,'비타500',1000,1),(11,29,'참치마요 삼각김밥',1300,1),(12,30,'포켓몬빵 랜덤',2000,1),(13,31,'짜장면',4000,2),(14,32,'카페라떼',5000,1),(15,33,'국내산 삼겹살 구이용',1750,6),(16,33,'노브랜드 국산콩두부',1000,1),(17,33,'농심 신라면 5개',3000,1),(18,34,'레쓰비마일드500',1500,4),(19,35,'레쓰비마일드500',1500,2),(20,35,'비타500',1000,1),(21,36,'레쓰비마일드500',1500,1),(22,37,'레쓰비마일드500',1500,1),(23,38,'이어폰',10000,1),(24,39,'레쓰비마일드500',1500,1),(25,39,'진라면 순한맛 컵(소)',1300,1),(26,40,'레쓰비마일드500',1500,1),(27,41,'비타500',1000,2),(28,41,'통새우버거',3000,1),(29,42,'레쓰비마일드500',1500,3),(30,43,'포켓몬빵 랜덤',2000,2),(31,44,'8-PIN 충전기',20000,1),(32,44,'접이식 우산',5000,1),(33,44,'진라면 순한맛 컵(소)',1300,1),(34,44,'비타500',1000,1);
/*!40000 ALTER TABLE `order_detail` ENABLE KEYS */;
UNLOCK TABLES;

--
-- Table structure for table `order_info`
--

DROP TABLE IF EXISTS `order_info`;
/*!40101 SET @saved_cs_client     = @@character_set_client */;
/*!50503 SET character_set_client = utf8mb4 */;
CREATE TABLE `order_info` (
  `order_id` int NOT NULL AUTO_INCREMENT,
  `user_id` varchar(20) CHARACTER SET utf8mb3 COLLATE utf8mb3_bin DEFAULT NULL,
  `cmp_name` varchar(20) CHARACTER SET utf8mb3 COLLATE utf8mb3_bin NOT NULL,
  `order_price` int NOT NULL DEFAULT '0',
  `order_state` int NOT NULL DEFAULT '0',
  `ORDER_DATE` datetime NOT NULL DEFAULT CURRENT_TIMESTAMP,
  `order_type` int DEFAULT '0',
  PRIMARY KEY (`order_id`),
  KEY `order_info_ibfk_2_idx` (`cmp_name`),
  KEY `order_info_ibfk_1` (`user_id`),
  CONSTRAINT `order_info_ibfk_1` FOREIGN KEY (`user_id`) REFERENCES `user_info` (`user_id`) ON UPDATE CASCADE,
  CONSTRAINT `order_info_ibfk_2` FOREIGN KEY (`cmp_name`) REFERENCES `company` (`cmp_name`) ON UPDATE CASCADE
) ENGINE=InnoDB AUTO_INCREMENT=45 DEFAULT CHARSET=utf8mb3 COLLATE=utf8mb3_bin;
/*!40101 SET character_set_client = @saved_cs_client */;

--
-- Dumping data for table `order_info`
--

LOCK TABLES `order_info` WRITE;
/*!40000 ALTER TABLE `order_info` DISABLE KEYS */;
INSERT INTO `order_info` VALUES (28,'anon011','GS25 서초여신점',5500,2,'2024-07-29 02:24:48',0),(30,'eleven11','GS25 서초여신점',5000,2,'2024-07-29 02:28:01',0),(34,'anon011','GS25 서초여신점',9000,2,'2024-07-29 05:08:40',0),(38,'anon011','GS25 서초여신점',13000,0,'2024-07-30 02:10:50',0),(39,'anon011','GS25 서초여신점',5800,1,'2024-07-30 08:10:10',0),(40,'anon011','GS25 서초여신점',4500,2,'2024-08-01 05:44:40',0),(41,'anon011','GS25 서초여신점',8000,1,'2024-08-05 06:47:55',0),(42,'mystie23','GS25 서초여신점',7500,2,'2024-08-07 03:31:33',0),(43,'instakill','GS25 서초여신점',7000,0,'2024-08-07 03:32:06',0),(44,'anon011','GS25 서초여신점',30300,2,'2024-08-07 07:26:50',0);
/*!40000 ALTER TABLE `order_info` ENABLE KEYS */;
UNLOCK TABLES;

--
-- Table structure for table `product`
--

DROP TABLE IF EXISTS `product`;
/*!40101 SET @saved_cs_client     = @@character_set_client */;
/*!50503 SET character_set_client = utf8mb4 */;
CREATE TABLE `product` (
  `product_id` int NOT NULL AUTO_INCREMENT,
  `product_name` varchar(255) COLLATE utf8mb3_bin DEFAULT NULL,
  `product_price` int DEFAULT '0',
  `product_img` varchar(255) COLLATE utf8mb3_bin DEFAULT 'product_cs.png',
  `product_count` int DEFAULT '0',
  `cmp_name` varchar(20) CHARACTER SET utf8mb3 COLLATE utf8mb3_bin NOT NULL,
  `create_date` datetime DEFAULT CURRENT_TIMESTAMP,
  PRIMARY KEY (`product_id`),
  KEY `cmpName_idx` (`cmp_name`),
  CONSTRAINT `cmpName` FOREIGN KEY (`cmp_name`) REFERENCES `company` (`cmp_name`)
) ENGINE=InnoDB AUTO_INCREMENT=2498 DEFAULT CHARSET=utf8mb3 COLLATE=utf8mb3_bin;
/*!40101 SET character_set_client = @saved_cs_client */;

--
-- Dumping data for table `product`
--

LOCK TABLES `product` WRITE;
/*!40000 ALTER TABLE `product` DISABLE KEYS */;
INSERT INTO `product` VALUES (2,'메로나',2000,'ice_cream.png',10,'GS25 서초여신점','2024-07-18 16:19:57'),(3,'통새우버거',3000,'hamburger.png',9,'GS25 서초여신점','2024-07-18 16:19:57'),(4,'포켓몬빵 랜덤',2000,'dessert.png',7,'GS25 서초여신점','2024-07-18 16:19:57'),(5,'진라면 순한맛 컵(소)',1300,'instant_fd.png',8,'GS25 서초여신점','2024-07-18 16:19:57'),(6,'접이식 우산',5000,'umbrella.png',9,'GS25 서초여신점','2024-07-18 16:19:57'),(9,'8-PIN 충전기',20000,'electronics.png',9,'GS25 서초여신점','2024-07-23 02:34:24'),(10,'C타입 고속충전기',13000,'electronics.png',10,'GS25 서초여신점','2024-07-23 02:34:29'),(11,'이어폰',10000,'electronics.png',99,'GS25 서초여신점','2024-07-23 02:37:18'),(12,'비타500',1000,'drinks.png',96,'GS25 서초여신점','2024-07-23 02:37:21'),(13,'상품1',1000,'product_ce.png',100,'502세컨즈카페 강남직영점','2024-07-25 02:24:36'),(14,'상품2',2000,'product_ce.png',100,'502세컨즈카페 강남직영점','2024-07-25 02:24:36'),(15,'상품3',3000,'product_ce.png',100,'502세컨즈카페 강남직영점','2024-07-25 02:24:36'),(16,'상품4',4000,'product_ce.png',100,'502세컨즈카페 강남직영점','2024-07-25 02:24:36'),(17,'상품5',5000,'product_ce.png',100,'502세컨즈카페 강남직영점','2024-07-25 02:24:36'),(18,'상품6',6000,'product_ce.png',100,'502세컨즈카페 강남직영점','2024-07-25 02:24:36'),(19,'상품7',7000,'product_ce.png',100,'502세컨즈카페 강남직영점','2024-07-25 02:24:36'),(20,'상품8',8000,'product_ce.png',100,'502세컨즈카페 강남직영점','2024-07-25 02:24:36'),(21,'상품9',9000,'product_ce.png',100,'502세컨즈카페 강남직영점','2024-07-25 02:24:36'),(22,'상품10',10000,'product_ce.png',100,'502세컨즈카페 강남직영점','2024-07-25 02:24:36'),(23,'상품11',11000,'product_ce.png',100,'502세컨즈카페 강남직영점','2024-07-25 02:24:36'),(24,'상품12',12000,'product_ce.png',100,'502세컨즈카페 강남직영점','2024-07-25 02:24:36'),(25,'상품13',13000,'product_ce.png',100,'502세컨즈카페 강남직영점','2024-07-25 02:24:36'),(26,'상품14',14000,'product_ce.png',100,'502세컨즈카페 강남직영점','2024-07-25 02:24:36'),(27,'상품15',15000,'product_ce.png',100,'502세컨즈카페 강남직영점','2024-07-25 02:24:36'),(28,'상품16',16000,'product_ce.png',100,'502세컨즈카페 강남직영점','2024-07-25 02:24:36'),(29,'상품17',17000,'product_ce.png',100,'502세컨즈카페 강남직영점','2024-07-25 02:24:36'),(30,'상품18',18000,'product_ce.png',100,'502세컨즈카페 강남직영점','2024-07-25 02:24:36'),(31,'상품19',19000,'product_ce.png',100,'502세컨즈카페 강남직영점','2024-07-25 02:24:36'),(32,'상품20',20000,'product_ce.png',100,'502세컨즈카페 강남직영점','2024-07-25 02:24:36'),(33,'상품21',21000,'product_ce.png',100,'502세컨즈카페 강남직영점','2024-07-25 02:24:36'),(34,'상품22',22000,'product_ce.png',100,'502세컨즈카페 강남직영점','2024-07-25 02:24:36'),(35,'상품23',23000,'product_ce.png',100,'502세컨즈카페 강남직영점','2024-07-25 02:24:36'),(36,'상품24',24000,'product_ce.png',100,'502세컨즈카페 강남직영점','2024-07-25 02:24:36'),(37,'상품25',25000,'product_ce.png',100,'502세컨즈카페 강남직영점','2024-07-25 02:24:36'),(38,'상품26',26000,'product_ce.png',100,'502세컨즈카페 강남직영점','2024-07-25 02:24:37'),(39,'상품27',27000,'product_ce.png',100,'502세컨즈카페 강남직영점','2024-07-25 02:24:37'),(40,'상품28',28000,'product_ce.png',100,'502세컨즈카페 강남직영점','2024-07-25 02:24:37'),(41,'상품29',29000,'product_ce.png',100,'502세컨즈카페 강남직영점','2024-07-25 02:24:37'),(42,'상품30',30000,'product_ce.png',100,'502세컨즈카페 강남직영점','2024-07-25 02:24:37'),(43,'상품31',31000,'product_ce.png',100,'502세컨즈카페 강남직영점','2024-07-25 02:24:37'),(44,'상품32',32000,'product_ce.png',100,'502세컨즈카페 강남직영점','2024-07-25 02:24:37'),(45,'상품33',33000,'product_ce.png',100,'502세컨즈카페 강남직영점','2024-07-25 02:24:37'),(46,'상품34',34000,'product_ce.png',100,'502세컨즈카페 강남직영점','2024-07-25 02:24:37'),(47,'상품35',35000,'product_ce.png',100,'502세컨즈카페 강남직영점','2024-07-25 02:24:37'),(48,'상품36',36000,'product_ce.png',100,'502세컨즈카페 강남직영점','2024-07-25 02:24:37'),(49,'상품37',37000,'product_ce.png',100,'502세컨즈카페 강남직영점','2024-07-25 02:24:37'),(50,'상품38',38000,'product_ce.png',100,'502세컨즈카페 강남직영점','2024-07-25 02:24:37'),(51,'상품39',39000,'product_ce.png',100,'502세컨즈카페 강남직영점','2024-07-25 02:24:37'),(52,'상품40',40000,'product_ce.png',100,'502세컨즈카페 강남직영점','2024-07-25 02:24:37'),(53,'상품1',1000,'product_mt.png',100,'홈플러스익스프레스 학동역점','2024-07-25 02:28:35'),(54,'상품2',2000,'product_mt.png',100,'홈플러스익스프레스 학동역점','2024-07-25 02:28:35'),(55,'상품3',3000,'product_mt.png',100,'홈플러스익스프레스 학동역점','2024-07-25 02:28:35'),(56,'상품4',4000,'product_mt.png',100,'홈플러스익스프레스 학동역점','2024-07-25 02:28:35'),(57,'상품5',5000,'product_mt.png',100,'홈플러스익스프레스 학동역점','2024-07-25 02:28:35'),(58,'상품6',6000,'product_mt.png',100,'홈플러스익스프레스 학동역점','2024-07-25 02:28:35'),(59,'상품7',7000,'product_mt.png',100,'홈플러스익스프레스 학동역점','2024-07-25 02:28:35'),(60,'상품8',8000,'product_mt.png',100,'홈플러스익스프레스 학동역점','2024-07-25 02:28:35'),(61,'상품9',9000,'product_mt.png',100,'홈플러스익스프레스 학동역점','2024-07-25 02:28:35'),(62,'상품10',10000,'product_mt.png',100,'홈플러스익스프레스 학동역점','2024-07-25 02:28:35'),(63,'상품11',11000,'product_mt.png',100,'홈플러스익스프레스 학동역점','2024-07-25 02:28:35'),(64,'상품12',12000,'product_mt.png',100,'홈플러스익스프레스 학동역점','2024-07-25 02:28:35'),(65,'상품13',13000,'product_mt.png',100,'홈플러스익스프레스 학동역점','2024-07-25 02:28:35'),(66,'상품14',14000,'product_mt.png',100,'홈플러스익스프레스 학동역점','2024-07-25 02:28:35'),(67,'상품15',15000,'product_mt.png',100,'홈플러스익스프레스 학동역점','2024-07-25 02:28:35'),(68,'상품16',16000,'product_mt.png',100,'홈플러스익스프레스 학동역점','2024-07-25 02:28:35'),(69,'상품17',17000,'product_mt.png',100,'홈플러스익스프레스 학동역점','2024-07-25 02:28:35'),(70,'상품18',18000,'product_mt.png',100,'홈플러스익스프레스 학동역점','2024-07-25 02:28:35'),(71,'상품19',19000,'product_mt.png',100,'홈플러스익스프레스 학동역점','2024-07-25 02:28:35'),(72,'상품20',20000,'product_mt.png',100,'홈플러스익스프레스 학동역점','2024-07-25 02:28:35'),(73,'상품21',21000,'product_mt.png',100,'홈플러스익스프레스 학동역점','2024-07-25 02:28:35'),(74,'상품22',22000,'product_mt.png',100,'홈플러스익스프레스 학동역점','2024-07-25 02:28:35'),(75,'상품23',23000,'product_mt.png',100,'홈플러스익스프레스 학동역점','2024-07-25 02:28:35'),(76,'상품24',24000,'product_mt.png',100,'홈플러스익스프레스 학동역점','2024-07-25 02:28:35'),(77,'상품25',25000,'product_mt.png',100,'홈플러스익스프레스 학동역점','2024-07-25 02:28:35'),(78,'상품26',26000,'product_mt.png',100,'홈플러스익스프레스 학동역점','2024-07-25 02:28:35'),(79,'상품27',27000,'product_mt.png',100,'홈플러스익스프레스 학동역점','2024-07-25 02:28:35'),(80,'상품28',28000,'product_mt.png',100,'홈플러스익스프레스 학동역점','2024-07-25 02:28:35'),(81,'상품29',29000,'product_mt.png',100,'홈플러스익스프레스 학동역점','2024-07-25 02:28:35'),(82,'상품30',30000,'product_mt.png',100,'홈플러스익스프레스 학동역점','2024-07-25 02:28:35'),(83,'상품31',31000,'product_mt.png',100,'홈플러스익스프레스 학동역점','2024-07-25 02:28:35'),(84,'상품32',32000,'product_mt.png',100,'홈플러스익스프레스 학동역점','2024-07-25 02:28:35'),(85,'상품33',33000,'product_mt.png',100,'홈플러스익스프레스 학동역점','2024-07-25 02:28:35'),(86,'상품34',34000,'product_mt.png',100,'홈플러스익스프레스 학동역점','2024-07-25 02:28:35'),(87,'상품35',35000,'product_mt.png',100,'홈플러스익스프레스 학동역점','2024-07-25 02:28:35'),(88,'상품36',36000,'product_mt.png',100,'홈플러스익스프레스 학동역점','2024-07-25 02:28:35'),(89,'상품37',37000,'product_mt.png',100,'홈플러스익스프레스 학동역점','2024-07-25 02:28:35'),(90,'상품38',38000,'product_mt.png',100,'홈플러스익스프레스 학동역점','2024-07-25 02:28:35'),(91,'상품39',39000,'product_mt.png',100,'홈플러스익스프레스 학동역점','2024-07-25 02:28:35'),(92,'상품40',40000,'product_mt.png',100,'홈플러스익스프레스 학동역점','2024-07-25 02:28:35'),(93,'상품1',1000,'product_ce.png',92,'1998','2024-07-25 02:28:52'),(94,'상품2',2000,'product_ce.png',99,'1998','2024-07-25 02:28:52'),(95,'상품3',3000,'product_ce.png',100,'1998','2024-07-25 02:28:52'),(96,'상품4',4000,'product_ce.png',100,'1998','2024-07-25 02:28:52'),(97,'상품5',5000,'product_ce.png',100,'1998','2024-07-25 02:28:52'),(98,'상품6',6000,'product_ce.png',100,'1998','2024-07-25 02:28:52'),(99,'상품7',7000,'product_ce.png',100,'1998','2024-07-25 02:28:52'),(100,'상품8',8000,'product_ce.png',100,'1998','2024-07-25 02:28:52'),(101,'상품9',9000,'product_ce.png',100,'1998','2024-07-25 02:28:52'),(102,'상품10',10000,'product_ce.png',100,'1998','2024-07-25 02:28:52'),(103,'상품11',11000,'product_ce.png',100,'1998','2024-07-25 02:28:52'),(104,'상품12',12000,'product_ce.png',100,'1998','2024-07-25 02:28:52'),(105,'상품13',13000,'product_ce.png',100,'1998','2024-07-25 02:28:52'),(106,'상품14',14000,'product_ce.png',100,'1998','2024-07-25 02:28:52'),(107,'상품15',15000,'product_ce.png',100,'1998','2024-07-25 02:28:52'),(108,'상품16',16000,'product_ce.png',100,'1998','2024-07-25 02:28:52'),(109,'상품17',17000,'product_ce.png',100,'1998','2024-07-25 02:28:52'),(110,'상품18',18000,'product_ce.png',100,'1998','2024-07-25 02:28:52'),(111,'상품19',19000,'product_ce.png',100,'1998','2024-07-25 02:28:52'),(112,'상품20',20000,'product_ce.png',100,'1998','2024-07-25 02:28:52'),(113,'상품21',21000,'product_ce.png',100,'1998','2024-07-25 02:28:52'),(114,'상품22',22000,'product_ce.png',100,'1998','2024-07-25 02:28:52'),(115,'상품23',23000,'product_ce.png',100,'1998','2024-07-25 02:28:52'),(116,'상품24',24000,'product_ce.png',100,'1998','2024-07-25 02:28:52'),(117,'상품25',25000,'product_ce.png',100,'1998','2024-07-25 02:28:52'),(118,'상품26',26000,'product_ce.png',100,'1998','2024-07-25 02:28:52'),(119,'상품27',27000,'product_ce.png',100,'1998','2024-07-25 02:28:52'),(120,'상품28',28000,'product_ce.png',100,'1998','2024-07-25 02:28:52'),(121,'상품29',29000,'product_ce.png',100,'1998','2024-07-25 02:28:52'),(122,'상품30',30000,'product_ce.png',100,'1998','2024-07-25 02:28:52'),(123,'상품31',31000,'product_ce.png',100,'1998','2024-07-25 02:28:52'),(124,'상품32',32000,'product_ce.png',100,'1998','2024-07-25 02:28:52'),(125,'상품33',33000,'product_ce.png',100,'1998','2024-07-25 02:28:52'),(126,'상품34',34000,'product_ce.png',100,'1998','2024-07-25 02:28:52'),(127,'상품35',35000,'product_ce.png',100,'1998','2024-07-25 02:28:52'),(128,'상품36',36000,'product_ce.png',100,'1998','2024-07-25 02:28:52'),(129,'상품37',37000,'product_ce.png',100,'1998','2024-07-25 02:28:52'),(130,'상품38',38000,'product_ce.png',100,'1998','2024-07-25 02:28:52'),(131,'상품39',39000,'product_ce.png',100,'1998','2024-07-25 02:28:52'),(132,'상품40',40000,'product_ce.png',100,'1998','2024-07-25 02:28:52'),(133,'상품1',1000,'product_fd.png',100,'마장동박현규','2024-07-25 02:30:14'),(134,'상품2',2000,'product_fd.png',100,'마장동박현규','2024-07-25 02:30:14'),(135,'상품3',3000,'product_fd.png',100,'마장동박현규','2024-07-25 02:30:14'),(136,'상품4',4000,'product_fd.png',100,'마장동박현규','2024-07-25 02:30:14'),(137,'상품5',5000,'product_fd.png',100,'마장동박현규','2024-07-25 02:30:14'),(138,'상품6',6000,'product_fd.png',100,'마장동박현규','2024-07-25 02:30:14'),(139,'상품7',7000,'product_fd.png',100,'마장동박현규','2024-07-25 02:30:14'),(140,'상품8',8000,'product_fd.png',100,'마장동박현규','2024-07-25 02:30:14'),(141,'상품9',9000,'product_fd.png',100,'마장동박현규','2024-07-25 02:30:14'),(142,'상품10',10000,'product_fd.png',100,'마장동박현규','2024-07-25 02:30:14'),(143,'상품11',11000,'product_fd.png',100,'마장동박현규','2024-07-25 02:30:14'),(144,'상품12',12000,'product_fd.png',100,'마장동박현규','2024-07-25 02:30:14'),(145,'상품13',13000,'product_fd.png',100,'마장동박현규','2024-07-25 02:30:14'),(146,'상품14',14000,'product_fd.png',100,'마장동박현규','2024-07-25 02:30:14'),(147,'상품15',15000,'product_fd.png',100,'마장동박현규','2024-07-25 02:30:14'),(148,'상품16',16000,'product_fd.png',100,'마장동박현규','2024-07-25 02:30:14'),(149,'상품17',17000,'product_fd.png',100,'마장동박현규','2024-07-25 02:30:14'),(150,'상품18',18000,'product_fd.png',100,'마장동박현규','2024-07-25 02:30:14'),(151,'상품19',19000,'product_fd.png',100,'마장동박현규','2024-07-25 02:30:14'),(152,'상품20',20000,'product_fd.png',100,'마장동박현규','2024-07-25 02:30:14'),(153,'상품21',21000,'product_fd.png',100,'마장동박현규','2024-07-25 02:30:14'),(154,'상품22',22000,'product_fd.png',100,'마장동박현규','2024-07-25 02:30:14'),(155,'상품23',23000,'product_fd.png',100,'마장동박현규','2024-07-25 02:30:14'),(156,'상품24',24000,'product_fd.png',100,'마장동박현규','2024-07-25 02:30:14'),(157,'상품25',25000,'product_fd.png',100,'마장동박현규','2024-07-25 02:30:14'),(158,'상품26',26000,'product_fd.png',100,'마장동박현규','2024-07-25 02:30:14'),(159,'상품27',27000,'product_fd.png',100,'마장동박현규','2024-07-25 02:30:14'),(160,'상품28',28000,'product_fd.png',100,'마장동박현규','2024-07-25 02:30:14'),(161,'상품29',29000,'product_fd.png',100,'마장동박현규','2024-07-25 02:30:14'),(162,'상품30',30000,'product_fd.png',100,'마장동박현규','2024-07-25 02:30:14'),(163,'상품31',31000,'product_fd.png',100,'마장동박현규','2024-07-25 02:30:14'),(164,'상품32',32000,'product_fd.png',100,'마장동박현규','2024-07-25 02:30:14'),(165,'상품33',33000,'product_fd.png',100,'마장동박현규','2024-07-25 02:30:14'),(166,'상품34',34000,'product_fd.png',100,'마장동박현규','2024-07-25 02:30:14'),(167,'상품35',35000,'product_fd.png',100,'마장동박현규','2024-07-25 02:30:14'),(168,'상품36',36000,'product_fd.png',100,'마장동박현규','2024-07-25 02:30:14'),(169,'상품37',37000,'product_fd.png',100,'마장동박현규','2024-07-25 02:30:14'),(170,'상품38',38000,'product_fd.png',100,'마장동박현규','2024-07-25 02:30:14'),(171,'상품39',39000,'product_fd.png',100,'마장동박현규','2024-07-25 02:30:14'),(172,'상품40',40000,'product_fd.png',100,'마장동박현규','2024-07-25 02:30:14'),(173,'상품0',0,'product_fd.png',100,'아낙 본점','2024-07-25 03:01:05'),(174,'상품1',1000,'product_fd.png',100,'아낙 본점','2024-07-25 03:01:05'),(175,'상품2',2000,'product_fd.png',100,'아낙 본점','2024-07-25 03:01:05'),(176,'상품3',3000,'product_fd.png',100,'아낙 본점','2024-07-25 03:01:05'),(177,'상품4',4000,'product_fd.png',100,'아낙 본점','2024-07-25 03:01:05'),(178,'상품5',5000,'product_fd.png',100,'아낙 본점','2024-07-25 03:01:05'),(179,'상품6',6000,'product_fd.png',100,'아낙 본점','2024-07-25 03:01:05'),(180,'상품7',7000,'product_fd.png',100,'아낙 본점','2024-07-25 03:01:05'),(181,'상품8',8000,'product_fd.png',100,'아낙 본점','2024-07-25 03:01:05'),(182,'상품9',9000,'product_fd.png',100,'아낙 본점','2024-07-25 03:01:05'),(183,'상품10',10000,'product_fd.png',100,'아낙 본점','2024-07-25 03:01:05'),(184,'상품11',11000,'product_fd.png',100,'아낙 본점','2024-07-25 03:01:05'),(185,'상품12',12000,'product_fd.png',100,'아낙 본점','2024-07-25 03:01:05'),(186,'상품13',13000,'product_fd.png',100,'아낙 본점','2024-07-25 03:01:05'),(187,'상품14',14000,'product_fd.png',100,'아낙 본점','2024-07-25 03:01:05'),(188,'상품15',15000,'product_fd.png',100,'아낙 본점','2024-07-25 03:01:05'),(189,'상품16',16000,'product_fd.png',100,'아낙 본점','2024-07-25 03:01:05'),(190,'상품17',17000,'product_fd.png',100,'아낙 본점','2024-07-25 03:01:05'),(191,'상품18',18000,'product_fd.png',100,'아낙 본점','2024-07-25 03:01:05'),(192,'상품19',19000,'product_fd.png',100,'아낙 본점','2024-07-25 03:01:05'),(193,'상품20',20000,'product_fd.png',100,'아낙 본점','2024-07-25 03:01:05'),(194,'상품21',21000,'product_fd.png',100,'아낙 본점','2024-07-25 03:01:05'),(195,'상품22',22000,'product_fd.png',100,'아낙 본점','2024-07-25 03:01:05'),(196,'상품0',0,'product_fd.png',100,'알라프리마','2024-07-25 03:04:22'),(197,'상품1',1000,'product_fd.png',100,'알라프리마','2024-07-25 03:04:22'),(198,'상품2',2000,'product_fd.png',100,'알라프리마','2024-07-25 03:04:22'),(199,'상품3',3000,'product_fd.png',100,'알라프리마','2024-07-25 03:04:22'),(200,'상품4',4000,'product_fd.png',100,'알라프리마','2024-07-25 03:04:22'),(201,'상품5',5000,'product_fd.png',100,'알라프리마','2024-07-25 03:04:22'),(202,'상품6',6000,'product_fd.png',100,'알라프리마','2024-07-25 03:04:22'),(203,'상품7',7000,'product_fd.png',100,'알라프리마','2024-07-25 03:04:22'),(204,'상품8',8000,'product_fd.png',100,'알라프리마','2024-07-25 03:04:22'),(205,'상품9',9000,'product_fd.png',100,'알라프리마','2024-07-25 03:04:22'),(206,'상품10',10000,'product_fd.png',100,'알라프리마','2024-07-25 03:04:22'),(207,'상품11',11000,'product_fd.png',100,'알라프리마','2024-07-25 03:04:22'),(208,'상품12',12000,'product_fd.png',100,'알라프리마','2024-07-25 03:04:22'),(209,'상품13',13000,'product_fd.png',100,'알라프리마','2024-07-25 03:04:22'),(210,'상품14',14000,'product_fd.png',100,'알라프리마','2024-07-25 03:04:22'),(211,'상품15',15000,'product_fd.png',100,'알라프리마','2024-07-25 03:04:22'),(212,'상품16',16000,'product_fd.png',100,'알라프리마','2024-07-25 03:04:22'),(213,'상품17',17000,'product_fd.png',100,'알라프리마','2024-07-25 03:04:22'),(214,'상품0',0,'product_ce.png',100,'지유가오카핫쵸메 7호점','2024-07-25 03:07:34'),(215,'상품1',1000,'product_ce.png',100,'지유가오카핫쵸메 7호점','2024-07-25 03:07:34'),(216,'상품2',2000,'product_ce.png',100,'지유가오카핫쵸메 7호점','2024-07-25 03:07:34'),(217,'상품3',3000,'product_ce.png',100,'지유가오카핫쵸메 7호점','2024-07-25 03:07:34'),(218,'상품4',4000,'product_ce.png',100,'지유가오카핫쵸메 7호점','2024-07-25 03:07:34'),(219,'상품5',5000,'product_ce.png',100,'지유가오카핫쵸메 7호점','2024-07-25 03:07:34'),(220,'상품6',6000,'product_ce.png',100,'지유가오카핫쵸메 7호점','2024-07-25 03:07:34'),(221,'상품7',7000,'product_ce.png',100,'지유가오카핫쵸메 7호점','2024-07-25 03:07:34'),(222,'상품8',8000,'product_ce.png',100,'지유가오카핫쵸메 7호점','2024-07-25 03:07:34'),(223,'상품9',9000,'product_ce.png',100,'지유가오카핫쵸메 7호점','2024-07-25 03:07:34'),(224,'상품10',10000,'product_ce.png',100,'지유가오카핫쵸메 7호점','2024-07-25 03:07:34'),(225,'상품11',11000,'product_ce.png',100,'지유가오카핫쵸메 7호점','2024-07-25 03:07:34'),(226,'상품12',12000,'product_ce.png',100,'지유가오카핫쵸메 7호점','2024-07-25 03:07:34'),(227,'상품13',13000,'product_ce.png',100,'지유가오카핫쵸메 7호점','2024-07-25 03:07:34'),(228,'상품14',14000,'product_ce.png',100,'지유가오카핫쵸메 7호점','2024-07-25 03:07:34'),(229,'상품15',15000,'product_ce.png',100,'지유가오카핫쵸메 7호점','2024-07-25 03:07:34'),(230,'상품16',16000,'product_ce.png',100,'지유가오카핫쵸메 7호점','2024-07-25 03:07:34'),(231,'상품17',17000,'product_ce.png',100,'지유가오카핫쵸메 7호점','2024-07-25 03:07:34'),(232,'상품18',18000,'product_ce.png',100,'지유가오카핫쵸메 7호점','2024-07-25 03:07:34'),(233,'상품19',19000,'product_ce.png',100,'지유가오카핫쵸메 7호점','2024-07-25 03:07:34'),(234,'상품20',20000,'product_ce.png',100,'지유가오카핫쵸메 7호점','2024-07-25 03:07:34'),(235,'상품21',21000,'product_ce.png',100,'지유가오카핫쵸메 7호점','2024-07-25 03:07:34'),(236,'상품22',22000,'product_ce.png',100,'지유가오카핫쵸메 7호점','2024-07-25 03:07:34'),(237,'상품23',23000,'product_ce.png',100,'지유가오카핫쵸메 7호점','2024-07-25 03:07:34'),(238,'상품24',24000,'product_ce.png',100,'지유가오카핫쵸메 7호점','2024-07-25 03:07:34'),(239,'상품25',25000,'product_ce.png',100,'지유가오카핫쵸메 7호점','2024-07-25 03:07:34'),(240,'상품26',26000,'product_ce.png',100,'지유가오카핫쵸메 7호점','2024-07-25 03:07:34'),(241,'상품0',0,'product_ce.png',100,'엔646','2024-07-25 03:10:16'),(242,'상품1',1000,'product_ce.png',100,'엔646','2024-07-25 03:10:16'),(243,'상품2',2000,'product_ce.png',100,'엔646','2024-07-25 03:10:16'),(244,'상품3',3000,'product_ce.png',100,'엔646','2024-07-25 03:10:16'),(245,'상품4',4000,'product_ce.png',100,'엔646','2024-07-25 03:10:16'),(246,'상품5',5000,'product_ce.png',100,'엔646','2024-07-25 03:10:16'),(247,'상품6',6000,'product_ce.png',100,'엔646','2024-07-25 03:10:16'),(248,'상품7',7000,'product_ce.png',100,'엔646','2024-07-25 03:10:16'),(249,'상품8',8000,'product_ce.png',100,'엔646','2024-07-25 03:10:16'),(250,'상품9',9000,'product_ce.png',100,'엔646','2024-07-25 03:10:16'),(251,'상품10',10000,'product_ce.png',100,'엔646','2024-07-25 03:10:16'),(252,'상품11',11000,'product_ce.png',100,'엔646','2024-07-25 03:10:16'),(253,'상품12',12000,'product_ce.png',100,'엔646','2024-07-25 03:10:16'),(254,'상품0',0,'product0.png',100,'날웃게해','2024-07-25 03:11:34'),(255,'상품1',1000,'product0.png',100,'날웃게해','2024-07-25 03:11:34'),(256,'상품2',2000,'product0.png',100,'날웃게해','2024-07-25 03:11:34'),(257,'상품3',3000,'product0.png',100,'날웃게해','2024-07-25 03:11:34'),(258,'상품4',4000,'product0.png',100,'날웃게해','2024-07-25 03:11:34'),(259,'상품5',5000,'product0.png',100,'날웃게해','2024-07-25 03:11:34'),(260,'상품6',6000,'product0.png',100,'날웃게해','2024-07-25 03:11:34'),(261,'상품7',7000,'product0.png',100,'날웃게해','2024-07-25 03:11:34'),(262,'상품8',8000,'product0.png',100,'날웃게해','2024-07-25 03:11:34'),(263,'상품9',9000,'product0.png',100,'날웃게해','2024-07-25 03:11:34'),(264,'상품10',10000,'product0.png',100,'날웃게해','2024-07-25 03:11:34'),(265,'상품11',11000,'product0.png',100,'날웃게해','2024-07-25 03:11:34'),(266,'상품12',12000,'product0.png',100,'날웃게해','2024-07-25 03:11:34'),(267,'상품13',13000,'product0.png',100,'날웃게해','2024-07-25 03:11:34'),(268,'상품14',14000,'product0.png',100,'날웃게해','2024-07-25 03:11:34'),(269,'상품15',15000,'product0.png',100,'날웃게해','2024-07-25 03:11:34'),(270,'상품16',16000,'product0.png',100,'날웃게해','2024-07-25 03:11:34'),(271,'상품17',17000,'product0.png',100,'날웃게해','2024-07-25 03:11:34'),(272,'상품18',18000,'product0.png',100,'날웃게해','2024-07-25 03:11:34'),(273,'상품19',19000,'product0.png',100,'날웃게해','2024-07-25 03:11:34'),(274,'상품20',20000,'product0.png',100,'날웃게해','2024-07-25 03:11:34'),(275,'상품21',21000,'product0.png',100,'날웃게해','2024-07-25 03:11:34'),(276,'상품22',22000,'product0.png',100,'날웃게해','2024-07-25 03:11:34'),(277,'상품23',23000,'product0.png',100,'날웃게해','2024-07-25 03:11:34'),(278,'상품24',24000,'product0.png',100,'날웃게해','2024-07-25 03:11:34'),(279,'상품25',25000,'product0.png',100,'날웃게해','2024-07-25 03:11:34'),(280,'상품0',0,'product0.png',100,'커피스미스 신논현점','2024-07-25 03:11:55'),(281,'상품1',1000,'product0.png',100,'커피스미스 신논현점','2024-07-25 03:11:55'),(282,'상품2',2000,'product0.png',100,'커피스미스 신논현점','2024-07-25 03:11:55'),(283,'상품3',3000,'product0.png',100,'커피스미스 신논현점','2024-07-25 03:11:55'),(284,'상품4',4000,'product0.png',100,'커피스미스 신논현점','2024-07-25 03:11:55'),(285,'상품5',5000,'product0.png',100,'커피스미스 신논현점','2024-07-25 03:11:55'),(286,'상품6',6000,'product0.png',100,'커피스미스 신논현점','2024-07-25 03:11:55'),(287,'상품7',7000,'product0.png',100,'커피스미스 신논현점','2024-07-25 03:11:55'),(288,'상품8',8000,'product0.png',100,'커피스미스 신논현점','2024-07-25 03:11:55'),(289,'상품9',9000,'product0.png',100,'커피스미스 신논현점','2024-07-25 03:11:55'),(290,'상품10',10000,'product0.png',100,'커피스미스 신논현점','2024-07-25 03:11:55'),(291,'상품11',11000,'product0.png',100,'커피스미스 신논현점','2024-07-25 03:11:55'),(292,'상품12',12000,'product0.png',100,'커피스미스 신논현점','2024-07-25 03:11:55'),(293,'상품13',13000,'product0.png',100,'커피스미스 신논현점','2024-07-25 03:11:55'),(294,'상품14',14000,'product0.png',100,'커피스미스 신논현점','2024-07-25 03:11:55'),(295,'상품15',15000,'product0.png',100,'커피스미스 신논현점','2024-07-25 03:11:55'),(296,'상품16',16000,'product0.png',100,'커피스미스 신논현점','2024-07-25 03:11:55'),(297,'상품17',17000,'product0.png',100,'커피스미스 신논현점','2024-07-25 03:11:55'),(298,'상품18',18000,'product0.png',100,'커피스미스 신논현점','2024-07-25 03:11:55'),(299,'상품19',19000,'product0.png',100,'커피스미스 신논현점','2024-07-25 03:11:55'),(300,'상품0',0,'product0.png',100,'휴가','2024-07-25 03:12:19'),(301,'상품1',1000,'product0.png',100,'휴가','2024-07-25 03:12:19'),(302,'상품2',2000,'product0.png',100,'휴가','2024-07-25 03:12:19'),(303,'상품3',3000,'product0.png',100,'휴가','2024-07-25 03:12:19'),(304,'상품4',4000,'product0.png',100,'휴가','2024-07-25 03:12:19'),(305,'상품5',5000,'product0.png',100,'휴가','2024-07-25 03:12:19'),(306,'상품6',6000,'product0.png',100,'휴가','2024-07-25 03:12:19'),(307,'상품7',7000,'product0.png',100,'휴가','2024-07-25 03:12:19'),(308,'상품8',8000,'product0.png',100,'휴가','2024-07-25 03:12:19'),(309,'상품9',9000,'product0.png',100,'휴가','2024-07-25 03:12:19'),(310,'상품10',10000,'product0.png',100,'휴가','2024-07-25 03:12:19'),(311,'상품11',11000,'product0.png',100,'휴가','2024-07-25 03:12:19'),(312,'상품12',12000,'product0.png',100,'휴가','2024-07-25 03:12:19'),(313,'상품13',13000,'product0.png',100,'휴가','2024-07-25 03:12:19'),(314,'상품14',14000,'product0.png',100,'휴가','2024-07-25 03:12:19'),(315,'상품15',15000,'product0.png',100,'휴가','2024-07-25 03:12:19'),(316,'상품16',16000,'product0.png',100,'휴가','2024-07-25 03:12:19'),(317,'상품17',17000,'product0.png',100,'휴가','2024-07-25 03:12:19'),(318,'상품18',18000,'product0.png',100,'휴가','2024-07-25 03:12:19'),(319,'상품19',19000,'product0.png',100,'휴가','2024-07-25 03:12:19'),(320,'상품20',20000,'product0.png',100,'휴가','2024-07-25 03:12:19'),(321,'상품21',21000,'product0.png',100,'휴가','2024-07-25 03:12:19'),(322,'상품22',22000,'product0.png',100,'휴가','2024-07-25 03:12:19'),(323,'상품23',23000,'product0.png',100,'휴가','2024-07-25 03:12:19'),(324,'상품24',24000,'product0.png',100,'휴가','2024-07-25 03:12:19'),(325,'상품25',25000,'product0.png',100,'휴가','2024-07-25 03:12:19'),(326,'상품0',0,'productcs.png',100,'세븐일레븐 논현한어울림점','2024-07-25 03:42:05'),(327,'상품1',1000,'productcs.png',100,'세븐일레븐 논현한어울림점','2024-07-25 03:42:05'),(328,'상품2',2000,'productcs.png',100,'세븐일레븐 논현한어울림점','2024-07-25 03:42:05'),(329,'상품3',3000,'productcs.png',100,'세븐일레븐 논현한어울림점','2024-07-25 03:42:05'),(330,'상품4',4000,'productcs.png',100,'세븐일레븐 논현한어울림점','2024-07-25 03:42:05'),(331,'상품5',5000,'productcs.png',100,'세븐일레븐 논현한어울림점','2024-07-25 03:42:05'),(332,'상품6',6000,'productcs.png',100,'세븐일레븐 논현한어울림점','2024-07-25 03:42:05'),(333,'상품7',7000,'productcs.png',100,'세븐일레븐 논현한어울림점','2024-07-25 03:42:05'),(334,'상품8',8000,'productcs.png',100,'세븐일레븐 논현한어울림점','2024-07-25 03:42:05'),(335,'상품9',9000,'productcs.png',100,'세븐일레븐 논현한어울림점','2024-07-25 03:42:05'),(336,'상품0',0,'product_cs.png',100,'세븐일레븐 논현흥산점','2024-07-25 03:42:42'),(337,'상품1',1000,'product_cs.png',100,'세븐일레븐 논현흥산점','2024-07-25 03:42:42'),(338,'상품2',2000,'product_cs.png',100,'세븐일레븐 논현흥산점','2024-07-25 03:42:42'),(339,'상품3',3000,'product_cs.png',100,'세븐일레븐 논현흥산점','2024-07-25 03:42:42'),(340,'상품4',4000,'product_cs.png',100,'세븐일레븐 논현흥산점','2024-07-25 03:42:42'),(341,'상품5',5000,'product_cs.png',100,'세븐일레븐 논현흥산점','2024-07-25 03:42:42'),(342,'상품6',6000,'product_cs.png',100,'세븐일레븐 논현흥산점','2024-07-25 03:42:42'),(343,'상품7',7000,'product_cs.png',100,'세븐일레븐 논현흥산점','2024-07-25 03:42:42'),(344,'상품8',8000,'product_cs.png',100,'세븐일레븐 논현흥산점','2024-07-25 03:42:42'),(345,'상품9',9000,'product_cs.png',100,'세븐일레븐 논현흥산점','2024-07-25 03:42:42'),(346,'상품10',10000,'product_cs.png',100,'세븐일레븐 논현흥산점','2024-07-25 03:42:42'),(347,'상품11',11000,'product_cs.png',100,'세븐일레븐 논현흥산점','2024-07-25 03:42:42'),(348,'상품12',12000,'product_cs.png',100,'세븐일레븐 논현흥산점','2024-07-25 03:42:42'),(349,'상품13',13000,'product_cs.png',100,'세븐일레븐 논현흥산점','2024-07-25 03:42:42'),(350,'상품14',14000,'product_cs.png',100,'세븐일레븐 논현흥산점','2024-07-25 03:42:42'),(351,'상품15',15000,'product_cs.png',100,'세븐일레븐 논현흥산점','2024-07-25 03:42:42'),(352,'상품16',16000,'product_cs.png',100,'세븐일레븐 논현흥산점','2024-07-25 03:42:42'),(353,'상품17',17000,'product_cs.png',100,'세븐일레븐 논현흥산점','2024-07-25 03:42:42'),(354,'상품18',18000,'product_cs.png',100,'세븐일레븐 논현흥산점','2024-07-25 03:42:42'),(355,'상품19',19000,'product_cs.png',100,'세븐일레븐 논현흥산점','2024-07-25 03:42:42'),(356,'상품20',20000,'product_cs.png',100,'세븐일레븐 논현흥산점','2024-07-25 03:42:42'),(357,'상품21',21000,'product_cs.png',100,'세븐일레븐 논현흥산점','2024-07-25 03:42:42'),(358,'상품22',22000,'product_cs.png',100,'세븐일레븐 논현흥산점','2024-07-25 03:42:42'),(359,'상품23',23000,'product_cs.png',100,'세븐일레븐 논현흥산점','2024-07-25 03:42:42'),(360,'상품24',24000,'product_cs.png',100,'세븐일레븐 논현흥산점','2024-07-25 03:42:42'),(361,'상품25',25000,'product_cs.png',100,'세븐일레븐 논현흥산점','2024-07-25 03:42:42'),(362,'상품26',26000,'product_cs.png',100,'세븐일레븐 논현흥산점','2024-07-25 03:42:42'),(363,'상품27',27000,'product_cs.png',100,'세븐일레븐 논현흥산점','2024-07-25 03:42:42'),(364,'상품28',28000,'product_cs.png',100,'세븐일레븐 논현흥산점','2024-07-25 03:42:42'),(365,'상품29',29000,'product_cs.png',100,'세븐일레븐 논현흥산점','2024-07-25 03:42:42'),(366,'상품30',30000,'product_cs.png',100,'세븐일레븐 논현흥산점','2024-07-25 03:42:42'),(367,'상품31',31000,'product_cs.png',100,'세븐일레븐 논현흥산점','2024-07-25 03:42:42'),(368,'상품32',32000,'product_cs.png',100,'세븐일레븐 논현흥산점','2024-07-25 03:42:42'),(369,'상품33',33000,'product_cs.png',100,'세븐일레븐 논현흥산점','2024-07-25 03:42:42'),(370,'상품34',34000,'product_cs.png',100,'세븐일레븐 논현흥산점','2024-07-25 03:42:42'),(371,'상품0',0,'productce.png',100,'더스노우 논현점','2024-07-25 03:44:00'),(372,'상품1',1000,'productce.png',100,'더스노우 논현점','2024-07-25 03:44:00'),(373,'상품2',2000,'productce.png',100,'더스노우 논현점','2024-07-25 03:44:00'),(374,'상품3',3000,'productce.png',100,'더스노우 논현점','2024-07-25 03:44:00'),(375,'상품4',4000,'productce.png',100,'더스노우 논현점','2024-07-25 03:44:00'),(376,'상품5',5000,'productce.png',100,'더스노우 논현점','2024-07-25 03:44:00'),(377,'상품6',6000,'productce.png',100,'더스노우 논현점','2024-07-25 03:44:00'),(378,'상품7',7000,'productce.png',100,'더스노우 논현점','2024-07-25 03:44:00'),(379,'상품8',8000,'productce.png',100,'더스노우 논현점','2024-07-25 03:44:00'),(380,'상품9',9000,'productce.png',100,'더스노우 논현점','2024-07-25 03:44:00'),(381,'상품10',10000,'productce.png',100,'더스노우 논현점','2024-07-25 03:44:00'),(382,'상품11',11000,'productce.png',100,'더스노우 논현점','2024-07-25 03:44:00'),(383,'상품12',12000,'productce.png',100,'더스노우 논현점','2024-07-25 03:44:00'),(384,'상품13',13000,'productce.png',100,'더스노우 논현점','2024-07-25 03:44:00'),(385,'상품14',14000,'productce.png',100,'더스노우 논현점','2024-07-25 03:44:00'),(386,'상품15',15000,'productce.png',100,'더스노우 논현점','2024-07-25 03:44:00'),(387,'상품16',16000,'productce.png',100,'더스노우 논현점','2024-07-25 03:44:00'),(388,'상품17',17000,'productce.png',100,'더스노우 논현점','2024-07-25 03:44:00'),(389,'상품18',18000,'productce.png',100,'더스노우 논현점','2024-07-25 03:44:00'),(390,'상품19',19000,'productce.png',100,'더스노우 논현점','2024-07-25 03:44:00'),(391,'상품20',20000,'productce.png',100,'더스노우 논현점','2024-07-25 03:44:00'),(392,'상품21',21000,'productce.png',100,'더스노우 논현점','2024-07-25 03:44:00'),(393,'상품22',22000,'productce.png',100,'더스노우 논현점','2024-07-25 03:44:00'),(394,'상품23',23000,'productce.png',100,'더스노우 논현점','2024-07-25 03:44:00'),(395,'상품24',24000,'productce.png',100,'더스노우 논현점','2024-07-25 03:44:00'),(396,'상품25',25000,'productce.png',100,'더스노우 논현점','2024-07-25 03:44:00'),(397,'상품26',26000,'productce.png',100,'더스노우 논현점','2024-07-25 03:44:00'),(398,'상품27',27000,'productce.png',100,'더스노우 논현점','2024-07-25 03:44:00'),(399,'상품28',28000,'productce.png',100,'더스노우 논현점','2024-07-25 03:44:00'),(400,'상품0',0,'product_cs.png',100,'GS25 학동행복점','2024-07-25 03:45:12'),(401,'상품1',1000,'product_cs.png',100,'GS25 학동행복점','2024-07-25 03:45:12'),(402,'상품2',2000,'product_cs.png',100,'GS25 학동행복점','2024-07-25 03:45:12'),(403,'상품3',3000,'product_cs.png',100,'GS25 학동행복점','2024-07-25 03:45:12'),(404,'상품4',4000,'product_cs.png',100,'GS25 학동행복점','2024-07-25 03:45:12'),(405,'상품5',5000,'product_cs.png',100,'GS25 학동행복점','2024-07-25 03:45:12'),(406,'상품6',6000,'product_cs.png',100,'GS25 학동행복점','2024-07-25 03:45:13'),(407,'상품7',7000,'product_cs.png',100,'GS25 학동행복점','2024-07-25 03:45:13'),(408,'상품8',8000,'product_cs.png',100,'GS25 학동행복점','2024-07-25 03:45:13'),(409,'상품9',9000,'product_cs.png',100,'GS25 학동행복점','2024-07-25 03:45:13'),(410,'상품10',10000,'product_cs.png',100,'GS25 학동행복점','2024-07-25 03:45:13'),(411,'상품11',11000,'product_cs.png',100,'GS25 학동행복점','2024-07-25 03:45:13'),(412,'상품12',12000,'product_cs.png',100,'GS25 학동행복점','2024-07-25 03:45:13'),(413,'상품13',13000,'product_cs.png',100,'GS25 학동행복점','2024-07-25 03:45:13'),(414,'상품14',14000,'product_cs.png',100,'GS25 학동행복점','2024-07-25 03:45:13'),(415,'상품15',15000,'product_cs.png',100,'GS25 학동행복점','2024-07-25 03:45:13'),(416,'상품16',16000,'product_cs.png',100,'GS25 학동행복점','2024-07-25 03:45:13'),(417,'상품17',17000,'product_cs.png',100,'GS25 학동행복점','2024-07-25 03:45:13'),(418,'상품18',18000,'product_cs.png',100,'GS25 학동행복점','2024-07-25 03:45:13'),(419,'상품19',19000,'product_cs.png',100,'GS25 학동행복점','2024-07-25 03:45:13'),(420,'상품20',20000,'product_cs.png',100,'GS25 학동행복점','2024-07-25 03:45:13'),(421,'상품21',21000,'product_cs.png',100,'GS25 학동행복점','2024-07-25 03:45:13'),(422,'상품22',22000,'product_cs.png',100,'GS25 학동행복점','2024-07-25 03:45:13'),(423,'상품23',23000,'product_cs.png',100,'GS25 학동행복점','2024-07-25 03:45:13'),(424,'상품24',24000,'product_cs.png',100,'GS25 학동행복점','2024-07-25 03:45:13'),(425,'상품25',25000,'product_cs.png',100,'GS25 학동행복점','2024-07-25 03:45:13'),(426,'상품26',26000,'product_cs.png',100,'GS25 학동행복점','2024-07-25 03:45:13'),(427,'상품27',27000,'product_cs.png',100,'GS25 학동행복점','2024-07-25 03:45:13'),(428,'상품28',28000,'product_cs.png',100,'GS25 학동행복점','2024-07-25 03:45:13'),(429,'상품29',29000,'product_cs.png',100,'GS25 학동행복점','2024-07-25 03:45:13'),(430,'상품30',30000,'product_cs.png',100,'GS25 학동행복점','2024-07-25 03:45:13'),(431,'상품31',31000,'product_cs.png',100,'GS25 학동행복점','2024-07-25 03:45:13'),(432,'상품32',32000,'product_cs.png',100,'GS25 학동행복점','2024-07-25 03:45:13'),(433,'상품33',33000,'product_cs.png',100,'GS25 학동행복점','2024-07-25 03:45:13'),(434,'상품34',34000,'product_cs.png',100,'GS25 학동행복점','2024-07-25 03:45:13'),(435,'상품0',0,'product_cs.png',100,'세븐일레븐 논현힐탑점','2024-07-25 03:47:09'),(436,'상품1',1000,'product_cs.png',100,'세븐일레븐 논현힐탑점','2024-07-25 03:47:09'),(437,'상품2',2000,'product_cs.png',100,'세븐일레븐 논현힐탑점','2024-07-25 03:47:09'),(438,'상품3',3000,'product_cs.png',100,'세븐일레븐 논현힐탑점','2024-07-25 03:47:09'),(439,'상품4',4000,'product_cs.png',100,'세븐일레븐 논현힐탑점','2024-07-25 03:47:09'),(440,'상품5',5000,'product_cs.png',100,'세븐일레븐 논현힐탑점','2024-07-25 03:47:09'),(441,'상품6',6000,'product_cs.png',100,'세븐일레븐 논현힐탑점','2024-07-25 03:47:09'),(442,'상품7',7000,'product_cs.png',100,'세븐일레븐 논현힐탑점','2024-07-25 03:47:09'),(443,'상품8',8000,'product_cs.png',100,'세븐일레븐 논현힐탑점','2024-07-25 03:47:09'),(444,'상품9',9000,'product_cs.png',100,'세븐일레븐 논현힐탑점','2024-07-25 03:47:09'),(445,'상품10',10000,'product_cs.png',100,'세븐일레븐 논현힐탑점','2024-07-25 03:47:09'),(446,'상품11',11000,'product_cs.png',100,'세븐일레븐 논현힐탑점','2024-07-25 03:47:09'),(447,'상품12',12000,'product_cs.png',100,'세븐일레븐 논현힐탑점','2024-07-25 03:47:09'),(448,'상품13',13000,'product_cs.png',100,'세븐일레븐 논현힐탑점','2024-07-25 03:47:09'),(449,'상품14',14000,'product_cs.png',100,'세븐일레븐 논현힐탑점','2024-07-25 03:47:09'),(450,'상품15',15000,'product_cs.png',100,'세븐일레븐 논현힐탑점','2024-07-25 03:47:09'),(451,'상품16',16000,'product_cs.png',100,'세븐일레븐 논현힐탑점','2024-07-25 03:47:09'),(452,'상품17',17000,'product_cs.png',100,'세븐일레븐 논현힐탑점','2024-07-25 03:47:09'),(453,'상품0',0,'product_cs.png',100,'GS25 논현하니점','2024-07-25 03:51:46'),(454,'상품1',1000,'product_cs.png',100,'GS25 논현하니점','2024-07-25 03:51:46'),(455,'상품0',0,'product_cs.png',100,'GS25 논현이편한점','2024-07-25 03:51:49'),(456,'상품1',1000,'product_cs.png',100,'GS25 논현이편한점','2024-07-25 03:51:49'),(457,'상품0',0,'product_cs.png',100,'GS25 언주제일점','2024-07-25 03:51:51'),(458,'상품1',1000,'product_cs.png',100,'GS25 언주제일점','2024-07-25 03:51:51'),(459,'상품2',2000,'product_cs.png',100,'GS25 언주제일점','2024-07-25 03:51:51'),(460,'상품3',3000,'product_cs.png',100,'GS25 언주제일점','2024-07-25 03:51:51'),(461,'상품4',4000,'product_cs.png',100,'GS25 언주제일점','2024-07-25 03:51:51'),(462,'상품5',5000,'product_cs.png',100,'GS25 언주제일점','2024-07-25 03:51:51'),(463,'상품6',6000,'product_cs.png',100,'GS25 언주제일점','2024-07-25 03:51:51'),(464,'상품7',7000,'product_cs.png',100,'GS25 언주제일점','2024-07-25 03:51:51'),(465,'상품8',8000,'product_cs.png',100,'GS25 언주제일점','2024-07-25 03:51:51'),(466,'상품9',9000,'product_cs.png',100,'GS25 언주제일점','2024-07-25 03:51:51'),(467,'상품10',10000,'product_cs.png',100,'GS25 언주제일점','2024-07-25 03:51:51'),(468,'상품11',11000,'product_cs.png',100,'GS25 언주제일점','2024-07-25 03:51:51'),(469,'상품12',12000,'product_cs.png',100,'GS25 언주제일점','2024-07-25 03:51:51'),(470,'상품13',13000,'product_cs.png',100,'GS25 언주제일점','2024-07-25 03:51:51'),(471,'상품14',14000,'product_cs.png',100,'GS25 언주제일점','2024-07-25 03:51:51'),(472,'상품15',15000,'product_cs.png',100,'GS25 언주제일점','2024-07-25 03:51:51'),(473,'상품0',0,'product_cs.png',100,'GS25 논현한영점','2024-07-25 03:51:53'),(474,'상품1',1000,'product_cs.png',100,'GS25 논현한영점','2024-07-25 03:51:53'),(475,'상품2',2000,'product_cs.png',100,'GS25 논현한영점','2024-07-25 03:51:53'),(476,'상품3',3000,'product_cs.png',100,'GS25 논현한영점','2024-07-25 03:51:53'),(477,'상품4',4000,'product_cs.png',100,'GS25 논현한영점','2024-07-25 03:51:53'),(478,'상품5',5000,'product_cs.png',100,'GS25 논현한영점','2024-07-25 03:51:53'),(479,'상품6',6000,'product_cs.png',100,'GS25 논현한영점','2024-07-25 03:51:53'),(480,'상품7',7000,'product_cs.png',100,'GS25 논현한영점','2024-07-25 03:51:53'),(481,'상품8',8000,'product_cs.png',100,'GS25 논현한영점','2024-07-25 03:51:53'),(482,'상품9',9000,'product_cs.png',100,'GS25 논현한영점','2024-07-25 03:51:53'),(483,'상품10',10000,'product_cs.png',100,'GS25 논현한영점','2024-07-25 03:51:53'),(484,'상품11',11000,'product_cs.png',100,'GS25 논현한영점','2024-07-25 03:51:53'),(485,'상품12',12000,'product_cs.png',100,'GS25 논현한영점','2024-07-25 03:51:53'),(486,'상품13',13000,'product_cs.png',100,'GS25 논현한영점','2024-07-25 03:51:53'),(487,'상품14',14000,'product_cs.png',100,'GS25 논현한영점','2024-07-25 03:51:53'),(488,'상품15',15000,'product_cs.png',100,'GS25 논현한영점','2024-07-25 03:51:53'),(489,'상품16',16000,'product_cs.png',100,'GS25 논현한영점','2024-07-25 03:51:53'),(490,'상품17',17000,'product_cs.png',100,'GS25 논현한영점','2024-07-25 03:51:53'),(491,'상품18',18000,'product_cs.png',100,'GS25 논현한영점','2024-07-25 03:51:53'),(492,'상품19',19000,'product_cs.png',100,'GS25 논현한영점','2024-07-25 03:51:53'),(493,'상품20',20000,'product_cs.png',100,'GS25 논현한영점','2024-07-25 03:51:53'),(494,'상품21',21000,'product_cs.png',100,'GS25 논현한영점','2024-07-25 03:51:53'),(495,'상품22',22000,'product_cs.png',100,'GS25 논현한영점','2024-07-25 03:51:53'),(496,'상품23',23000,'product_cs.png',100,'GS25 논현한영점','2024-07-25 03:51:53'),(497,'상품24',24000,'product_cs.png',100,'GS25 논현한영점','2024-07-25 03:51:53'),(498,'상품25',25000,'product_cs.png',100,'GS25 논현한영점','2024-07-25 03:51:53'),(499,'상품26',26000,'product_cs.png',100,'GS25 논현한영점','2024-07-25 03:51:53'),(500,'상품27',27000,'product_cs.png',100,'GS25 논현한영점','2024-07-25 03:51:53'),(501,'상품28',28000,'product_cs.png',100,'GS25 논현한영점','2024-07-25 03:51:53'),(502,'상품29',29000,'product_cs.png',100,'GS25 논현한영점','2024-07-25 03:51:53'),(503,'상품30',30000,'product_cs.png',100,'GS25 논현한영점','2024-07-25 03:51:53'),(504,'상품31',31000,'product_cs.png',100,'GS25 논현한영점','2024-07-25 03:51:53'),(505,'상품32',32000,'product_cs.png',100,'GS25 논현한영점','2024-07-25 03:51:53'),(506,'상품0',0,'product_cs.png',100,'GS25 논현정노점','2024-07-25 03:51:55'),(507,'상품1',1000,'product_cs.png',100,'GS25 논현정노점','2024-07-25 03:51:55'),(508,'상품2',2000,'product_cs.png',100,'GS25 논현정노점','2024-07-25 03:51:55'),(509,'상품3',3000,'product_cs.png',100,'GS25 논현정노점','2024-07-25 03:51:55'),(510,'상품4',4000,'product_cs.png',100,'GS25 논현정노점','2024-07-25 03:51:55'),(511,'상품5',5000,'product_cs.png',100,'GS25 논현정노점','2024-07-25 03:51:55'),(512,'상품6',6000,'product_cs.png',100,'GS25 논현정노점','2024-07-25 03:51:55'),(513,'상품7',7000,'product_cs.png',100,'GS25 논현정노점','2024-07-25 03:51:55'),(514,'상품8',8000,'product_cs.png',100,'GS25 논현정노점','2024-07-25 03:51:55'),(515,'상품9',9000,'product_cs.png',100,'GS25 논현정노점','2024-07-25 03:51:55'),(516,'상품10',10000,'product_cs.png',100,'GS25 논현정노점','2024-07-25 03:51:55'),(517,'상품11',11000,'product_cs.png',100,'GS25 논현정노점','2024-07-25 03:51:55'),(518,'상품12',12000,'product_cs.png',100,'GS25 논현정노점','2024-07-25 03:51:55'),(519,'상품13',13000,'product_cs.png',100,'GS25 논현정노점','2024-07-25 03:51:55'),(520,'상품14',14000,'product_cs.png',100,'GS25 논현정노점','2024-07-25 03:51:55'),(521,'상품15',15000,'product_cs.png',100,'GS25 논현정노점','2024-07-25 03:51:55'),(522,'상품16',16000,'product_cs.png',100,'GS25 논현정노점','2024-07-25 03:51:55'),(523,'상품17',17000,'product_cs.png',100,'GS25 논현정노점','2024-07-25 03:51:55'),(524,'상품18',18000,'product_cs.png',100,'GS25 논현정노점','2024-07-25 03:51:55'),(525,'상품19',19000,'product_cs.png',100,'GS25 논현정노점','2024-07-25 03:51:55'),(526,'상품20',20000,'product_cs.png',100,'GS25 논현정노점','2024-07-25 03:51:55'),(527,'상품21',21000,'product_cs.png',100,'GS25 논현정노점','2024-07-25 03:51:55'),(528,'상품0',0,'product_fd.png',100,'보물섬','2024-07-25 04:05:14'),(529,'상품1',1000,'product_fd.png',100,'보물섬','2024-07-25 04:05:14'),(530,'상품2',2000,'product_fd.png',100,'보물섬','2024-07-25 04:05:14'),(531,'상품3',3000,'product_fd.png',100,'보물섬','2024-07-25 04:05:14'),(532,'상품4',4000,'product_fd.png',100,'보물섬','2024-07-25 04:05:14'),(533,'상품5',5000,'product_fd.png',100,'보물섬','2024-07-25 04:05:14'),(534,'상품6',6000,'product_fd.png',100,'보물섬','2024-07-25 04:05:14'),(535,'상품7',7000,'product_fd.png',100,'보물섬','2024-07-25 04:05:14'),(536,'상품8',8000,'product_fd.png',100,'보물섬','2024-07-25 04:05:14'),(537,'상품9',9000,'product_fd.png',100,'보물섬','2024-07-25 04:05:14'),(538,'상품10',10000,'product_fd.png',100,'보물섬','2024-07-25 04:05:14'),(539,'상품11',11000,'product_fd.png',100,'보물섬','2024-07-25 04:05:14'),(540,'상품12',12000,'product_fd.png',100,'보물섬','2024-07-25 04:05:14'),(541,'상품13',13000,'product_fd.png',100,'보물섬','2024-07-25 04:05:14'),(542,'상품14',14000,'product_fd.png',100,'보물섬','2024-07-25 04:05:14'),(543,'상품15',15000,'product_fd.png',100,'보물섬','2024-07-25 04:05:14'),(544,'상품16',16000,'product_fd.png',100,'보물섬','2024-07-25 04:05:14'),(545,'상품17',17000,'product_fd.png',100,'보물섬','2024-07-25 04:05:14'),(546,'상품18',18000,'product_fd.png',100,'보물섬','2024-07-25 04:05:14'),(547,'상품19',19000,'product_fd.png',100,'보물섬','2024-07-25 04:05:14'),(548,'상품20',20000,'product_fd.png',100,'보물섬','2024-07-25 04:05:14'),(549,'상품21',21000,'product_fd.png',100,'보물섬','2024-07-25 04:05:14'),(550,'상품22',22000,'product_fd.png',100,'보물섬','2024-07-25 04:05:14'),(551,'상품23',23000,'product_fd.png',100,'보물섬','2024-07-25 04:05:14'),(552,'상품24',24000,'product_fd.png',100,'보물섬','2024-07-25 04:05:14'),(553,'상품25',25000,'product_fd.png',100,'보물섬','2024-07-25 04:05:14'),(554,'상품0',0,'product_fd.png',100,'조개사냥','2024-07-25 04:05:16'),(555,'상품1',1000,'product_fd.png',100,'조개사냥','2024-07-25 04:05:16'),(556,'상품2',2000,'product_fd.png',100,'조개사냥','2024-07-25 04:05:16'),(557,'상품3',3000,'product_fd.png',100,'조개사냥','2024-07-25 04:05:16'),(558,'상품4',4000,'product_fd.png',100,'조개사냥','2024-07-25 04:05:16'),(559,'상품5',5000,'product_fd.png',100,'조개사냥','2024-07-25 04:05:16'),(560,'상품6',6000,'product_fd.png',100,'조개사냥','2024-07-25 04:05:16'),(561,'상품7',7000,'product_fd.png',100,'조개사냥','2024-07-25 04:05:16'),(562,'상품8',8000,'product_fd.png',100,'조개사냥','2024-07-25 04:05:16'),(563,'상품9',9000,'product_fd.png',100,'조개사냥','2024-07-25 04:05:16'),(564,'상품10',10000,'product_fd.png',100,'조개사냥','2024-07-25 04:05:16'),(565,'상품11',11000,'product_fd.png',100,'조개사냥','2024-07-25 04:05:16'),(566,'상품0',0,'product_fd.png',100,'논현양꼬치','2024-07-25 04:05:17'),(567,'상품1',1000,'product_fd.png',100,'논현양꼬치','2024-07-25 04:05:17'),(568,'상품2',2000,'product_fd.png',100,'논현양꼬치','2024-07-25 04:05:17'),(569,'상품3',3000,'product_fd.png',100,'논현양꼬치','2024-07-25 04:05:17'),(570,'상품4',4000,'product_fd.png',100,'논현양꼬치','2024-07-25 04:05:17'),(571,'상품5',5000,'product_fd.png',100,'논현양꼬치','2024-07-25 04:05:17'),(572,'상품6',6000,'product_fd.png',100,'논현양꼬치','2024-07-25 04:05:17'),(573,'상품7',7000,'product_fd.png',100,'논현양꼬치','2024-07-25 04:05:17'),(574,'상품8',8000,'product_fd.png',100,'논현양꼬치','2024-07-25 04:05:17'),(575,'상품9',9000,'product_fd.png',100,'논현양꼬치','2024-07-25 04:05:17'),(576,'상품10',10000,'product_fd.png',100,'논현양꼬치','2024-07-25 04:05:17'),(577,'상품11',11000,'product_fd.png',100,'논현양꼬치','2024-07-25 04:05:17'),(578,'상품12',12000,'product_fd.png',100,'논현양꼬치','2024-07-25 04:05:17'),(579,'상품13',13000,'product_fd.png',100,'논현양꼬치','2024-07-25 04:05:17'),(580,'상품14',14000,'product_fd.png',100,'논현양꼬치','2024-07-25 04:05:17'),(581,'상품0',0,'product_fd.png',100,'반피차이','2024-07-25 04:05:19'),(582,'상품1',1000,'product_fd.png',100,'반피차이','2024-07-25 04:05:19'),(583,'상품2',2000,'product_fd.png',100,'반피차이','2024-07-25 04:05:19'),(584,'상품3',3000,'product_fd.png',100,'반피차이','2024-07-25 04:05:19'),(585,'상품4',4000,'product_fd.png',100,'반피차이','2024-07-25 04:05:19'),(586,'상품5',5000,'product_fd.png',100,'반피차이','2024-07-25 04:05:19'),(587,'상품6',6000,'product_fd.png',100,'반피차이','2024-07-25 04:05:19'),(588,'상품7',7000,'product_fd.png',100,'반피차이','2024-07-25 04:05:19'),(589,'상품8',8000,'product_fd.png',100,'반피차이','2024-07-25 04:05:19'),(590,'상품9',9000,'product_fd.png',100,'반피차이','2024-07-25 04:05:19'),(591,'상품10',10000,'product_fd.png',100,'반피차이','2024-07-25 04:05:19'),(592,'상품11',11000,'product_fd.png',100,'반피차이','2024-07-25 04:05:19'),(593,'상품12',12000,'product_fd.png',100,'반피차이','2024-07-25 04:05:19'),(594,'상품13',13000,'product_fd.png',100,'반피차이','2024-07-25 04:05:19'),(595,'상품14',14000,'product_fd.png',100,'반피차이','2024-07-25 04:05:19'),(596,'상품15',15000,'product_fd.png',100,'반피차이','2024-07-25 04:05:19'),(597,'상품16',16000,'product_fd.png',100,'반피차이','2024-07-25 04:05:19'),(598,'상품17',17000,'product_fd.png',100,'반피차이','2024-07-25 04:05:19'),(599,'상품18',18000,'product_fd.png',100,'반피차이','2024-07-25 04:05:19'),(600,'상품19',19000,'product_fd.png',100,'반피차이','2024-07-25 04:05:19'),(601,'상품20',20000,'product_fd.png',100,'반피차이','2024-07-25 04:05:19'),(602,'상품21',21000,'product_fd.png',100,'반피차이','2024-07-25 04:05:19'),(603,'상품22',22000,'product_fd.png',100,'반피차이','2024-07-25 04:05:19'),(604,'상품23',23000,'product_fd.png',100,'반피차이','2024-07-25 04:05:19'),(605,'상품0',0,'product_fd.png',100,'이자카야찬 논현점','2024-07-25 04:05:37'),(606,'상품1',1000,'product_fd.png',100,'이자카야찬 논현점','2024-07-25 04:05:37'),(607,'상품2',2000,'product_fd.png',100,'이자카야찬 논현점','2024-07-25 04:05:37'),(608,'상품3',3000,'product_fd.png',100,'이자카야찬 논현점','2024-07-25 04:05:37'),(609,'상품4',4000,'product_fd.png',100,'이자카야찬 논현점','2024-07-25 04:05:37'),(610,'상품5',5000,'product_fd.png',100,'이자카야찬 논현점','2024-07-25 04:05:37'),(611,'상품6',6000,'product_fd.png',100,'이자카야찬 논현점','2024-07-25 04:05:37'),(612,'상품7',7000,'product_fd.png',100,'이자카야찬 논현점','2024-07-25 04:05:37'),(613,'상품8',8000,'product_fd.png',100,'이자카야찬 논현점','2024-07-25 04:05:37'),(614,'상품9',9000,'product_fd.png',100,'이자카야찬 논현점','2024-07-25 04:05:37'),(615,'상품10',10000,'product_fd.png',100,'이자카야찬 논현점','2024-07-25 04:05:37'),(616,'상품11',11000,'product_fd.png',100,'이자카야찬 논현점','2024-07-25 04:05:37'),(617,'상품12',12000,'product_fd.png',100,'이자카야찬 논현점','2024-07-25 04:05:37'),(618,'상품13',13000,'product_fd.png',100,'이자카야찬 논현점','2024-07-25 04:05:37'),(619,'상품14',14000,'product_fd.png',100,'이자카야찬 논현점','2024-07-25 04:05:37'),(620,'상품15',15000,'product_fd.png',100,'이자카야찬 논현점','2024-07-25 04:05:37'),(621,'상품16',16000,'product_fd.png',100,'이자카야찬 논현점','2024-07-25 04:05:37'),(622,'상품17',17000,'product_fd.png',100,'이자카야찬 논현점','2024-07-25 04:05:37'),(623,'상품18',18000,'product_fd.png',100,'이자카야찬 논현점','2024-07-25 04:05:37'),(624,'상품19',19000,'product_fd.png',100,'이자카야찬 논현점','2024-07-25 04:05:37'),(625,'상품20',20000,'product_fd.png',100,'이자카야찬 논현점','2024-07-25 04:05:37'),(626,'상품0',0,'product_cs.png',100,'이마트24 R논현TJ점','2024-07-25 04:17:42'),(627,'상품1',1000,'product_cs.png',100,'이마트24 R논현TJ점','2024-07-25 04:17:42'),(628,'상품2',2000,'product_cs.png',100,'이마트24 R논현TJ점','2024-07-25 04:17:42'),(629,'상품3',3000,'product_cs.png',100,'이마트24 R논현TJ점','2024-07-25 04:17:42'),(630,'상품4',4000,'product_cs.png',100,'이마트24 R논현TJ점','2024-07-25 04:17:42'),(631,'상품5',5000,'product_cs.png',100,'이마트24 R논현TJ점','2024-07-25 04:17:42'),(632,'상품6',6000,'product_cs.png',100,'이마트24 R논현TJ점','2024-07-25 04:17:42'),(633,'상품7',7000,'product_cs.png',100,'이마트24 R논현TJ점','2024-07-25 04:17:42'),(634,'상품8',8000,'product_cs.png',100,'이마트24 R논현TJ점','2024-07-25 04:17:42'),(635,'상품9',9000,'product_cs.png',100,'이마트24 R논현TJ점','2024-07-25 04:17:42'),(636,'상품10',10000,'product_cs.png',100,'이마트24 R논현TJ점','2024-07-25 04:17:42'),(637,'상품11',11000,'product_cs.png',100,'이마트24 R논현TJ점','2024-07-25 04:17:42'),(638,'상품12',12000,'product_cs.png',100,'이마트24 R논현TJ점','2024-07-25 04:17:42'),(639,'상품13',13000,'product_cs.png',100,'이마트24 R논현TJ점','2024-07-25 04:17:42'),(640,'상품14',14000,'product_cs.png',100,'이마트24 R논현TJ점','2024-07-25 04:17:42'),(641,'상품15',15000,'product_cs.png',100,'이마트24 R논현TJ점','2024-07-25 04:17:42'),(642,'상품16',16000,'product_cs.png',100,'이마트24 R논현TJ점','2024-07-25 04:17:42'),(643,'상품17',17000,'product_cs.png',100,'이마트24 R논현TJ점','2024-07-25 04:17:42'),(644,'상품18',18000,'product_cs.png',100,'이마트24 R논현TJ점','2024-07-25 04:17:42'),(645,'상품19',19000,'product_cs.png',100,'이마트24 R논현TJ점','2024-07-25 04:17:42'),(646,'상품20',20000,'product_cs.png',100,'이마트24 R논현TJ점','2024-07-25 04:17:42'),(647,'상품21',21000,'product_cs.png',100,'이마트24 R논현TJ점','2024-07-25 04:17:42'),(648,'상품22',22000,'product_cs.png',100,'이마트24 R논현TJ점','2024-07-25 04:17:42'),(649,'상품23',23000,'product_cs.png',100,'이마트24 R논현TJ점','2024-07-25 04:17:42'),(650,'상품24',24000,'product_cs.png',100,'이마트24 R논현TJ점','2024-07-25 04:17:42'),(651,'상품25',25000,'product_cs.png',100,'이마트24 R논현TJ점','2024-07-25 04:17:42'),(652,'상품26',26000,'product_cs.png',100,'이마트24 R논현TJ점','2024-07-25 04:17:42'),(653,'상품27',27000,'product_cs.png',100,'이마트24 R논현TJ점','2024-07-25 04:17:42'),(654,'상품28',28000,'product_cs.png',100,'이마트24 R논현TJ점','2024-07-25 04:17:42'),(655,'상품29',29000,'product_cs.png',100,'이마트24 R논현TJ점','2024-07-25 04:17:42'),(656,'상품30',30000,'product_cs.png',100,'이마트24 R논현TJ점','2024-07-25 04:17:42'),(657,'상품0',0,'product_fd.png',100,'복호두 강남역점','2024-07-26 08:15:49'),(658,'상품1',1000,'product_fd.png',100,'복호두 강남역점','2024-07-26 08:15:49'),(659,'상품2',2000,'product_fd.png',100,'복호두 강남역점','2024-07-26 08:15:49'),(660,'상품3',3000,'product_fd.png',100,'복호두 강남역점','2024-07-26 08:15:49'),(661,'상품4',4000,'product_fd.png',100,'복호두 강남역점','2024-07-26 08:15:49'),(662,'상품5',5000,'product_fd.png',100,'복호두 강남역점','2024-07-26 08:15:49'),(663,'상품6',6000,'product_fd.png',100,'복호두 강남역점','2024-07-26 08:15:49'),(664,'상품7',7000,'product_fd.png',100,'복호두 강남역점','2024-07-26 08:15:49'),(665,'상품8',8000,'product_fd.png',100,'복호두 강남역점','2024-07-26 08:15:49'),(666,'상품9',9000,'product_fd.png',100,'복호두 강남역점','2024-07-26 08:15:49'),(667,'상품10',10000,'product_fd.png',100,'복호두 강남역점','2024-07-26 08:15:49'),(668,'상품11',11000,'product_fd.png',100,'복호두 강남역점','2024-07-26 08:15:49'),(669,'상품12',12000,'product_fd.png',100,'복호두 강남역점','2024-07-26 08:15:49'),(670,'상품13',13000,'product_fd.png',100,'복호두 강남역점','2024-07-26 08:15:49'),(671,'상품0',0,'product_fd.png',100,'브레댄코 강남역점','2024-07-26 08:15:50'),(672,'상품1',1000,'product_fd.png',100,'브레댄코 강남역점','2024-07-26 08:15:50'),(673,'상품2',2000,'product_fd.png',100,'브레댄코 강남역점','2024-07-26 08:15:50'),(674,'상품3',3000,'product_fd.png',100,'브레댄코 강남역점','2024-07-26 08:15:50'),(675,'상품4',4000,'product_fd.png',100,'브레댄코 강남역점','2024-07-26 08:15:50'),(676,'상품5',5000,'product_fd.png',100,'브레댄코 강남역점','2024-07-26 08:15:50'),(677,'상품6',6000,'product_fd.png',100,'브레댄코 강남역점','2024-07-26 08:15:50'),(678,'상품7',7000,'product_fd.png',100,'브레댄코 강남역점','2024-07-26 08:15:50'),(679,'상품8',8000,'product_fd.png',100,'브레댄코 강남역점','2024-07-26 08:15:50'),(680,'상품9',9000,'product_fd.png',100,'브레댄코 강남역점','2024-07-26 08:15:50'),(681,'상품10',10000,'product_fd.png',100,'브레댄코 강남역점','2024-07-26 08:15:50'),(682,'상품11',11000,'product_fd.png',100,'브레댄코 강남역점','2024-07-26 08:15:50'),(683,'상품12',12000,'product_fd.png',100,'브레댄코 강남역점','2024-07-26 08:15:50'),(684,'상품13',13000,'product_fd.png',100,'브레댄코 강남역점','2024-07-26 08:15:50'),(685,'상품14',14000,'product_fd.png',100,'브레댄코 강남역점','2024-07-26 08:15:50'),(686,'상품15',15000,'product_fd.png',100,'브레댄코 강남역점','2024-07-26 08:15:50'),(687,'상품16',16000,'product_fd.png',100,'브레댄코 강남역점','2024-07-26 08:15:50'),(688,'상품17',17000,'product_fd.png',100,'브레댄코 강남역점','2024-07-26 08:15:50'),(689,'상품18',18000,'product_fd.png',100,'브레댄코 강남역점','2024-07-26 08:15:50'),(690,'상품19',19000,'product_fd.png',100,'브레댄코 강남역점','2024-07-26 08:15:50'),(691,'상품20',20000,'product_fd.png',100,'브레댄코 강남역점','2024-07-26 08:15:50'),(692,'상품0',0,'product_fd.png',100,'파리크라상 서초래미안점','2024-07-26 08:15:51'),(693,'상품1',1000,'product_fd.png',100,'파리크라상 서초래미안점','2024-07-26 08:15:51'),(694,'상품2',2000,'product_fd.png',100,'파리크라상 서초래미안점','2024-07-26 08:15:51'),(695,'상품3',3000,'product_fd.png',100,'파리크라상 서초래미안점','2024-07-26 08:15:51'),(696,'상품4',4000,'product_fd.png',100,'파리크라상 서초래미안점','2024-07-26 08:15:51'),(697,'상품5',5000,'product_fd.png',100,'파리크라상 서초래미안점','2024-07-26 08:15:51'),(698,'상품6',6000,'product_fd.png',100,'파리크라상 서초래미안점','2024-07-26 08:15:51'),(699,'상품7',7000,'product_fd.png',100,'파리크라상 서초래미안점','2024-07-26 08:15:51'),(700,'상품8',8000,'product_fd.png',100,'파리크라상 서초래미안점','2024-07-26 08:15:51'),(701,'상품9',9000,'product_fd.png',100,'파리크라상 서초래미안점','2024-07-26 08:15:51'),(702,'상품10',10000,'product_fd.png',100,'파리크라상 서초래미안점','2024-07-26 08:15:51'),(703,'상품11',11000,'product_fd.png',100,'파리크라상 서초래미안점','2024-07-26 08:15:51'),(704,'상품12',12000,'product_fd.png',100,'파리크라상 서초래미안점','2024-07-26 08:15:51'),(705,'상품13',13000,'product_fd.png',100,'파리크라상 서초래미안점','2024-07-26 08:15:51'),(706,'상품14',14000,'product_fd.png',100,'파리크라상 서초래미안점','2024-07-26 08:15:51'),(707,'상품15',15000,'product_fd.png',100,'파리크라상 서초래미안점','2024-07-26 08:15:51'),(708,'상품16',16000,'product_fd.png',100,'파리크라상 서초래미안점','2024-07-26 08:15:51'),(709,'상품17',17000,'product_fd.png',100,'파리크라상 서초래미안점','2024-07-26 08:15:51'),(710,'상품0',0,'product_fd.png',100,'m','2024-07-26 08:15:52'),(711,'상품1',1000,'product_fd.png',100,'m','2024-07-26 08:15:52'),(712,'상품2',2000,'product_fd.png',100,'m','2024-07-26 08:15:52'),(713,'상품3',3000,'product_fd.png',100,'m','2024-07-26 08:15:52'),(714,'상품4',4000,'product_fd.png',100,'m','2024-07-26 08:15:52'),(715,'상품5',5000,'product_fd.png',100,'m','2024-07-26 08:15:52'),(716,'상품6',6000,'product_fd.png',100,'m','2024-07-26 08:15:52'),(717,'상품7',7000,'product_fd.png',100,'m','2024-07-26 08:15:52'),(718,'상품8',8000,'product_fd.png',100,'m','2024-07-26 08:15:52'),(719,'상품0',0,'product_fd.png',100,'김영모과자점 서초본점','2024-07-26 08:15:53'),(720,'상품1',1000,'product_fd.png',100,'김영모과자점 서초본점','2024-07-26 08:15:53'),(721,'상품2',2000,'product_fd.png',100,'김영모과자점 서초본점','2024-07-26 08:15:53'),(722,'상품3',3000,'product_fd.png',100,'김영모과자점 서초본점','2024-07-26 08:15:53'),(723,'상품4',4000,'product_fd.png',100,'김영모과자점 서초본점','2024-07-26 08:15:53'),(724,'상품5',5000,'product_fd.png',100,'김영모과자점 서초본점','2024-07-26 08:15:53'),(725,'상품6',6000,'product_fd.png',100,'김영모과자점 서초본점','2024-07-26 08:15:53'),(726,'상품7',7000,'product_fd.png',100,'김영모과자점 서초본점','2024-07-26 08:15:53'),(727,'상품8',8000,'product_fd.png',100,'김영모과자점 서초본점','2024-07-26 08:15:53'),(728,'상품9',9000,'product_fd.png',100,'김영모과자점 서초본점','2024-07-26 08:15:53'),(729,'상품10',10000,'product_fd.png',100,'김영모과자점 서초본점','2024-07-26 08:15:53'),(730,'상품11',11000,'product_fd.png',100,'김영모과자점 서초본점','2024-07-26 08:15:53'),(731,'상품12',12000,'product_fd.png',100,'김영모과자점 서초본점','2024-07-26 08:15:53'),(732,'상품13',13000,'product_fd.png',100,'김영모과자점 서초본점','2024-07-26 08:15:53'),(733,'상품14',14000,'product_fd.png',100,'김영모과자점 서초본점','2024-07-26 08:15:53'),(734,'상품15',15000,'product_fd.png',100,'김영모과자점 서초본점','2024-07-26 08:15:53'),(735,'상품16',16000,'product_fd.png',100,'김영모과자점 서초본점','2024-07-26 08:15:53'),(736,'상품17',17000,'product_fd.png',100,'김영모과자점 서초본점','2024-07-26 08:15:54'),(737,'상품18',18000,'product_fd.png',100,'김영모과자점 서초본점','2024-07-26 08:15:54'),(738,'상품19',19000,'product_fd.png',100,'김영모과자점 서초본점','2024-07-26 08:15:54'),(739,'상품20',20000,'product_fd.png',100,'김영모과자점 서초본점','2024-07-26 08:15:54'),(740,'상품21',21000,'product_fd.png',100,'김영모과자점 서초본점','2024-07-26 08:15:54'),(741,'상품22',22000,'product_fd.png',100,'김영모과자점 서초본점','2024-07-26 08:15:54'),(742,'상품23',23000,'product_fd.png',100,'김영모과자점 서초본점','2024-07-26 08:15:54'),(743,'상품24',24000,'product_fd.png',100,'김영모과자점 서초본점','2024-07-26 08:15:54'),(744,'상품25',25000,'product_fd.png',100,'김영모과자점 서초본점','2024-07-26 08:15:54'),(745,'상품26',26000,'product_fd.png',100,'김영모과자점 서초본점','2024-07-26 08:15:54'),(746,'상품0',0,'product_fd.png',100,'웨인스베이글스 강남역점','2024-07-26 08:15:55'),(747,'상품1',1000,'product_fd.png',100,'웨인스베이글스 강남역점','2024-07-26 08:15:55'),(748,'상품2',2000,'product_fd.png',100,'웨인스베이글스 강남역점','2024-07-26 08:15:55'),(749,'상품3',3000,'product_fd.png',100,'웨인스베이글스 강남역점','2024-07-26 08:15:55'),(750,'상품4',4000,'product_fd.png',100,'웨인스베이글스 강남역점','2024-07-26 08:15:55'),(751,'상품5',5000,'product_fd.png',100,'웨인스베이글스 강남역점','2024-07-26 08:15:55'),(752,'상품6',6000,'product_fd.png',100,'웨인스베이글스 강남역점','2024-07-26 08:15:55'),(753,'상품7',7000,'product_fd.png',100,'웨인스베이글스 강남역점','2024-07-26 08:15:55'),(754,'상품8',8000,'product_fd.png',100,'웨인스베이글스 강남역점','2024-07-26 08:15:55'),(755,'상품9',9000,'product_fd.png',100,'웨인스베이글스 강남역점','2024-07-26 08:15:55'),(756,'상품10',10000,'product_fd.png',100,'웨인스베이글스 강남역점','2024-07-26 08:15:55'),(757,'상품11',11000,'product_fd.png',100,'웨인스베이글스 강남역점','2024-07-26 08:15:55'),(758,'상품12',12000,'product_fd.png',100,'웨인스베이글스 강남역점','2024-07-26 08:15:55'),(759,'상품13',13000,'product_fd.png',100,'웨인스베이글스 강남역점','2024-07-26 08:15:55'),(760,'상품14',14000,'product_fd.png',100,'웨인스베이글스 강남역점','2024-07-26 08:15:55'),(761,'상품15',15000,'product_fd.png',100,'웨인스베이글스 강남역점','2024-07-26 08:15:55'),(762,'상품16',16000,'product_fd.png',100,'웨인스베이글스 강남역점','2024-07-26 08:15:55'),(763,'상품17',17000,'product_fd.png',100,'웨인스베이글스 강남역점','2024-07-26 08:15:55'),(764,'상품18',18000,'product_fd.png',100,'웨인스베이글스 강남역점','2024-07-26 08:15:55'),(765,'상품19',19000,'product_fd.png',100,'웨인스베이글스 강남역점','2024-07-26 08:15:55'),(766,'상품20',20000,'product_fd.png',100,'웨인스베이글스 강남역점','2024-07-26 08:15:55'),(767,'상품21',21000,'product_fd.png',100,'웨인스베이글스 강남역점','2024-07-26 08:15:55'),(768,'상품22',22000,'product_fd.png',100,'웨인스베이글스 강남역점','2024-07-26 08:15:55'),(769,'상품23',23000,'product_fd.png',100,'웨인스베이글스 강남역점','2024-07-26 08:15:55'),(770,'상품24',24000,'product_fd.png',100,'웨인스베이글스 강남역점','2024-07-26 08:15:55'),(771,'상품25',25000,'product_fd.png',100,'웨인스베이글스 강남역점','2024-07-26 08:15:55'),(772,'상품0',0,'product_fd.png',100,'누아주베이커리 강남점','2024-07-26 08:15:55'),(773,'상품1',1000,'product_fd.png',100,'누아주베이커리 강남점','2024-07-26 08:15:55'),(774,'상품2',2000,'product_fd.png',100,'누아주베이커리 강남점','2024-07-26 08:15:55'),(775,'상품3',3000,'product_fd.png',100,'누아주베이커리 강남점','2024-07-26 08:15:55'),(776,'상품4',4000,'product_fd.png',100,'누아주베이커리 강남점','2024-07-26 08:15:55'),(777,'상품5',5000,'product_fd.png',100,'누아주베이커리 강남점','2024-07-26 08:15:55'),(778,'상품6',6000,'product_fd.png',100,'누아주베이커리 강남점','2024-07-26 08:15:55'),(779,'상품7',7000,'product_fd.png',100,'누아주베이커리 강남점','2024-07-26 08:15:55'),(780,'상품8',8000,'product_fd.png',100,'누아주베이커리 강남점','2024-07-26 08:15:55'),(781,'상품9',9000,'product_fd.png',100,'누아주베이커리 강남점','2024-07-26 08:15:55'),(782,'상품10',10000,'product_fd.png',100,'누아주베이커리 강남점','2024-07-26 08:15:55'),(783,'상품11',11000,'product_fd.png',100,'누아주베이커리 강남점','2024-07-26 08:15:55'),(784,'상품12',12000,'product_fd.png',100,'누아주베이커리 강남점','2024-07-26 08:15:55'),(785,'상품13',13000,'product_fd.png',100,'누아주베이커리 강남점','2024-07-26 08:15:55'),(786,'상품14',14000,'product_fd.png',100,'누아주베이커리 강남점','2024-07-26 08:15:55'),(787,'상품15',15000,'product_fd.png',100,'누아주베이커리 강남점','2024-07-26 08:15:55'),(788,'상품16',16000,'product_fd.png',100,'누아주베이커리 강남점','2024-07-26 08:15:55'),(789,'상품17',17000,'product_fd.png',100,'누아주베이커리 강남점','2024-07-26 08:15:55'),(790,'상품18',18000,'product_fd.png',100,'누아주베이커리 강남점','2024-07-26 08:15:55'),(791,'상품19',19000,'product_fd.png',100,'누아주베이커리 강남점','2024-07-26 08:15:55'),(792,'상품20',20000,'product_fd.png',100,'누아주베이커리 강남점','2024-07-26 08:15:55'),(793,'상품21',21000,'product_fd.png',100,'누아주베이커리 강남점','2024-07-26 08:15:55'),(794,'상품22',22000,'product_fd.png',100,'누아주베이커리 강남점','2024-07-26 08:15:55'),(795,'상품23',23000,'product_fd.png',100,'누아주베이커리 강남점','2024-07-26 08:15:55'),(796,'상품24',24000,'product_fd.png',100,'누아주베이커리 강남점','2024-07-26 08:15:55'),(797,'상품25',25000,'product_fd.png',100,'누아주베이커리 강남점','2024-07-26 08:15:55'),(798,'상품26',26000,'product_fd.png',100,'누아주베이커리 강남점','2024-07-26 08:15:55'),(799,'상품27',27000,'product_fd.png',100,'누아주베이커리 강남점','2024-07-26 08:15:55'),(800,'상품28',28000,'product_fd.png',100,'누아주베이커리 강남점','2024-07-26 08:15:55'),(801,'상품29',29000,'product_fd.png',100,'누아주베이커리 강남점','2024-07-26 08:15:55'),(802,'상품0',0,'product_fd.png',100,'파리바게뜨 강남서초점','2024-07-26 08:15:58'),(803,'상품1',1000,'product_fd.png',100,'파리바게뜨 강남서초점','2024-07-26 08:15:58'),(804,'상품2',2000,'product_fd.png',100,'파리바게뜨 강남서초점','2024-07-26 08:15:58'),(805,'상품3',3000,'product_fd.png',100,'파리바게뜨 강남서초점','2024-07-26 08:15:58'),(806,'상품4',4000,'product_fd.png',100,'파리바게뜨 강남서초점','2024-07-26 08:15:58'),(807,'상품5',5000,'product_fd.png',100,'파리바게뜨 강남서초점','2024-07-26 08:15:58'),(808,'상품6',6000,'product_fd.png',100,'파리바게뜨 강남서초점','2024-07-26 08:15:58'),(809,'상품7',7000,'product_fd.png',100,'파리바게뜨 강남서초점','2024-07-26 08:15:58'),(810,'상품8',8000,'product_fd.png',100,'파리바게뜨 강남서초점','2024-07-26 08:15:58'),(811,'상품9',9000,'product_fd.png',100,'파리바게뜨 강남서초점','2024-07-26 08:15:58'),(812,'상품10',10000,'product_fd.png',100,'파리바게뜨 강남서초점','2024-07-26 08:15:58'),(813,'상품11',11000,'product_fd.png',100,'파리바게뜨 강남서초점','2024-07-26 08:15:58'),(814,'상품12',12000,'product_fd.png',100,'파리바게뜨 강남서초점','2024-07-26 08:15:58'),(815,'상품13',13000,'product_fd.png',100,'파리바게뜨 강남서초점','2024-07-26 08:15:58'),(816,'상품14',14000,'product_fd.png',100,'파리바게뜨 강남서초점','2024-07-26 08:15:58'),(817,'상품15',15000,'product_fd.png',100,'파리바게뜨 강남서초점','2024-07-26 08:15:58'),(818,'상품16',16000,'product_fd.png',100,'파리바게뜨 강남서초점','2024-07-26 08:15:58'),(819,'상품17',17000,'product_fd.png',100,'파리바게뜨 강남서초점','2024-07-26 08:15:58'),(820,'상품18',18000,'product_fd.png',100,'파리바게뜨 강남서초점','2024-07-26 08:15:58'),(821,'상품19',19000,'product_fd.png',100,'파리바게뜨 강남서초점','2024-07-26 08:15:58'),(822,'상품20',20000,'product_fd.png',100,'파리바게뜨 강남서초점','2024-07-26 08:15:58'),(823,'상품21',21000,'product_fd.png',100,'파리바게뜨 강남서초점','2024-07-26 08:15:58'),(824,'상품22',22000,'product_fd.png',100,'파리바게뜨 강남서초점','2024-07-26 08:15:58'),(825,'상품23',23000,'product_fd.png',100,'파리바게뜨 강남서초점','2024-07-26 08:15:58'),(826,'상품24',24000,'product_fd.png',100,'파리바게뜨 강남서초점','2024-07-26 08:15:58'),(827,'상품25',25000,'product_fd.png',100,'파리바게뜨 강남서초점','2024-07-26 08:15:58'),(828,'상품26',26000,'product_fd.png',100,'파리바게뜨 강남서초점','2024-07-26 08:15:58'),(829,'상품27',27000,'product_fd.png',100,'파리바게뜨 강남서초점','2024-07-26 08:15:58'),(830,'상품28',28000,'product_fd.png',100,'파리바게뜨 강남서초점','2024-07-26 08:15:58'),(831,'상품29',29000,'product_fd.png',100,'파리바게뜨 강남서초점','2024-07-26 08:15:58'),(832,'상품30',30000,'product_fd.png',100,'파리바게뜨 강남서초점','2024-07-26 08:15:58'),(833,'상품31',31000,'product_fd.png',100,'파리바게뜨 강남서초점','2024-07-26 08:15:58'),(834,'상품32',32000,'product_fd.png',100,'파리바게뜨 강남서초점','2024-07-26 08:15:58'),(835,'상품33',33000,'product_fd.png',100,'파리바게뜨 강남서초점','2024-07-26 08:15:58'),(836,'상품34',34000,'product_fd.png',100,'파리바게뜨 강남서초점','2024-07-26 08:15:58'),(837,'상품0',0,'product_cs.png',100,'GS25 서초청화점','2024-07-29 01:50:51'),(838,'상품1',1000,'product_cs.png',100,'GS25 서초청화점','2024-07-29 01:50:51'),(839,'상품2',2000,'product_cs.png',100,'GS25 서초청화점','2024-07-29 01:50:51'),(840,'상품3',3000,'product_cs.png',100,'GS25 서초청화점','2024-07-29 01:50:51'),(841,'상품4',4000,'product_cs.png',100,'GS25 서초청화점','2024-07-29 01:50:51'),(842,'상품5',5000,'product_cs.png',100,'GS25 서초청화점','2024-07-29 01:50:51'),(843,'상품6',6000,'product_cs.png',100,'GS25 서초청화점','2024-07-29 01:50:51'),(844,'상품7',7000,'product_cs.png',100,'GS25 서초청화점','2024-07-29 01:50:51'),(845,'상품8',8000,'product_cs.png',100,'GS25 서초청화점','2024-07-29 01:50:51'),(846,'상품9',9000,'product_cs.png',100,'GS25 서초청화점','2024-07-29 01:50:51'),(847,'상품10',10000,'product_cs.png',100,'GS25 서초청화점','2024-07-29 01:50:51'),(848,'상품11',11000,'product_cs.png',100,'GS25 서초청화점','2024-07-29 01:50:51'),(849,'상품12',12000,'product_cs.png',100,'GS25 서초청화점','2024-07-29 01:50:51'),(850,'상품13',13000,'product_cs.png',100,'GS25 서초청화점','2024-07-29 01:50:51'),(851,'상품14',14000,'product_cs.png',100,'GS25 서초청화점','2024-07-29 01:50:51'),(852,'상품15',15000,'product_cs.png',100,'GS25 서초청화점','2024-07-29 01:50:51'),(853,'상품16',16000,'product_cs.png',100,'GS25 서초청화점','2024-07-29 01:50:51'),(854,'상품17',17000,'product_cs.png',100,'GS25 서초청화점','2024-07-29 01:50:51'),(855,'상품18',18000,'product_cs.png',100,'GS25 서초청화점','2024-07-29 01:50:51'),(856,'상품19',19000,'product_cs.png',100,'GS25 서초청화점','2024-07-29 01:50:51'),(857,'상품20',20000,'product_cs.png',100,'GS25 서초청화점','2024-07-29 01:50:51'),(858,'상품21',21000,'product_cs.png',100,'GS25 서초청화점','2024-07-29 01:50:51'),(859,'상품22',22000,'product_cs.png',100,'GS25 서초청화점','2024-07-29 01:50:51'),(860,'상품23',23000,'product_cs.png',100,'GS25 서초청화점','2024-07-29 01:50:51'),(861,'상품24',24000,'product_cs.png',100,'GS25 서초청화점','2024-07-29 01:50:51'),(862,'상품25',25000,'product_cs.png',100,'GS25 서초청화점','2024-07-29 01:50:51'),(863,'상품26',26000,'product_cs.png',100,'GS25 서초청화점','2024-07-29 01:50:51'),(864,'상품27',27000,'product_cs.png',100,'GS25 서초청화점','2024-07-29 01:50:51'),(865,'상품0',0,'product_ce.png',100,'스타벅스 서초우성사거리점','2024-07-29 01:54:13'),(866,'상품1',1000,'product_ce.png',100,'스타벅스 서초우성사거리점','2024-07-29 01:54:13'),(867,'상품2',2000,'product_ce.png',100,'스타벅스 서초우성사거리점','2024-07-29 01:54:13'),(868,'상품3',3000,'product_ce.png',100,'스타벅스 서초우성사거리점','2024-07-29 01:54:13'),(869,'상품4',4000,'product_ce.png',100,'스타벅스 서초우성사거리점','2024-07-29 01:54:13'),(870,'상품5',5000,'product_ce.png',100,'스타벅스 서초우성사거리점','2024-07-29 01:54:13'),(871,'상품6',6000,'product_ce.png',100,'스타벅스 서초우성사거리점','2024-07-29 01:54:13'),(872,'상품7',7000,'product_ce.png',100,'스타벅스 서초우성사거리점','2024-07-29 01:54:13'),(873,'상품8',8000,'product_ce.png',100,'스타벅스 서초우성사거리점','2024-07-29 01:54:13'),(874,'상품9',9000,'product_ce.png',100,'스타벅스 서초우성사거리점','2024-07-29 01:54:13'),(875,'상품10',10000,'product_ce.png',100,'스타벅스 서초우성사거리점','2024-07-29 01:54:13'),(876,'상품11',11000,'product_ce.png',100,'스타벅스 서초우성사거리점','2024-07-29 01:54:13'),(877,'상품12',12000,'product_ce.png',100,'스타벅스 서초우성사거리점','2024-07-29 01:54:13'),(878,'상품13',13000,'product_ce.png',100,'스타벅스 서초우성사거리점','2024-07-29 01:54:13'),(879,'상품14',14000,'product_ce.png',100,'스타벅스 서초우성사거리점','2024-07-29 01:54:13'),(880,'상품15',15000,'product_ce.png',100,'스타벅스 서초우성사거리점','2024-07-29 01:54:13'),(881,'상품16',16000,'product_ce.png',100,'스타벅스 서초우성사거리점','2024-07-29 01:54:13'),(882,'상품17',17000,'product_ce.png',100,'스타벅스 서초우성사거리점','2024-07-29 01:54:13'),(883,'상품18',18000,'product_ce.png',100,'스타벅스 서초우성사거리점','2024-07-29 01:54:13'),(884,'상품19',19000,'product_ce.png',100,'스타벅스 서초우성사거리점','2024-07-29 01:54:13'),(885,'상품20',20000,'product_ce.png',100,'스타벅스 서초우성사거리점','2024-07-29 01:54:13'),(886,'상품21',21000,'product_ce.png',100,'스타벅스 서초우성사거리점','2024-07-29 01:54:13'),(887,'상품0',0,'product_ce.png',100,'폴바셋 서초본점','2024-07-29 01:55:10'),(888,'상품1',1000,'product_ce.png',100,'폴바셋 서초본점','2024-07-29 01:55:10'),(889,'상품2',2000,'product_ce.png',100,'폴바셋 서초본점','2024-07-29 01:55:10'),(890,'상품3',3000,'product_ce.png',100,'폴바셋 서초본점','2024-07-29 01:55:10'),(891,'상품4',4000,'product_ce.png',100,'폴바셋 서초본점','2024-07-29 01:55:10'),(892,'상품5',5000,'product_ce.png',100,'폴바셋 서초본점','2024-07-29 01:55:10'),(893,'상품6',6000,'product_ce.png',100,'폴바셋 서초본점','2024-07-29 01:55:10'),(894,'상품7',7000,'product_ce.png',100,'폴바셋 서초본점','2024-07-29 01:55:10'),(895,'상품8',8000,'product_ce.png',100,'폴바셋 서초본점','2024-07-29 01:55:10'),(896,'상품9',9000,'product_ce.png',100,'폴바셋 서초본점','2024-07-29 01:55:10'),(897,'상품10',10000,'product_ce.png',100,'폴바셋 서초본점','2024-07-29 01:55:10'),(898,'상품11',11000,'product_ce.png',100,'폴바셋 서초본점','2024-07-29 01:55:10'),(899,'상품12',12000,'product_ce.png',100,'폴바셋 서초본점','2024-07-29 01:55:10'),(900,'상품13',13000,'product_ce.png',100,'폴바셋 서초본점','2024-07-29 01:55:10'),(901,'상품14',14000,'product_ce.png',100,'폴바셋 서초본점','2024-07-29 01:55:10'),(902,'상품15',15000,'product_ce.png',100,'폴바셋 서초본점','2024-07-29 01:55:10'),(903,'상품16',16000,'product_ce.png',100,'폴바셋 서초본점','2024-07-29 01:55:10'),(904,'상품17',17000,'product_ce.png',100,'폴바셋 서초본점','2024-07-29 01:55:10'),(905,'상품18',18000,'product_ce.png',100,'폴바셋 서초본점','2024-07-29 01:55:10'),(906,'상품19',19000,'product_ce.png',100,'폴바셋 서초본점','2024-07-29 01:55:10'),(907,'상품20',20000,'product_ce.png',100,'폴바셋 서초본점','2024-07-29 01:55:10'),(908,'상품21',21000,'product_ce.png',100,'폴바셋 서초본점','2024-07-29 01:55:10'),(909,'상품22',22000,'product_ce.png',100,'폴바셋 서초본점','2024-07-29 01:55:10'),(910,'상품23',23000,'product_ce.png',100,'폴바셋 서초본점','2024-07-29 01:55:10'),(911,'상품24',24000,'product_ce.png',100,'폴바셋 서초본점','2024-07-29 01:55:10'),(912,'상품25',25000,'product_ce.png',100,'폴바셋 서초본점','2024-07-29 01:55:10'),(913,'상품26',26000,'product_ce.png',100,'폴바셋 서초본점','2024-07-29 01:55:10'),(914,'상품27',27000,'product_ce.png',100,'폴바셋 서초본점','2024-07-29 01:55:10'),(915,'상품28',28000,'product_ce.png',100,'폴바셋 서초본점','2024-07-29 01:55:10'),(916,'상품29',29000,'product_ce.png',100,'폴바셋 서초본점','2024-07-29 01:55:10'),(917,'상품30',30000,'product_ce.png',100,'폴바셋 서초본점','2024-07-29 01:55:10'),(918,'상품31',31000,'product_ce.png',100,'폴바셋 서초본점','2024-07-29 01:55:10'),(919,'상품32',32000,'product_ce.png',100,'폴바셋 서초본점','2024-07-29 01:55:10'),(920,'상품33',33000,'product_ce.png',100,'폴바셋 서초본점','2024-07-29 01:55:10'),(921,'상품34',34000,'product_ce.png',100,'폴바셋 서초본점','2024-07-29 01:55:10'),(922,'상품0',0,'product_fd.png',100,'아방궁','2024-07-29 02:02:35'),(923,'상품1',1000,'product_fd.png',100,'아방궁','2024-07-29 02:02:35'),(924,'상품2',2000,'product_fd.png',100,'아방궁','2024-07-29 02:02:35'),(925,'상품3',3000,'product_fd.png',100,'아방궁','2024-07-29 02:02:35'),(926,'상품4',4000,'product_fd.png',100,'아방궁','2024-07-29 02:02:35'),(927,'상품5',5000,'product_fd.png',100,'아방궁','2024-07-29 02:02:35'),(928,'상품6',6000,'product_fd.png',100,'아방궁','2024-07-29 02:02:35'),(929,'상품7',7000,'product_fd.png',100,'아방궁','2024-07-29 02:02:35'),(930,'상품8',8000,'product_fd.png',100,'아방궁','2024-07-29 02:02:35'),(931,'상품9',9000,'product_fd.png',100,'아방궁','2024-07-29 02:02:35'),(932,'상품10',10000,'product_fd.png',100,'아방궁','2024-07-29 02:02:35'),(933,'상품11',11000,'product_fd.png',100,'아방궁','2024-07-29 02:02:35'),(934,'상품12',12000,'product_fd.png',100,'아방궁','2024-07-29 02:02:35'),(935,'상품0',0,'product_fd.png',100,'버드나무집 서초본점','2024-07-29 02:02:59'),(936,'상품1',1000,'product_fd.png',100,'버드나무집 서초본점','2024-07-29 02:02:59'),(937,'상품2',2000,'product_fd.png',100,'버드나무집 서초본점','2024-07-29 02:02:59'),(938,'상품3',3000,'product_fd.png',100,'버드나무집 서초본점','2024-07-29 02:02:59'),(939,'상품4',4000,'product_fd.png',100,'버드나무집 서초본점','2024-07-29 02:02:59'),(940,'상품5',5000,'product_fd.png',100,'버드나무집 서초본점','2024-07-29 02:02:59'),(941,'상품6',6000,'product_fd.png',100,'버드나무집 서초본점','2024-07-29 02:02:59'),(942,'상품7',7000,'product_fd.png',100,'버드나무집 서초본점','2024-07-29 02:02:59'),(943,'상품8',8000,'product_fd.png',100,'버드나무집 서초본점','2024-07-29 02:02:59'),(944,'상품9',9000,'product_fd.png',100,'버드나무집 서초본점','2024-07-29 02:02:59'),(945,'상품10',10000,'product_fd.png',100,'버드나무집 서초본점','2024-07-29 02:02:59'),(946,'상품11',11000,'product_fd.png',100,'버드나무집 서초본점','2024-07-29 02:02:59'),(947,'상품12',12000,'product_fd.png',100,'버드나무집 서초본점','2024-07-29 02:02:59'),(948,'상품13',13000,'product_fd.png',100,'버드나무집 서초본점','2024-07-29 02:02:59'),(949,'상품14',14000,'product_fd.png',100,'버드나무집 서초본점','2024-07-29 02:02:59'),(950,'상품15',15000,'product_fd.png',100,'버드나무집 서초본점','2024-07-29 02:02:59'),(951,'상품16',16000,'product_fd.png',100,'버드나무집 서초본점','2024-07-29 02:02:59'),(952,'상품17',17000,'product_fd.png',100,'버드나무집 서초본점','2024-07-29 02:02:59'),(953,'상품18',18000,'product_fd.png',100,'버드나무집 서초본점','2024-07-29 02:02:59'),(954,'상품19',19000,'product_fd.png',100,'버드나무집 서초본점','2024-07-29 02:02:59'),(955,'상품20',20000,'product_fd.png',100,'버드나무집 서초본점','2024-07-29 02:02:59'),(956,'상품21',21000,'product_fd.png',100,'버드나무집 서초본점','2024-07-29 02:02:59'),(957,'상품22',22000,'product_fd.png',100,'버드나무집 서초본점','2024-07-29 02:02:59'),(958,'상품23',23000,'product_fd.png',100,'버드나무집 서초본점','2024-07-29 02:02:59'),(959,'상품24',24000,'product_fd.png',100,'버드나무집 서초본점','2024-07-29 02:02:59'),(960,'상품25',25000,'product_fd.png',100,'버드나무집 서초본점','2024-07-29 02:02:59'),(961,'상품26',26000,'product_fd.png',100,'버드나무집 서초본점','2024-07-29 02:02:59'),(962,'상품27',27000,'product_fd.png',100,'버드나무집 서초본점','2024-07-29 02:02:59'),(963,'상품28',28000,'product_fd.png',100,'버드나무집 서초본점','2024-07-29 02:02:59'),(964,'상품29',29000,'product_fd.png',100,'버드나무집 서초본점','2024-07-29 02:02:59'),(965,'상품30',30000,'product_fd.png',100,'버드나무집 서초본점','2024-07-29 02:02:59'),(966,'상품31',31000,'product_fd.png',100,'버드나무집 서초본점','2024-07-29 02:02:59'),(967,'상품32',32000,'product_fd.png',100,'버드나무집 서초본점','2024-07-29 02:02:59'),(968,'상품33',33000,'product_fd.png',100,'버드나무집 서초본점','2024-07-29 02:02:59'),(969,'상품0',0,'product_fd.png',100,'일일향 강남3호점','2024-07-29 02:03:07'),(970,'상품1',1000,'product_fd.png',100,'일일향 강남3호점','2024-07-29 02:03:07'),(971,'상품2',2000,'product_fd.png',100,'일일향 강남3호점','2024-07-29 02:03:07'),(972,'상품3',3000,'product_fd.png',100,'일일향 강남3호점','2024-07-29 02:03:07'),(973,'상품4',4000,'product_fd.png',100,'일일향 강남3호점','2024-07-29 02:03:07'),(974,'상품5',5000,'product_fd.png',100,'일일향 강남3호점','2024-07-29 02:03:07'),(975,'상품6',6000,'product_fd.png',100,'일일향 강남3호점','2024-07-29 02:03:07'),(976,'상품7',7000,'product_fd.png',100,'일일향 강남3호점','2024-07-29 02:03:07'),(977,'상품8',8000,'product_fd.png',100,'일일향 강남3호점','2024-07-29 02:03:07'),(978,'상품9',9000,'product_fd.png',100,'일일향 강남3호점','2024-07-29 02:03:07'),(979,'상품10',10000,'product_fd.png',100,'일일향 강남3호점','2024-07-29 02:03:07'),(980,'상품11',11000,'product_fd.png',100,'일일향 강남3호점','2024-07-29 02:03:07'),(981,'상품12',12000,'product_fd.png',100,'일일향 강남3호점','2024-07-29 02:03:07'),(982,'상품13',13000,'product_fd.png',100,'일일향 강남3호점','2024-07-29 02:03:07'),(983,'상품14',14000,'product_fd.png',100,'일일향 강남3호점','2024-07-29 02:03:07'),(984,'상품15',15000,'product_fd.png',100,'일일향 강남3호점','2024-07-29 02:03:07'),(985,'상품16',16000,'product_fd.png',100,'일일향 강남3호점','2024-07-29 02:03:07'),(986,'상품17',17000,'product_fd.png',100,'일일향 강남3호점','2024-07-29 02:03:07'),(987,'상품0',0,'product_fd.png',100,'조양관','2024-07-29 02:03:09'),(988,'상품1',1000,'product_fd.png',100,'조양관','2024-07-29 02:03:09'),(989,'상품2',2000,'product_fd.png',100,'조양관','2024-07-29 02:03:09'),(990,'상품3',3000,'product_fd.png',100,'조양관','2024-07-29 02:03:09'),(991,'상품4',4000,'product_fd.png',100,'조양관','2024-07-29 02:03:09'),(992,'상품5',5000,'product_fd.png',100,'조양관','2024-07-29 02:03:09'),(993,'상품6',6000,'product_fd.png',100,'조양관','2024-07-29 02:03:09'),(994,'상품7',7000,'product_fd.png',100,'조양관','2024-07-29 02:03:09'),(995,'상품8',8000,'product_fd.png',100,'조양관','2024-07-29 02:03:09'),(996,'상품9',9000,'product_fd.png',100,'조양관','2024-07-29 02:03:09'),(997,'상품10',10000,'product_fd.png',100,'조양관','2024-07-29 02:03:09'),(998,'상품11',11000,'product_fd.png',100,'조양관','2024-07-29 02:03:09'),(999,'상품12',12000,'product_fd.png',100,'조양관','2024-07-29 02:03:09'),(1000,'상품13',13000,'product_fd.png',100,'조양관','2024-07-29 02:03:09'),(1001,'상품14',14000,'product_fd.png',100,'조양관','2024-07-29 02:03:09'),(1002,'상품15',15000,'product_fd.png',100,'조양관','2024-07-29 02:03:09'),(1003,'상품16',16000,'product_fd.png',100,'조양관','2024-07-29 02:03:09'),(1004,'상품17',17000,'product_fd.png',100,'조양관','2024-07-29 02:03:09'),(1005,'상품18',18000,'product_fd.png',100,'조양관','2024-07-29 02:03:09'),(1006,'상품19',19000,'product_fd.png',100,'조양관','2024-07-29 02:03:09'),(1007,'상품20',20000,'product_fd.png',100,'조양관','2024-07-29 02:03:09'),(1008,'상품21',21000,'product_fd.png',100,'조양관','2024-07-29 02:03:09'),(1009,'상품22',22000,'product_fd.png',100,'조양관','2024-07-29 02:03:09'),(1010,'상품23',23000,'product_fd.png',100,'조양관','2024-07-29 02:03:09'),(1011,'상품24',24000,'product_fd.png',100,'조양관','2024-07-29 02:03:09'),(1012,'상품25',25000,'product_fd.png',100,'조양관','2024-07-29 02:03:09'),(1013,'상품26',26000,'product_fd.png',100,'조양관','2024-07-29 02:03:09'),(1014,'상품27',27000,'product_fd.png',100,'조양관','2024-07-29 02:03:09'),(1015,'상품28',28000,'product_fd.png',100,'조양관','2024-07-29 02:03:09'),(1016,'상품29',29000,'product_fd.png',100,'조양관','2024-07-29 02:03:09'),(1017,'상품30',30000,'product_fd.png',100,'조양관','2024-07-29 02:03:09'),(1018,'상품0',0,'product_fd.png',100,'청류벽','2024-07-29 02:03:10'),(1019,'상품1',1000,'product_fd.png',100,'청류벽','2024-07-29 02:03:10'),(1020,'상품2',2000,'product_fd.png',100,'청류벽','2024-07-29 02:03:10'),(1021,'상품3',3000,'product_fd.png',100,'청류벽','2024-07-29 02:03:10'),(1022,'상품0',0,'product_fd.png',100,'창고43 강남점','2024-07-29 02:03:11'),(1023,'레쓰비마일드500',1500,'drinks.png',90,'GS25 서초여신점','2024-07-29 02:16:11'),(1024,'상품0',0,'product_ce.png',100,'바나프레소 강남점','2024-07-29 03:45:10'),(1025,'상품1',1000,'product_ce.png',100,'바나프레소 강남점','2024-07-29 03:45:10'),(1026,'상품2',2000,'product_ce.png',100,'바나프레소 강남점','2024-07-29 03:45:10'),(1027,'상품3',3000,'product_ce.png',100,'바나프레소 강남점','2024-07-29 03:45:10'),(1028,'상품4',4000,'product_ce.png',100,'바나프레소 강남점','2024-07-29 03:45:10'),(1029,'상품5',5000,'product_ce.png',100,'바나프레소 강남점','2024-07-29 03:45:10'),(1030,'아메리카노(ICE)',4000,'product_ce.png',10,'스타벅스 강남우성점','2024-07-29 03:45:12'),(1031,'아메리카노(HOT)',4500,'product_ce.png',10,'스타벅스 강남우성점','2024-07-29 03:45:12'),(1032,'카페라떼',5000,'product_ce.png',10,'스타벅스 강남우성점','2024-07-29 03:45:12'),(1033,'카페모카',3000,'product_ce.png',10,'스타벅스 강남우성점','2024-07-29 03:45:12'),(1034,'밀크쉐이크',4000,'product_ce.png',10,'스타벅스 강남우성점','2024-07-29 03:45:12'),(1035,'쿠키앤크림쉐이크',5000,'product_ce.png',10,'스타벅스 강남우성점','2024-07-29 03:45:12'),(1036,'아이스크림컵',3500,'product_ce.png',10,'스타벅스 강남우성점','2024-07-29 03:45:12'),(1037,'에스프레소',5000,'product_ce.png',10,'스타벅스 강남우성점','2024-07-29 03:45:12'),(1038,'카라멜 마끼야또',8000,'product_ce.png',10,'스타벅스 강남우성점','2024-07-29 03:45:12'),(1039,'커피믹스',3000,'product_ce.png',10,'스타벅스 강남우성점','2024-07-29 03:45:12'),(1040,'수박주스',4000,'product_ce.png',10,'스타벅스 강남우성점','2024-07-29 03:45:12'),(1041,'딸기주스',4000,'product_ce.png',10,'스타벅스 강남우성점','2024-07-29 03:45:12'),(1042,'레모네이드',3000,'product_ce.png',10,'스타벅스 강남우성점','2024-07-29 03:45:12'),(1046,'바닐라 라떼',4000,'product_ce.png',10,'스타벅스 강남우성점','2024-07-29 03:45:12'),(1047,'국내산 삼겹살 구이용',1750,'product_mt.png',100,'노브랜드 강남역삼점','2024-07-29 03:50:15'),(1048,'노브랜드 국산콩두부',1000,'product_mt.png',100,'노브랜드 강남역삼점','2024-07-29 03:50:15'),(1049,'파머스픽 복숭아 6입',14000,'product_mt.png',100,'노브랜드 강남역삼점','2024-07-29 03:50:15'),(1050,'농심 신라면 5개',3000,'product_mt.png',100,'노브랜드 강남역삼점','2024-07-29 03:50:15'),(1051,'양배추',2000,'product_mt.png',100,'노브랜드 강남역삼점','2024-07-29 03:50:15'),(1052,'직화 간짜장',5000,'product_mt.png',100,'노브랜드 강남역삼점','2024-07-29 03:50:15'),(1053,'도톰한 물티슈 100매',1000,'product_mt.png',100,'노브랜드 강남역삼점','2024-07-29 03:50:15'),(1054,'제주삼다수 2L 6병',7000,'product_mt.png',100,'노브랜드 강남역삼점','2024-07-29 03:50:15'),(1055,'샤인머스캣 500g',8000,'product_mt.png',100,'노브랜드 강남역삼점','2024-07-29 03:50:15'),(1056,'방울토마토 1kg',9000,'product_mt.png',100,'노브랜드 강남역삼점','2024-07-29 03:50:15'),(1057,'상품0',0,'product_fd.png',100,'고메램 강남점','2024-07-29 03:58:47'),(1058,'상품1',1000,'product_fd.png',100,'고메램 강남점','2024-07-29 03:58:47'),(1059,'상품0',0,'product_fd.png',100,'육목원','2024-07-29 03:58:51'),(1060,'상품1',1000,'product_fd.png',100,'육목원','2024-07-29 03:58:51'),(1061,'상품2',2000,'product_fd.png',100,'육목원','2024-07-29 03:58:51'),(1062,'상품3',3000,'product_fd.png',100,'육목원','2024-07-29 03:58:51'),(1063,'상품4',4000,'product_fd.png',100,'육목원','2024-07-29 03:58:51'),(1064,'상품5',5000,'product_fd.png',100,'육목원','2024-07-29 03:58:51'),(1065,'상품6',6000,'product_fd.png',100,'육목원','2024-07-29 03:58:51'),(1066,'상품7',7000,'product_fd.png',100,'육목원','2024-07-29 03:58:51'),(1067,'상품8',8000,'product_fd.png',100,'육목원','2024-07-29 03:58:51'),(1068,'상품9',9000,'product_fd.png',100,'육목원','2024-07-29 03:58:51'),(1069,'상품10',10000,'product_fd.png',100,'육목원','2024-07-29 03:58:51'),(1070,'상품11',11000,'product_fd.png',100,'육목원','2024-07-29 03:58:51'),(1071,'상품12',12000,'product_fd.png',100,'육목원','2024-07-29 03:58:51'),(1072,'상품13',13000,'product_fd.png',100,'육목원','2024-07-29 03:58:51'),(1073,'상품14',14000,'product_fd.png',100,'육목원','2024-07-29 03:58:51'),(1074,'상품15',15000,'product_fd.png',100,'육목원','2024-07-29 03:58:51'),(1075,'상품0',0,'product_fd.png',100,'대려도','2024-07-29 03:58:52'),(1076,'상품1',1000,'product_fd.png',100,'대려도','2024-07-29 03:58:52'),(1077,'상품2',2000,'product_fd.png',100,'대려도','2024-07-29 03:58:52'),(1078,'상품3',3000,'product_fd.png',100,'대려도','2024-07-29 03:58:52'),(1079,'상품4',4000,'product_fd.png',100,'대려도','2024-07-29 03:58:52'),(1080,'상품5',5000,'product_fd.png',100,'대려도','2024-07-29 03:58:52'),(1081,'상품6',6000,'product_fd.png',100,'대려도','2024-07-29 03:58:52'),(1082,'상품7',7000,'product_fd.png',100,'대려도','2024-07-29 03:58:52'),(1083,'상품8',8000,'product_fd.png',100,'대려도','2024-07-29 03:58:52'),(1084,'상품9',9000,'product_fd.png',100,'대려도','2024-07-29 03:58:52'),(1085,'상품10',10000,'product_fd.png',100,'대려도','2024-07-29 03:58:52'),(1086,'상품11',11000,'product_fd.png',100,'대려도','2024-07-29 03:58:52'),(1087,'상품12',12000,'product_fd.png',100,'대려도','2024-07-29 03:58:52'),(1088,'상품13',13000,'product_fd.png',100,'대려도','2024-07-29 03:58:52'),(1089,'상품14',14000,'product_fd.png',100,'대려도','2024-07-29 03:58:52'),(1090,'상품15',15000,'product_fd.png',100,'대려도','2024-07-29 03:58:52'),(1091,'상품16',16000,'product_fd.png',100,'대려도','2024-07-29 03:58:52'),(1092,'상품17',17000,'product_fd.png',100,'대려도','2024-07-29 03:58:52'),(1093,'상품18',18000,'product_fd.png',100,'대려도','2024-07-29 03:58:52'),(1094,'상품19',19000,'product_fd.png',100,'대려도','2024-07-29 03:58:52'),(1095,'상품20',20000,'product_fd.png',100,'대려도','2024-07-29 03:58:52'),(1096,'상품21',21000,'product_fd.png',100,'대려도','2024-07-29 03:58:52'),(1097,'상품22',22000,'product_fd.png',100,'대려도','2024-07-29 03:58:52'),(1098,'상품23',23000,'product_fd.png',100,'대려도','2024-07-29 03:58:52'),(1099,'상품24',24000,'product_fd.png',100,'대려도','2024-07-29 03:58:52'),(1100,'상품25',25000,'product_fd.png',100,'대려도','2024-07-29 03:58:52'),(1101,'상품26',26000,'product_fd.png',100,'대려도','2024-07-29 03:58:52'),(1102,'상품27',27000,'product_fd.png',100,'대려도','2024-07-29 03:58:52'),(1103,'상품0',0,'product_fd.png',100,'농민백암순대 강남직영점','2024-07-29 03:58:54'),(1104,'상품1',1000,'product_fd.png',100,'농민백암순대 강남직영점','2024-07-29 03:58:54'),(1105,'상품2',2000,'product_fd.png',100,'농민백암순대 강남직영점','2024-07-29 03:58:54'),(1106,'상품3',3000,'product_fd.png',100,'농민백암순대 강남직영점','2024-07-29 03:58:54'),(1107,'상품4',4000,'product_fd.png',100,'농민백암순대 강남직영점','2024-07-29 03:58:54'),(1108,'상품5',5000,'product_fd.png',100,'농민백암순대 강남직영점','2024-07-29 03:58:54'),(1109,'상품6',6000,'product_fd.png',100,'농민백암순대 강남직영점','2024-07-29 03:58:54'),(1110,'상품7',7000,'product_fd.png',100,'농민백암순대 강남직영점','2024-07-29 03:58:54'),(1111,'상품8',8000,'product_fd.png',100,'농민백암순대 강남직영점','2024-07-29 03:58:54'),(1112,'상품9',9000,'product_fd.png',100,'농민백암순대 강남직영점','2024-07-29 03:58:54'),(1113,'상품10',10000,'product_fd.png',100,'농민백암순대 강남직영점','2024-07-29 03:58:54'),(1114,'상품11',11000,'product_fd.png',100,'농민백암순대 강남직영점','2024-07-29 03:58:54'),(1115,'상품12',12000,'product_fd.png',100,'농민백암순대 강남직영점','2024-07-29 03:58:54'),(1116,'상품13',13000,'product_fd.png',100,'농민백암순대 강남직영점','2024-07-29 03:58:54'),(1117,'상품14',14000,'product_fd.png',100,'농민백암순대 강남직영점','2024-07-29 03:58:54'),(1118,'상품15',15000,'product_fd.png',100,'농민백암순대 강남직영점','2024-07-29 03:58:54'),(1119,'상품16',16000,'product_fd.png',100,'농민백암순대 강남직영점','2024-07-29 03:58:54'),(1120,'상품0',0,'product_fd.png',100,'을밀대 강남점','2024-07-29 03:58:54'),(1121,'상품1',1000,'product_fd.png',100,'을밀대 강남점','2024-07-29 03:58:54'),(1122,'상품2',2000,'product_fd.png',100,'을밀대 강남점','2024-07-29 03:58:54'),(1123,'상품3',3000,'product_fd.png',100,'을밀대 강남점','2024-07-29 03:58:54'),(1124,'상품4',4000,'product_fd.png',100,'을밀대 강남점','2024-07-29 03:58:54'),(1125,'상품5',5000,'product_fd.png',100,'을밀대 강남점','2024-07-29 03:58:54'),(1126,'상품6',6000,'product_fd.png',100,'을밀대 강남점','2024-07-29 03:58:54'),(1127,'상품7',7000,'product_fd.png',100,'을밀대 강남점','2024-07-29 03:58:54'),(1128,'상품8',8000,'product_fd.png',100,'을밀대 강남점','2024-07-29 03:58:54'),(1129,'상품9',9000,'product_fd.png',100,'을밀대 강남점','2024-07-29 03:58:54'),(1130,'상품10',10000,'product_fd.png',100,'을밀대 강남점','2024-07-29 03:58:54'),(1131,'상품11',11000,'product_fd.png',100,'을밀대 강남점','2024-07-29 03:58:54'),(1132,'상품12',12000,'product_fd.png',100,'을밀대 강남점','2024-07-29 03:58:54'),(1133,'상품13',13000,'product_fd.png',100,'을밀대 강남점','2024-07-29 03:58:54'),(1134,'상품14',14000,'product_fd.png',100,'을밀대 강남점','2024-07-29 03:58:54'),(1135,'상품15',15000,'product_fd.png',100,'을밀대 강남점','2024-07-29 03:58:54'),(1136,'상품16',16000,'product_fd.png',100,'을밀대 강남점','2024-07-29 03:58:54'),(1137,'상품17',17000,'product_fd.png',100,'을밀대 강남점','2024-07-29 03:58:54'),(1138,'상품18',18000,'product_fd.png',100,'을밀대 강남점','2024-07-29 03:58:54'),(1139,'상품19',19000,'product_fd.png',100,'을밀대 강남점','2024-07-29 03:58:54'),(1140,'상품20',20000,'product_fd.png',100,'을밀대 강남점','2024-07-29 03:58:54'),(1141,'상품21',21000,'product_fd.png',100,'을밀대 강남점','2024-07-29 03:58:54'),(1146,'짜장면',4000,'product_fd.png',100,'삼성각','2024-07-29 03:59:02'),(1147,'짬뽕',5000,'product_fd.png',100,'삼성각','2024-07-29 03:59:02'),(1157,'탕수육',15000,'product_fd.png',100,'삼성각','2024-07-29 03:59:02'),(1158,'짬짜면',4500,'product_fd.png',100,'삼성각','2024-07-29 03:59:02'),(1159,'군만두 4조각',2000,'product_fd.png',100,'삼성각','2024-07-29 03:59:02'),(1160,'짜장 곱빼기',5000,'product_fd.png',100,'삼성각','2024-07-29 03:59:02'),(1165,'짬뽕 곱빼기',5000,'product_fd.png',100,'삼성각','2024-07-29 03:59:02'),(1167,'짜장 + 짬뽕 + 탕수육',25000,'product_fd.png',100,'삼성각','2024-07-29 03:59:02'),(1168,'쥬시쿨1L',2000,'product_fd.png',100,'삼성각','2024-07-29 03:59:02'),(1169,'제로콜라1L',2000,'product_fd.png',100,'삼성각','2024-07-29 03:59:02'),(1172,'상품0',0,'product_cs.png',100,'CU 역삼비엘점','2024-07-29 05:11:45'),(1173,'상품1',1000,'product_cs.png',100,'CU 역삼비엘점','2024-07-29 05:11:45'),(1174,'상품2',2000,'product_cs.png',100,'CU 역삼비엘점','2024-07-29 05:11:45'),(1175,'상품3',3000,'product_cs.png',100,'CU 역삼비엘점','2024-07-29 05:11:45'),(1176,'상품4',4000,'product_cs.png',100,'CU 역삼비엘점','2024-07-29 05:11:45'),(1177,'상품5',5000,'product_cs.png',100,'CU 역삼비엘점','2024-07-29 05:11:45'),(1178,'상품6',6000,'product_cs.png',100,'CU 역삼비엘점','2024-07-29 05:11:45'),(1179,'상품7',7000,'product_cs.png',100,'CU 역삼비엘점','2024-07-29 05:11:45'),(1180,'상품8',8000,'product_cs.png',100,'CU 역삼비엘점','2024-07-29 05:11:45'),(1181,'상품9',9000,'product_cs.png',100,'CU 역삼비엘점','2024-07-29 05:11:45'),(1182,'상품0',0,'product_cs.png',100,'GS25 서초점','2024-07-29 05:11:55'),(1183,'상품1',1000,'product_cs.png',100,'GS25 서초점','2024-07-29 05:11:55'),(1184,'상품2',2000,'product_cs.png',100,'GS25 서초점','2024-07-29 05:11:55'),(1185,'상품3',3000,'product_cs.png',100,'GS25 서초점','2024-07-29 05:11:55'),(1186,'상품4',4000,'product_cs.png',100,'GS25 서초점','2024-07-29 05:11:55'),(1187,'상품5',5000,'product_cs.png',100,'GS25 서초점','2024-07-29 05:11:55'),(1188,'상품6',6000,'product_cs.png',100,'GS25 서초점','2024-07-29 05:11:55'),(1189,'상품7',7000,'product_cs.png',100,'GS25 서초점','2024-07-29 05:11:55'),(1190,'상품8',8000,'product_cs.png',100,'GS25 서초점','2024-07-29 05:11:55'),(1191,'상품9',9000,'product_cs.png',100,'GS25 서초점','2024-07-29 05:11:55'),(1192,'상품10',10000,'product_cs.png',100,'GS25 서초점','2024-07-29 05:11:55'),(1193,'상품11',11000,'product_cs.png',100,'GS25 서초점','2024-07-29 05:11:55'),(1194,'상품12',12000,'product_cs.png',100,'GS25 서초점','2024-07-29 05:11:55'),(1195,'상품13',13000,'product_cs.png',100,'GS25 서초점','2024-07-29 05:11:55'),(1196,'상품14',14000,'product_cs.png',100,'GS25 서초점','2024-07-29 05:11:55'),(1197,'상품15',15000,'product_cs.png',100,'GS25 서초점','2024-07-29 05:11:55'),(1198,'상품16',16000,'product_cs.png',100,'GS25 서초점','2024-07-29 05:11:55'),(1199,'상품0',0,'product_cs.png',100,'CU 역삼카이로스점','2024-07-29 05:12:00'),(1200,'상품1',1000,'product_cs.png',100,'CU 역삼카이로스점','2024-07-29 05:12:00'),(1201,'상품2',2000,'product_cs.png',100,'CU 역삼카이로스점','2024-07-29 05:12:00'),(1202,'상품3',3000,'product_cs.png',100,'CU 역삼카이로스점','2024-07-29 05:12:00'),(1203,'상품4',4000,'product_cs.png',100,'CU 역삼카이로스점','2024-07-29 05:12:00'),(1204,'상품5',5000,'product_cs.png',100,'CU 역삼카이로스점','2024-07-29 05:12:00'),(1205,'상품6',6000,'product_cs.png',100,'CU 역삼카이로스점','2024-07-29 05:12:00'),(1206,'상품7',7000,'product_cs.png',100,'CU 역삼카이로스점','2024-07-29 05:12:00'),(1207,'상품8',8000,'product_cs.png',100,'CU 역삼카이로스점','2024-07-29 05:12:00'),(1208,'상품9',9000,'product_cs.png',100,'CU 역삼카이로스점','2024-07-29 05:12:00'),(1209,'상품10',10000,'product_cs.png',100,'CU 역삼카이로스점','2024-07-29 05:12:00'),(1210,'상품11',11000,'product_cs.png',100,'CU 역삼카이로스점','2024-07-29 05:12:00'),(1211,'상품12',12000,'product_cs.png',100,'CU 역삼카이로스점','2024-07-29 05:12:00'),(1212,'상품13',13000,'product_cs.png',100,'CU 역삼카이로스점','2024-07-29 05:12:00'),(1213,'상품14',14000,'product_cs.png',100,'CU 역삼카이로스점','2024-07-29 05:12:00'),(1214,'상품15',15000,'product_cs.png',100,'CU 역삼카이로스점','2024-07-29 05:12:00'),(1215,'상품16',16000,'product_cs.png',100,'CU 역삼카이로스점','2024-07-29 05:12:00'),(1216,'상품17',17000,'product_cs.png',100,'CU 역삼카이로스점','2024-07-29 05:12:00'),(1217,'상품18',18000,'product_cs.png',100,'CU 역삼카이로스점','2024-07-29 05:12:00'),(1218,'상품19',19000,'product_cs.png',100,'CU 역삼카이로스점','2024-07-29 05:12:00'),(1219,'상품20',20000,'product_cs.png',100,'CU 역삼카이로스점','2024-07-29 05:12:00'),(1220,'상품21',21000,'product_cs.png',100,'CU 역삼카이로스점','2024-07-29 05:12:00'),(1221,'상품22',22000,'product_cs.png',100,'CU 역삼카이로스점','2024-07-29 05:12:00'),(1222,'상품23',23000,'product_cs.png',100,'CU 역삼카이로스점','2024-07-29 05:12:00'),(1223,'상품24',24000,'product_cs.png',100,'CU 역삼카이로스점','2024-07-29 05:12:00'),(1224,'상품25',25000,'product_cs.png',100,'CU 역삼카이로스점','2024-07-29 05:12:00'),(1225,'상품26',26000,'product_cs.png',100,'CU 역삼카이로스점','2024-07-29 05:12:00'),(1226,'상품27',27000,'product_cs.png',100,'CU 역삼카이로스점','2024-07-29 05:12:00'),(1227,'상품28',28000,'product_cs.png',100,'CU 역삼카이로스점','2024-07-29 05:12:00'),(1228,'상품29',29000,'product_cs.png',100,'CU 역삼카이로스점','2024-07-29 05:12:00'),(1229,'상품30',30000,'product_cs.png',100,'CU 역삼카이로스점','2024-07-29 05:12:00'),(1230,'상품31',31000,'product_cs.png',100,'CU 역삼카이로스점','2024-07-29 05:12:00'),(1231,'상품32',32000,'product_cs.png',100,'CU 역삼카이로스점','2024-07-29 05:12:00'),(1232,'상품33',33000,'product_cs.png',100,'CU 역삼카이로스점','2024-07-29 05:12:00'),(1233,'상품34',34000,'product_cs.png',100,'CU 역삼카이로스점','2024-07-29 05:12:00'),(1234,'상품35',35000,'product_cs.png',100,'CU 역삼카이로스점','2024-07-29 05:12:00'),(1235,'상품36',36000,'product_cs.png',100,'CU 역삼카이로스점','2024-07-29 05:12:00'),(1236,'상품37',37000,'product_cs.png',100,'CU 역삼카이로스점','2024-07-29 05:12:00'),(1237,'상품0',0,'product_cs.png',100,'이마트24 R역삼소나무점','2024-07-29 05:12:04'),(1238,'상품1',1000,'product_cs.png',100,'이마트24 R역삼소나무점','2024-07-29 05:12:04'),(1239,'상품2',2000,'product_cs.png',100,'이마트24 R역삼소나무점','2024-07-29 05:12:04'),(1240,'상품3',3000,'product_cs.png',100,'이마트24 R역삼소나무점','2024-07-29 05:12:04'),(1241,'상품4',4000,'product_cs.png',100,'이마트24 R역삼소나무점','2024-07-29 05:12:04'),(1242,'상품5',5000,'product_cs.png',100,'이마트24 R역삼소나무점','2024-07-29 05:12:04'),(1243,'상품6',6000,'product_cs.png',100,'이마트24 R역삼소나무점','2024-07-29 05:12:04'),(1244,'상품7',7000,'product_cs.png',100,'이마트24 R역삼소나무점','2024-07-29 05:12:04'),(1245,'상품8',8000,'product_cs.png',100,'이마트24 R역삼소나무점','2024-07-29 05:12:04'),(1246,'상품9',9000,'product_cs.png',100,'이마트24 R역삼소나무점','2024-07-29 05:12:04'),(1247,'상품10',10000,'product_cs.png',100,'이마트24 R역삼소나무점','2024-07-29 05:12:04'),(1248,'상품11',11000,'product_cs.png',100,'이마트24 R역삼소나무점','2024-07-29 05:12:04'),(1249,'상품12',12000,'product_cs.png',100,'이마트24 R역삼소나무점','2024-07-29 05:12:04'),(1250,'상품13',13000,'product_cs.png',100,'이마트24 R역삼소나무점','2024-07-29 05:12:04'),(1251,'상품14',14000,'product_cs.png',100,'이마트24 R역삼소나무점','2024-07-29 05:12:04'),(1252,'상품15',15000,'product_cs.png',100,'이마트24 R역삼소나무점','2024-07-29 05:12:04'),(1253,'상품16',16000,'product_cs.png',100,'이마트24 R역삼소나무점','2024-07-29 05:12:04'),(1254,'상품17',17000,'product_cs.png',100,'이마트24 R역삼소나무점','2024-07-29 05:12:04'),(1255,'상품18',18000,'product_cs.png',100,'이마트24 R역삼소나무점','2024-07-29 05:12:04'),(1256,'상품19',19000,'product_cs.png',100,'이마트24 R역삼소나무점','2024-07-29 05:12:04'),(1257,'상품20',20000,'product_cs.png',100,'이마트24 R역삼소나무점','2024-07-29 05:12:04'),(1258,'상품21',21000,'product_cs.png',100,'이마트24 R역삼소나무점','2024-07-29 05:12:04'),(1259,'상품22',22000,'product_cs.png',100,'이마트24 R역삼소나무점','2024-07-29 05:12:04'),(1260,'상품23',23000,'product_cs.png',100,'이마트24 R역삼소나무점','2024-07-29 05:12:04'),(1261,'상품24',24000,'product_cs.png',100,'이마트24 R역삼소나무점','2024-07-29 05:12:04'),(1262,'상품25',25000,'product_cs.png',100,'이마트24 R역삼소나무점','2024-07-29 05:12:04'),(1263,'상품26',26000,'product_cs.png',100,'이마트24 R역삼소나무점','2024-07-29 05:12:04'),(1264,'상품27',27000,'product_cs.png',100,'이마트24 R역삼소나무점','2024-07-29 05:12:04'),(1265,'상품28',28000,'product_cs.png',100,'이마트24 R역삼소나무점','2024-07-29 05:12:04'),(1266,'상품29',29000,'product_cs.png',100,'이마트24 R역삼소나무점','2024-07-29 05:12:04'),(1267,'상품30',30000,'product_cs.png',100,'이마트24 R역삼소나무점','2024-07-29 05:12:04'),(1268,'상품31',31000,'product_cs.png',100,'이마트24 R역삼소나무점','2024-07-29 05:12:04'),(1269,'상품32',32000,'product_cs.png',100,'이마트24 R역삼소나무점','2024-07-29 05:12:04'),(1270,'상품33',33000,'product_cs.png',100,'이마트24 R역삼소나무점','2024-07-29 05:12:04'),(1271,'상품34',34000,'product_cs.png',100,'이마트24 R역삼소나무점','2024-07-29 05:12:04'),(1272,'상품35',35000,'product_cs.png',100,'이마트24 R역삼소나무점','2024-07-29 05:12:04'),(1273,'상품36',36000,'product_cs.png',100,'이마트24 R역삼소나무점','2024-07-29 05:12:04'),(1274,'상품37',37000,'product_cs.png',100,'이마트24 R역삼소나무점','2024-07-29 05:12:04'),(1275,'상품38',38000,'product_cs.png',100,'이마트24 R역삼소나무점','2024-07-29 05:12:04'),(1276,'상품0',0,'product_ct.png',100,'두남재아트홀','2024-07-29 06:47:04'),(1277,'상품1',1000,'product_ct.png',100,'두남재아트홀','2024-07-29 06:47:04'),(1278,'상품2',2000,'product_ct.png',100,'두남재아트홀','2024-07-29 06:47:04'),(1279,'상품3',3000,'product_ct.png',100,'두남재아트홀','2024-07-29 06:47:04'),(1280,'상품4',4000,'product_ct.png',100,'두남재아트홀','2024-07-29 06:47:04'),(1281,'상품5',5000,'product_ct.png',100,'두남재아트홀','2024-07-29 06:47:04'),(1282,'상품6',6000,'product_ct.png',100,'두남재아트홀','2024-07-29 06:47:04'),(1283,'상품7',7000,'product_ct.png',100,'두남재아트홀','2024-07-29 06:47:04'),(1284,'상품0',0,'product_ct.png',100,'쿤스트하우스','2024-07-29 06:47:07'),(1285,'상품1',1000,'product_ct.png',100,'쿤스트하우스','2024-07-29 06:47:07'),(1286,'상품2',2000,'product_ct.png',100,'쿤스트하우스','2024-07-29 06:47:07'),(1287,'상품3',3000,'product_ct.png',100,'쿤스트하우스','2024-07-29 06:47:07'),(1288,'상품4',4000,'product_ct.png',100,'쿤스트하우스','2024-07-29 06:47:07'),(1289,'상품5',5000,'product_ct.png',100,'쿤스트하우스','2024-07-29 06:47:07'),(1290,'상품6',6000,'product_ct.png',100,'쿤스트하우스','2024-07-29 06:47:07'),(1291,'상품7',7000,'product_ct.png',100,'쿤스트하우스','2024-07-29 06:47:07'),(1292,'상품8',8000,'product_ct.png',100,'쿤스트하우스','2024-07-29 06:47:07'),(1293,'상품9',9000,'product_ct.png',100,'쿤스트하우스','2024-07-29 06:47:07'),(1294,'상품10',10000,'product_ct.png',100,'쿤스트하우스','2024-07-29 06:47:07'),(1295,'상품11',11000,'product_ct.png',100,'쿤스트하우스','2024-07-29 06:47:07'),(1296,'상품12',12000,'product_ct.png',100,'쿤스트하우스','2024-07-29 06:47:07'),(1297,'상품13',13000,'product_ct.png',100,'쿤스트하우스','2024-07-29 06:47:07'),(1298,'상품14',14000,'product_ct.png',100,'쿤스트하우스','2024-07-29 06:47:07'),(1299,'상품15',15000,'product_ct.png',100,'쿤스트하우스','2024-07-29 06:47:07'),(1300,'상품16',16000,'product_ct.png',100,'쿤스트하우스','2024-07-29 06:47:07'),(1301,'상품17',17000,'product_ct.png',100,'쿤스트하우스','2024-07-29 06:47:07'),(1302,'상품18',18000,'product_ct.png',100,'쿤스트하우스','2024-07-29 06:47:07'),(1303,'상품19',19000,'product_ct.png',100,'쿤스트하우스','2024-07-29 06:47:07'),(1304,'상품20',20000,'product_ct.png',100,'쿤스트하우스','2024-07-29 06:47:07'),(1305,'상품21',21000,'product_ct.png',100,'쿤스트하우스','2024-07-29 06:47:07'),(1306,'상품22',22000,'product_ct.png',100,'쿤스트하우스','2024-07-29 06:47:07'),(1307,'상품23',23000,'product_ct.png',100,'쿤스트하우스','2024-07-29 06:47:07'),(1308,'상품24',24000,'product_ct.png',100,'쿤스트하우스','2024-07-29 06:47:07'),(1309,'상품25',25000,'product_ct.png',100,'쿤스트하우스','2024-07-29 06:47:07'),(1310,'상품26',26000,'product_ct.png',100,'쿤스트하우스','2024-07-29 06:47:07'),(1311,'상품27',27000,'product_ct.png',100,'쿤스트하우스','2024-07-29 06:47:07'),(1312,'상품28',28000,'product_ct.png',100,'쿤스트하우스','2024-07-29 06:47:07'),(1313,'상품29',29000,'product_ct.png',100,'쿤스트하우스','2024-07-29 06:47:07'),(1314,'상품30',30000,'product_ct.png',100,'쿤스트하우스','2024-07-29 06:47:07'),(1315,'상품31',31000,'product_ct.png',100,'쿤스트하우스','2024-07-29 06:47:07'),(1316,'상품32',32000,'product_ct.png',100,'쿤스트하우스','2024-07-29 06:47:07'),(1317,'상품33',33000,'product_ct.png',100,'쿤스트하우스','2024-07-29 06:47:07'),(1318,'상품34',34000,'product_ct.png',100,'쿤스트하우스','2024-07-29 06:47:07'),(1319,'상품35',35000,'product_ct.png',100,'쿤스트하우스','2024-07-29 06:47:07'),(1320,'상품36',36000,'product_ct.png',100,'쿤스트하우스','2024-07-29 06:47:07'),(1321,'상품37',37000,'product_ct.png',100,'쿤스트하우스','2024-07-29 06:47:07'),(1322,'상품38',38000,'product_ct.png',100,'쿤스트하우스','2024-07-29 06:47:07'),(1323,'상품39',39000,'product_ct.png',100,'쿤스트하우스','2024-07-29 06:47:07'),(1324,'상품0',0,'product_ct.png',100,'유디갤러리','2024-07-29 06:47:08'),(1325,'상품1',1000,'product_ct.png',100,'유디갤러리','2024-07-29 06:47:08'),(1326,'상품2',2000,'product_ct.png',100,'유디갤러리','2024-07-29 06:47:08'),(1327,'상품3',3000,'product_ct.png',100,'유디갤러리','2024-07-29 06:47:08'),(1328,'상품4',4000,'product_ct.png',100,'유디갤러리','2024-07-29 06:47:08'),(1329,'상품5',5000,'product_ct.png',100,'유디갤러리','2024-07-29 06:47:08'),(1330,'상품6',6000,'product_ct.png',100,'유디갤러리','2024-07-29 06:47:08'),(1331,'상품7',7000,'product_ct.png',100,'유디갤러리','2024-07-29 06:47:08'),(1332,'상품8',8000,'product_ct.png',100,'유디갤러리','2024-07-29 06:47:08'),(1333,'상품9',9000,'product_ct.png',100,'유디갤러리','2024-07-29 06:47:08'),(1334,'상품10',10000,'product_ct.png',100,'유디갤러리','2024-07-29 06:47:08'),(1335,'상품11',11000,'product_ct.png',100,'유디갤러리','2024-07-29 06:47:08'),(1336,'상품12',12000,'product_ct.png',100,'유디갤러리','2024-07-29 06:47:08'),(1337,'상품0',0,'product_fd.png',100,'두껍삼 강남직영점','2024-07-29 07:45:05'),(1338,'상품1',1000,'product_fd.png',100,'두껍삼 강남직영점','2024-07-29 07:45:05'),(1339,'상품2',2000,'product_fd.png',100,'두껍삼 강남직영점','2024-07-29 07:45:05'),(1340,'상품3',3000,'product_fd.png',100,'두껍삼 강남직영점','2024-07-29 07:45:05'),(1341,'상품4',4000,'product_fd.png',100,'두껍삼 강남직영점','2024-07-29 07:45:05'),(1342,'상품5',5000,'product_fd.png',100,'두껍삼 강남직영점','2024-07-29 07:45:05'),(1343,'상품6',6000,'product_fd.png',100,'두껍삼 강남직영점','2024-07-29 07:45:05'),(1344,'상품7',7000,'product_fd.png',100,'두껍삼 강남직영점','2024-07-29 07:45:05'),(1345,'상품8',8000,'product_fd.png',100,'두껍삼 강남직영점','2024-07-29 07:45:05'),(1346,'상품9',9000,'product_fd.png',100,'두껍삼 강남직영점','2024-07-29 07:45:05'),(1347,'상품10',10000,'product_fd.png',100,'두껍삼 강남직영점','2024-07-29 07:45:05'),(1348,'상품11',11000,'product_fd.png',100,'두껍삼 강남직영점','2024-07-29 07:45:05'),(1349,'상품12',12000,'product_fd.png',100,'두껍삼 강남직영점','2024-07-29 07:45:05'),(1350,'상품13',13000,'product_fd.png',100,'두껍삼 강남직영점','2024-07-29 07:45:05'),(1351,'상품14',14000,'product_fd.png',100,'두껍삼 강남직영점','2024-07-29 07:45:05'),(1352,'상품15',15000,'product_fd.png',100,'두껍삼 강남직영점','2024-07-29 07:45:05'),(1353,'상품16',16000,'product_fd.png',100,'두껍삼 강남직영점','2024-07-29 07:45:05'),(1354,'상품17',17000,'product_fd.png',100,'두껍삼 강남직영점','2024-07-29 07:45:05'),(1355,'상품18',18000,'product_fd.png',100,'두껍삼 강남직영점','2024-07-29 07:45:05'),(1356,'상품19',19000,'product_fd.png',100,'두껍삼 강남직영점','2024-07-29 07:45:05'),(1357,'상품20',20000,'product_fd.png',100,'두껍삼 강남직영점','2024-07-29 07:45:05'),(1358,'상품21',21000,'product_fd.png',100,'두껍삼 강남직영점','2024-07-29 07:45:05'),(1359,'상품22',22000,'product_fd.png',100,'두껍삼 강남직영점','2024-07-29 07:45:05'),(1360,'상품23',23000,'product_fd.png',100,'두껍삼 강남직영점','2024-07-29 07:45:05'),(1361,'상품24',24000,'product_fd.png',100,'두껍삼 강남직영점','2024-07-29 07:45:05'),(1362,'상품25',25000,'product_fd.png',100,'두껍삼 강남직영점','2024-07-29 07:45:05'),(1363,'상품26',26000,'product_fd.png',100,'두껍삼 강남직영점','2024-07-29 07:45:05'),(1364,'상품27',27000,'product_fd.png',100,'두껍삼 강남직영점','2024-07-29 07:45:05'),(1365,'상품28',28000,'product_fd.png',100,'두껍삼 강남직영점','2024-07-29 07:45:05'),(1366,'상품29',29000,'product_fd.png',100,'두껍삼 강남직영점','2024-07-29 07:45:05'),(1367,'상품30',30000,'product_fd.png',100,'두껍삼 강남직영점','2024-07-29 07:45:05'),(1368,'상품31',31000,'product_fd.png',100,'두껍삼 강남직영점','2024-07-29 07:45:05'),(1369,'상품32',32000,'product_fd.png',100,'두껍삼 강남직영점','2024-07-29 07:45:05'),(1370,'상품33',33000,'product_fd.png',100,'두껍삼 강남직영점','2024-07-29 07:45:05'),(1371,'상품34',34000,'product_fd.png',100,'두껍삼 강남직영점','2024-07-29 07:45:05'),(1372,'상품35',35000,'product_fd.png',100,'두껍삼 강남직영점','2024-07-29 07:45:05'),(1373,'상품0',0,'product_cs.png',100,'CU 역삼푸른점','2024-07-30 06:33:53'),(1374,'상품1',1000,'product_cs.png',100,'CU 역삼푸른점','2024-07-30 06:33:53'),(1375,'상품2',2000,'product_cs.png',100,'CU 역삼푸른점','2024-07-30 06:33:53'),(1376,'상품3',3000,'product_cs.png',100,'CU 역삼푸른점','2024-07-30 06:33:54'),(1377,'상품4',4000,'product_cs.png',100,'CU 역삼푸른점','2024-07-30 06:33:54'),(1378,'상품5',5000,'product_cs.png',100,'CU 역삼푸른점','2024-07-30 06:33:54'),(1379,'상품6',6000,'product_cs.png',100,'CU 역삼푸른점','2024-07-30 06:33:54'),(1380,'상품7',7000,'product_cs.png',100,'CU 역삼푸른점','2024-07-30 06:33:54'),(1381,'상품8',8000,'product_cs.png',100,'CU 역삼푸른점','2024-07-30 06:33:54'),(1382,'상품9',9000,'product_cs.png',100,'CU 역삼푸른점','2024-07-30 06:33:54'),(1383,'상품10',10000,'product_cs.png',100,'CU 역삼푸른점','2024-07-30 06:33:54'),(1384,'상품11',11000,'product_cs.png',100,'CU 역삼푸른점','2024-07-30 06:33:54'),(1385,'상품12',12000,'product_cs.png',100,'CU 역삼푸른점','2024-07-30 06:33:54'),(1386,'상품13',13000,'product_cs.png',100,'CU 역삼푸른점','2024-07-30 06:33:54'),(1387,'상품14',14000,'product_cs.png',100,'CU 역삼푸른점','2024-07-30 06:33:54'),(1388,'상품15',15000,'product_cs.png',100,'CU 역삼푸른점','2024-07-30 06:33:54'),(1389,'상품16',16000,'product_cs.png',100,'CU 역삼푸른점','2024-07-30 06:33:54'),(1390,'상품17',17000,'product_cs.png',100,'CU 역삼푸른점','2024-07-30 06:33:54'),(1391,'상품18',18000,'product_cs.png',100,'CU 역삼푸른점','2024-07-30 06:33:54'),(1392,'상품19',19000,'product_cs.png',100,'CU 역삼푸른점','2024-07-30 06:33:54'),(1393,'상품20',20000,'product_cs.png',100,'CU 역삼푸른점','2024-07-30 06:33:54'),(1394,'상품21',21000,'product_cs.png',100,'CU 역삼푸른점','2024-07-30 06:33:54'),(1395,'상품22',22000,'product_cs.png',100,'CU 역삼푸른점','2024-07-30 06:33:54'),(1396,'상품23',23000,'product_cs.png',100,'CU 역삼푸른점','2024-07-30 06:33:54'),(1397,'상품24',24000,'product_cs.png',100,'CU 역삼푸른점','2024-07-30 06:33:54'),(1398,'상품25',25000,'product_cs.png',100,'CU 역삼푸른점','2024-07-30 06:33:54'),(1399,'상품26',26000,'product_cs.png',100,'CU 역삼푸른점','2024-07-30 06:33:54'),(1400,'상품27',27000,'product_cs.png',100,'CU 역삼푸른점','2024-07-30 06:33:54'),(1401,'상품28',28000,'product_cs.png',100,'CU 역삼푸른점','2024-07-30 06:33:54'),(1402,'상품29',29000,'product_cs.png',100,'CU 역삼푸른점','2024-07-30 06:33:54'),(1403,'상품30',30000,'product_cs.png',100,'CU 역삼푸른점','2024-07-30 06:33:54'),(1404,'상품31',31000,'product_cs.png',100,'CU 역삼푸른점','2024-07-30 06:33:54'),(1405,'상품32',32000,'product_cs.png',100,'CU 역삼푸른점','2024-07-30 06:33:54'),(1406,'상품33',33000,'product_cs.png',100,'CU 역삼푸른점','2024-07-30 06:33:54'),(1407,'상품34',34000,'product_cs.png',100,'CU 역삼푸른점','2024-07-30 06:33:54'),(1408,'상품35',35000,'product_cs.png',100,'CU 역삼푸른점','2024-07-30 06:33:54'),(1409,'상품36',36000,'product_cs.png',100,'CU 역삼푸른점','2024-07-30 06:33:54'),(1410,'상품37',37000,'product_cs.png',100,'CU 역삼푸른점','2024-07-30 06:33:54'),(1411,'상품38',38000,'product_cs.png',100,'CU 역삼푸른점','2024-07-30 06:33:54'),(1412,'상품0',0,'product_cs.png',100,'CU 서초현대렉시온점','2024-07-30 06:33:56'),(1413,'상품1',1000,'product_cs.png',100,'CU 서초현대렉시온점','2024-07-30 06:33:56'),(1414,'상품2',2000,'product_cs.png',100,'CU 서초현대렉시온점','2024-07-30 06:33:56'),(1415,'상품3',3000,'product_cs.png',100,'CU 서초현대렉시온점','2024-07-30 06:33:56'),(1416,'상품4',4000,'product_cs.png',100,'CU 서초현대렉시온점','2024-07-30 06:33:56'),(1417,'상품5',5000,'product_cs.png',100,'CU 서초현대렉시온점','2024-07-30 06:33:56'),(1418,'상품6',6000,'product_cs.png',100,'CU 서초현대렉시온점','2024-07-30 06:33:56'),(1419,'상품7',7000,'product_cs.png',100,'CU 서초현대렉시온점','2024-07-30 06:33:56'),(1420,'상품8',8000,'product_cs.png',100,'CU 서초현대렉시온점','2024-07-30 06:33:56'),(1421,'상품9',9000,'product_cs.png',100,'CU 서초현대렉시온점','2024-07-30 06:33:56'),(1422,'상품10',10000,'product_cs.png',100,'CU 서초현대렉시온점','2024-07-30 06:33:56'),(1423,'상품11',11000,'product_cs.png',100,'CU 서초현대렉시온점','2024-07-30 06:33:56'),(1424,'상품12',12000,'product_cs.png',100,'CU 서초현대렉시온점','2024-07-30 06:33:56'),(1425,'상품13',13000,'product_cs.png',100,'CU 서초현대렉시온점','2024-07-30 06:33:56'),(1426,'상품0',0,'product_cs.png',100,'CU 서초에피소드점','2024-07-30 06:33:57'),(1427,'상품1',1000,'product_cs.png',100,'CU 서초에피소드점','2024-07-30 06:33:57'),(1428,'상품2',2000,'product_cs.png',100,'CU 서초에피소드점','2024-07-30 06:33:57'),(1429,'상품3',3000,'product_cs.png',100,'CU 서초에피소드점','2024-07-30 06:33:57'),(1430,'상품4',4000,'product_cs.png',100,'CU 서초에피소드점','2024-07-30 06:33:57'),(1431,'상품5',5000,'product_cs.png',100,'CU 서초에피소드점','2024-07-30 06:33:57'),(1432,'상품6',6000,'product_cs.png',100,'CU 서초에피소드점','2024-07-30 06:33:57'),(1433,'상품7',7000,'product_cs.png',100,'CU 서초에피소드점','2024-07-30 06:33:57'),(1434,'상품8',8000,'product_cs.png',100,'CU 서초에피소드점','2024-07-30 06:33:57'),(1435,'상품9',9000,'product_cs.png',100,'CU 서초에피소드점','2024-07-30 06:33:57'),(1436,'상품10',10000,'product_cs.png',100,'CU 서초에피소드점','2024-07-30 06:33:57'),(1437,'상품11',11000,'product_cs.png',100,'CU 서초에피소드점','2024-07-30 06:33:57'),(1438,'상품12',12000,'product_cs.png',100,'CU 서초에피소드점','2024-07-30 06:33:57'),(1439,'상품13',13000,'product_cs.png',100,'CU 서초에피소드점','2024-07-30 06:33:57'),(1440,'상품14',14000,'product_cs.png',100,'CU 서초에피소드점','2024-07-30 06:33:57'),(1441,'상품15',15000,'product_cs.png',100,'CU 서초에피소드점','2024-07-30 06:33:57'),(1442,'상품16',16000,'product_cs.png',100,'CU 서초에피소드점','2024-07-30 06:33:57'),(1443,'상품17',17000,'product_cs.png',100,'CU 서초에피소드점','2024-07-30 06:33:57'),(1444,'상품18',18000,'product_cs.png',100,'CU 서초에피소드점','2024-07-30 06:33:57'),(1445,'상품19',19000,'product_cs.png',100,'CU 서초에피소드점','2024-07-30 06:33:57'),(1446,'상품20',20000,'product_cs.png',100,'CU 서초에피소드점','2024-07-30 06:33:57'),(1447,'상품21',21000,'product_cs.png',100,'CU 서초에피소드점','2024-07-30 06:33:57'),(1448,'상품22',22000,'product_cs.png',100,'CU 서초에피소드점','2024-07-30 06:33:57'),(1449,'상품23',23000,'product_cs.png',100,'CU 서초에피소드점','2024-07-30 06:33:57'),(1450,'상품24',24000,'product_cs.png',100,'CU 서초에피소드점','2024-07-30 06:33:57'),(1451,'상품25',25000,'product_cs.png',100,'CU 서초에피소드점','2024-07-30 06:33:57'),(1452,'상품0',0,'product_cs.png',100,'CU 서초어벤져스점','2024-07-30 06:34:06'),(1453,'상품1',1000,'product_cs.png',100,'CU 서초어벤져스점','2024-07-30 06:34:06'),(1454,'상품2',2000,'product_cs.png',100,'CU 서초어벤져스점','2024-07-30 06:34:06'),(1455,'상품3',3000,'product_cs.png',100,'CU 서초어벤져스점','2024-07-30 06:34:06'),(1456,'상품0',0,'product_cs.png',100,'CU 서초골드로즈점','2024-07-30 06:34:06'),(1457,'상품1',1000,'product_cs.png',100,'CU 서초골드로즈점','2024-07-30 06:34:06'),(1458,'상품2',2000,'product_cs.png',100,'CU 서초골드로즈점','2024-07-30 06:34:06'),(1459,'상품3',3000,'product_cs.png',100,'CU 서초골드로즈점','2024-07-30 06:34:06'),(1460,'상품4',4000,'product_cs.png',100,'CU 서초골드로즈점','2024-07-30 06:34:06'),(1461,'상품5',5000,'product_cs.png',100,'CU 서초골드로즈점','2024-07-30 06:34:06'),(1462,'상품6',6000,'product_cs.png',100,'CU 서초골드로즈점','2024-07-30 06:34:06'),(1463,'상품7',7000,'product_cs.png',100,'CU 서초골드로즈점','2024-07-30 06:34:06'),(1464,'상품8',8000,'product_cs.png',100,'CU 서초골드로즈점','2024-07-30 06:34:06'),(1465,'상품9',9000,'product_cs.png',100,'CU 서초골드로즈점','2024-07-30 06:34:06'),(1466,'상품10',10000,'product_cs.png',100,'CU 서초골드로즈점','2024-07-30 06:34:06'),(1467,'상품11',11000,'product_cs.png',100,'CU 서초골드로즈점','2024-07-30 06:34:06'),(1468,'상품12',12000,'product_cs.png',100,'CU 서초골드로즈점','2024-07-30 06:34:06'),(1469,'상품13',13000,'product_cs.png',100,'CU 서초골드로즈점','2024-07-30 06:34:06'),(1470,'상품14',14000,'product_cs.png',100,'CU 서초골드로즈점','2024-07-30 06:34:06'),(1471,'상품15',15000,'product_cs.png',100,'CU 서초골드로즈점','2024-07-30 06:34:06'),(1472,'상품16',16000,'product_cs.png',100,'CU 서초골드로즈점','2024-07-30 06:34:06'),(1473,'상품17',17000,'product_cs.png',100,'CU 서초골드로즈점','2024-07-30 06:34:06'),(1474,'상품18',18000,'product_cs.png',100,'CU 서초골드로즈점','2024-07-30 06:34:06'),(1475,'상품19',19000,'product_cs.png',100,'CU 서초골드로즈점','2024-07-30 06:34:06'),(1476,'상품20',20000,'product_cs.png',100,'CU 서초골드로즈점','2024-07-30 06:34:06'),(1477,'상품21',21000,'product_cs.png',100,'CU 서초골드로즈점','2024-07-30 06:34:06'),(1478,'상품22',22000,'product_cs.png',100,'CU 서초골드로즈점','2024-07-30 06:34:07'),(1479,'상품23',23000,'product_cs.png',100,'CU 서초골드로즈점','2024-07-30 06:34:07'),(1480,'상품24',24000,'product_cs.png',100,'CU 서초골드로즈점','2024-07-30 06:34:07'),(1481,'상품25',25000,'product_cs.png',100,'CU 서초골드로즈점','2024-07-30 06:34:07'),(1482,'상품26',26000,'product_cs.png',100,'CU 서초골드로즈점','2024-07-30 06:34:07'),(1483,'상품27',27000,'product_cs.png',100,'CU 서초골드로즈점','2024-07-30 06:34:07'),(1484,'상품28',28000,'product_cs.png',100,'CU 서초골드로즈점','2024-07-30 06:34:07'),(1485,'상품29',29000,'product_cs.png',100,'CU 서초골드로즈점','2024-07-30 06:34:07'),(1486,'상품30',30000,'product_cs.png',100,'CU 서초골드로즈점','2024-07-30 06:34:07'),(1487,'상품31',31000,'product_cs.png',100,'CU 서초골드로즈점','2024-07-30 06:34:07'),(1488,'상품32',32000,'product_cs.png',100,'CU 서초골드로즈점','2024-07-30 06:34:07'),(1489,'상품33',33000,'product_cs.png',100,'CU 서초골드로즈점','2024-07-30 06:34:07'),(1490,'상품34',34000,'product_cs.png',100,'CU 서초골드로즈점','2024-07-30 06:34:07'),(1491,'상품0',0,'product_cs.png',100,'GS25 서초효성점','2024-07-30 06:34:40'),(1492,'상품1',1000,'product_cs.png',100,'GS25 서초효성점','2024-07-30 06:34:40'),(1493,'상품2',2000,'product_cs.png',100,'GS25 서초효성점','2024-07-30 06:34:40'),(1494,'상품0',0,'product_cs.png',100,'GS25 서초세인트점','2024-07-30 06:34:42'),(1495,'상품1',1000,'product_cs.png',100,'GS25 서초세인트점','2024-07-30 06:34:42'),(1496,'상품2',2000,'product_cs.png',100,'GS25 서초세인트점','2024-07-30 06:34:42'),(1497,'상품3',3000,'product_cs.png',100,'GS25 서초세인트점','2024-07-30 06:34:42'),(1498,'상품4',4000,'product_cs.png',100,'GS25 서초세인트점','2024-07-30 06:34:42'),(1499,'상품5',5000,'product_cs.png',100,'GS25 서초세인트점','2024-07-30 06:34:42'),(1500,'상품6',6000,'product_cs.png',100,'GS25 서초세인트점','2024-07-30 06:34:42'),(1501,'상품7',7000,'product_cs.png',100,'GS25 서초세인트점','2024-07-30 06:34:42'),(1502,'상품8',8000,'product_cs.png',100,'GS25 서초세인트점','2024-07-30 06:34:42'),(1503,'상품9',9000,'product_cs.png',100,'GS25 서초세인트점','2024-07-30 06:34:42'),(1504,'상품10',10000,'product_cs.png',100,'GS25 서초세인트점','2024-07-30 06:34:42'),(1505,'상품11',11000,'product_cs.png',100,'GS25 서초세인트점','2024-07-30 06:34:42'),(1506,'상품12',12000,'product_cs.png',100,'GS25 서초세인트점','2024-07-30 06:34:42'),(1507,'상품13',13000,'product_cs.png',100,'GS25 서초세인트점','2024-07-30 06:34:42'),(1508,'상품14',14000,'product_cs.png',100,'GS25 서초세인트점','2024-07-30 06:34:42'),(1509,'상품15',15000,'product_cs.png',100,'GS25 서초세인트점','2024-07-30 06:34:42'),(1510,'상품16',16000,'product_cs.png',100,'GS25 서초세인트점','2024-07-30 06:34:42'),(1511,'상품17',17000,'product_cs.png',100,'GS25 서초세인트점','2024-07-30 06:34:42'),(1512,'상품18',18000,'product_cs.png',100,'GS25 서초세인트점','2024-07-30 06:34:42'),(1513,'상품19',19000,'product_cs.png',100,'GS25 서초세인트점','2024-07-30 06:34:42'),(1514,'상품20',20000,'product_cs.png',100,'GS25 서초세인트점','2024-07-30 06:34:42'),(1515,'상품21',21000,'product_cs.png',100,'GS25 서초세인트점','2024-07-30 06:34:42'),(1516,'상품22',22000,'product_cs.png',100,'GS25 서초세인트점','2024-07-30 06:34:42'),(1517,'상품23',23000,'product_cs.png',100,'GS25 서초세인트점','2024-07-30 06:34:42'),(1518,'상품24',24000,'product_cs.png',100,'GS25 서초세인트점','2024-07-30 06:34:42'),(1519,'상품25',25000,'product_cs.png',100,'GS25 서초세인트점','2024-07-30 06:34:42'),(1520,'상품26',26000,'product_cs.png',100,'GS25 서초세인트점','2024-07-30 06:34:42'),(1521,'상품27',27000,'product_cs.png',100,'GS25 서초세인트점','2024-07-30 06:34:42'),(1522,'상품28',28000,'product_cs.png',100,'GS25 서초세인트점','2024-07-30 06:34:42'),(1523,'상품29',29000,'product_cs.png',100,'GS25 서초세인트점','2024-07-30 06:34:42'),(1524,'상품0',0,'product_cs.png',100,'GS25 역삼성우점','2024-07-30 06:35:00'),(1525,'상품1',1000,'product_cs.png',100,'GS25 역삼성우점','2024-07-30 06:35:00'),(1526,'상품2',2000,'product_cs.png',100,'GS25 역삼성우점','2024-07-30 06:35:00'),(1527,'상품3',3000,'product_cs.png',100,'GS25 역삼성우점','2024-07-30 06:35:00'),(1528,'상품4',4000,'product_cs.png',100,'GS25 역삼성우점','2024-07-30 06:35:00'),(1529,'상품5',5000,'product_cs.png',100,'GS25 역삼성우점','2024-07-30 06:35:00'),(1530,'상품6',6000,'product_cs.png',100,'GS25 역삼성우점','2024-07-30 06:35:00'),(1531,'상품7',7000,'product_cs.png',100,'GS25 역삼성우점','2024-07-30 06:35:00'),(1532,'상품0',0,'product_cs.png',100,'GS25 강남쌍용점','2024-07-30 06:35:11'),(1533,'상품1',1000,'product_cs.png',100,'GS25 강남쌍용점','2024-07-30 06:35:11'),(1534,'상품2',2000,'product_cs.png',100,'GS25 강남쌍용점','2024-07-30 06:35:11'),(1535,'상품3',3000,'product_cs.png',100,'GS25 강남쌍용점','2024-07-30 06:35:11'),(1536,'상품4',4000,'product_cs.png',100,'GS25 강남쌍용점','2024-07-30 06:35:11'),(1537,'상품5',5000,'product_cs.png',100,'GS25 강남쌍용점','2024-07-30 06:35:12'),(1538,'상품6',6000,'product_cs.png',100,'GS25 강남쌍용점','2024-07-30 06:35:12'),(1539,'상품7',7000,'product_cs.png',100,'GS25 강남쌍용점','2024-07-30 06:35:12'),(1540,'상품8',8000,'product_cs.png',100,'GS25 강남쌍용점','2024-07-30 06:35:12'),(1541,'상품9',9000,'product_cs.png',100,'GS25 강남쌍용점','2024-07-30 06:35:12'),(1542,'상품10',10000,'product_cs.png',100,'GS25 강남쌍용점','2024-07-30 06:35:12'),(1543,'상품11',11000,'product_cs.png',100,'GS25 강남쌍용점','2024-07-30 06:35:12'),(1544,'상품12',12000,'product_cs.png',100,'GS25 강남쌍용점','2024-07-30 06:35:12'),(1545,'상품13',13000,'product_cs.png',100,'GS25 강남쌍용점','2024-07-30 06:35:12'),(1546,'상품14',14000,'product_cs.png',100,'GS25 강남쌍용점','2024-07-30 06:35:12'),(1547,'상품15',15000,'product_cs.png',100,'GS25 강남쌍용점','2024-07-30 06:35:12'),(1548,'상품16',16000,'product_cs.png',100,'GS25 강남쌍용점','2024-07-30 06:35:12'),(1549,'상품17',17000,'product_cs.png',100,'GS25 강남쌍용점','2024-07-30 06:35:12'),(1550,'상품18',18000,'product_cs.png',100,'GS25 강남쌍용점','2024-07-30 06:35:12'),(1551,'상품19',19000,'product_cs.png',100,'GS25 강남쌍용점','2024-07-30 06:35:12'),(1552,'상품0',0,'product_cs.png',100,'GS25 역삼태극점','2024-07-30 06:35:12'),(1553,'상품1',1000,'product_cs.png',100,'GS25 역삼태극점','2024-07-30 06:35:12'),(1554,'상품2',2000,'product_cs.png',100,'GS25 역삼태극점','2024-07-30 06:35:12'),(1555,'상품3',3000,'product_cs.png',100,'GS25 역삼태극점','2024-07-30 06:35:12'),(1556,'상품4',4000,'product_cs.png',100,'GS25 역삼태극점','2024-07-30 06:35:12'),(1557,'상품5',5000,'product_cs.png',100,'GS25 역삼태극점','2024-07-30 06:35:12'),(1558,'상품6',6000,'product_cs.png',100,'GS25 역삼태극점','2024-07-30 06:35:12'),(1559,'상품7',7000,'product_cs.png',100,'GS25 역삼태극점','2024-07-30 06:35:12'),(1560,'상품8',8000,'product_cs.png',100,'GS25 역삼태극점','2024-07-30 06:35:12'),(1561,'상품9',9000,'product_cs.png',100,'GS25 역삼태극점','2024-07-30 06:35:12'),(1562,'상품10',10000,'product_cs.png',100,'GS25 역삼태극점','2024-07-30 06:35:12'),(1563,'상품11',11000,'product_cs.png',100,'GS25 역삼태극점','2024-07-30 06:35:12'),(1564,'상품12',12000,'product_cs.png',100,'GS25 역삼태극점','2024-07-30 06:35:12'),(1565,'상품13',13000,'product_cs.png',100,'GS25 역삼태극점','2024-07-30 06:35:12'),(1566,'상품14',14000,'product_cs.png',100,'GS25 역삼태극점','2024-07-30 06:35:12'),(1567,'상품15',15000,'product_cs.png',100,'GS25 역삼태극점','2024-07-30 06:35:12'),(1568,'상품16',16000,'product_cs.png',100,'GS25 역삼태극점','2024-07-30 06:35:12'),(1569,'상품17',17000,'product_cs.png',100,'GS25 역삼태극점','2024-07-30 06:35:12'),(1570,'상품18',18000,'product_cs.png',100,'GS25 역삼태극점','2024-07-30 06:35:12'),(1571,'상품19',19000,'product_cs.png',100,'GS25 역삼태극점','2024-07-30 06:35:12'),(1572,'상품20',20000,'product_cs.png',100,'GS25 역삼태극점','2024-07-30 06:35:12'),(1573,'상품21',21000,'product_cs.png',100,'GS25 역삼태극점','2024-07-30 06:35:12'),(1574,'상품22',22000,'product_cs.png',100,'GS25 역삼태극점','2024-07-30 06:35:12'),(1575,'상품23',23000,'product_cs.png',100,'GS25 역삼태극점','2024-07-30 06:35:12'),(1576,'상품24',24000,'product_cs.png',100,'GS25 역삼태극점','2024-07-30 06:35:12'),(1577,'상품25',25000,'product_cs.png',100,'GS25 역삼태극점','2024-07-30 06:35:12'),(1578,'상품26',26000,'product_cs.png',100,'GS25 역삼태극점','2024-07-30 06:35:12'),(1579,'상품27',27000,'product_cs.png',100,'GS25 역삼태극점','2024-07-30 06:35:12'),(1580,'상품28',28000,'product_cs.png',100,'GS25 역삼태극점','2024-07-30 06:35:12'),(1581,'상품29',29000,'product_cs.png',100,'GS25 역삼태극점','2024-07-30 06:35:12'),(1582,'상품30',30000,'product_cs.png',100,'GS25 역삼태극점','2024-07-30 06:35:12'),(1583,'상품0',0,'product_cs.png',100,'GS25 역삼아워홈점','2024-07-30 06:35:13'),(1584,'상품1',1000,'product_cs.png',100,'GS25 역삼아워홈점','2024-07-30 06:35:13'),(1585,'상품2',2000,'product_cs.png',100,'GS25 역삼아워홈점','2024-07-30 06:35:13'),(1586,'상품3',3000,'product_cs.png',100,'GS25 역삼아워홈점','2024-07-30 06:35:13'),(1587,'상품4',4000,'product_cs.png',100,'GS25 역삼아워홈점','2024-07-30 06:35:13'),(1588,'상품5',5000,'product_cs.png',100,'GS25 역삼아워홈점','2024-07-30 06:35:13'),(1589,'상품6',6000,'product_cs.png',100,'GS25 역삼아워홈점','2024-07-30 06:35:13'),(1590,'상품7',7000,'product_cs.png',100,'GS25 역삼아워홈점','2024-07-30 06:35:13'),(1591,'상품8',8000,'product_cs.png',100,'GS25 역삼아워홈점','2024-07-30 06:35:13'),(1592,'상품9',9000,'product_cs.png',100,'GS25 역삼아워홈점','2024-07-30 06:35:13'),(1593,'상품10',10000,'product_cs.png',100,'GS25 역삼아워홈점','2024-07-30 06:35:13'),(1594,'상품11',11000,'product_cs.png',100,'GS25 역삼아워홈점','2024-07-30 06:35:13'),(1595,'상품12',12000,'product_cs.png',100,'GS25 역삼아워홈점','2024-07-30 06:35:13'),(1596,'상품13',13000,'product_cs.png',100,'GS25 역삼아워홈점','2024-07-30 06:35:13'),(1597,'상품14',14000,'product_cs.png',100,'GS25 역삼아워홈점','2024-07-30 06:35:13'),(1598,'상품15',15000,'product_cs.png',100,'GS25 역삼아워홈점','2024-07-30 06:35:13'),(1599,'상품16',16000,'product_cs.png',100,'GS25 역삼아워홈점','2024-07-30 06:35:13'),(1600,'상품17',17000,'product_cs.png',100,'GS25 역삼아워홈점','2024-07-30 06:35:13'),(1601,'상품18',18000,'product_cs.png',100,'GS25 역삼아워홈점','2024-07-30 06:35:13'),(1602,'상품19',19000,'product_cs.png',100,'GS25 역삼아워홈점','2024-07-30 06:35:13'),(1603,'상품0',0,'product_cs.png',100,'CU 서초도씨에빛점','2024-08-01 01:14:13'),(1604,'상품1',1000,'product_cs.png',100,'CU 서초도씨에빛점','2024-08-01 01:14:13'),(1605,'상품2',2000,'product_cs.png',100,'CU 서초도씨에빛점','2024-08-01 01:14:13'),(1606,'상품3',3000,'product_cs.png',100,'CU 서초도씨에빛점','2024-08-01 01:14:13'),(1607,'상품4',4000,'product_cs.png',100,'CU 서초도씨에빛점','2024-08-01 01:14:13'),(1608,'상품5',5000,'product_cs.png',100,'CU 서초도씨에빛점','2024-08-01 01:14:13'),(1609,'상품6',6000,'product_cs.png',100,'CU 서초도씨에빛점','2024-08-01 01:14:13'),(1610,'상품7',7000,'product_cs.png',100,'CU 서초도씨에빛점','2024-08-01 01:14:13'),(1611,'상품8',8000,'product_cs.png',100,'CU 서초도씨에빛점','2024-08-01 01:14:13'),(1612,'상품9',9000,'product_cs.png',100,'CU 서초도씨에빛점','2024-08-01 01:14:13'),(1613,'상품10',10000,'product_cs.png',100,'CU 서초도씨에빛점','2024-08-01 01:14:13'),(1614,'상품11',11000,'product_cs.png',100,'CU 서초도씨에빛점','2024-08-01 01:14:13'),(1615,'상품12',12000,'product_cs.png',100,'CU 서초도씨에빛점','2024-08-01 01:14:13'),(1616,'상품13',13000,'product_cs.png',100,'CU 서초도씨에빛점','2024-08-01 01:14:13'),(1617,'상품14',14000,'product_cs.png',100,'CU 서초도씨에빛점','2024-08-01 01:14:13'),(1618,'상품15',15000,'product_cs.png',100,'CU 서초도씨에빛점','2024-08-01 01:14:13'),(1619,'상품16',16000,'product_cs.png',100,'CU 서초도씨에빛점','2024-08-01 01:14:13'),(1620,'상품17',17000,'product_cs.png',100,'CU 서초도씨에빛점','2024-08-01 01:14:13'),(1621,'상품18',18000,'product_cs.png',100,'CU 서초도씨에빛점','2024-08-01 01:14:13'),(1622,'상품19',19000,'product_cs.png',100,'CU 서초도씨에빛점','2024-08-01 01:14:13'),(1623,'상품20',20000,'product_cs.png',100,'CU 서초도씨에빛점','2024-08-01 01:14:13'),(1624,'상품21',21000,'product_cs.png',100,'CU 서초도씨에빛점','2024-08-01 01:14:13'),(1625,'상품22',22000,'product_cs.png',100,'CU 서초도씨에빛점','2024-08-01 01:14:13'),(1626,'상품23',23000,'product_cs.png',100,'CU 서초도씨에빛점','2024-08-01 01:14:13'),(1627,'상품24',24000,'product_cs.png',100,'CU 서초도씨에빛점','2024-08-01 01:14:13'),(1628,'상품25',25000,'product_cs.png',100,'CU 서초도씨에빛점','2024-08-01 01:14:13'),(1629,'상품26',26000,'product_cs.png',100,'CU 서초도씨에빛점','2024-08-01 01:14:13'),(1630,'상품27',27000,'product_cs.png',100,'CU 서초도씨에빛점','2024-08-01 01:14:13'),(1631,'상품28',28000,'product_cs.png',100,'CU 서초도씨에빛점','2024-08-01 01:14:13'),(1632,'상품29',29000,'product_cs.png',100,'CU 서초도씨에빛점','2024-08-01 01:14:13'),(1633,'상품30',30000,'product_cs.png',100,'CU 서초도씨에빛점','2024-08-01 01:14:13'),(1634,'상품31',31000,'product_cs.png',100,'CU 서초도씨에빛점','2024-08-01 01:14:13'),(1635,'상품32',32000,'product_cs.png',100,'CU 서초도씨에빛점','2024-08-01 01:14:13'),(1636,'상품0',0,'product_cs.png',100,'GS25 서초영동점','2024-08-05 02:47:44'),(1637,'상품1',1000,'product_cs.png',100,'GS25 서초영동점','2024-08-05 02:47:45'),(1638,'상품2',2000,'product_cs.png',100,'GS25 서초영동점','2024-08-05 02:47:45'),(1639,'상품3',3000,'product_cs.png',100,'GS25 서초영동점','2024-08-05 02:47:45'),(1640,'상품4',4000,'product_cs.png',100,'GS25 서초영동점','2024-08-05 02:47:45'),(1641,'상품5',5000,'product_cs.png',100,'GS25 서초영동점','2024-08-05 02:47:45'),(1642,'상품6',6000,'product_cs.png',100,'GS25 서초영동점','2024-08-05 02:47:45'),(1643,'상품7',7000,'product_cs.png',100,'GS25 서초영동점','2024-08-05 02:47:45'),(1644,'상품8',8000,'product_cs.png',100,'GS25 서초영동점','2024-08-05 02:47:45'),(1645,'상품9',9000,'product_cs.png',100,'GS25 서초영동점','2024-08-05 02:47:45'),(1646,'상품10',10000,'product_cs.png',100,'GS25 서초영동점','2024-08-05 02:47:45'),(1647,'상품11',11000,'product_cs.png',100,'GS25 서초영동점','2024-08-05 02:47:45'),(1648,'상품12',12000,'product_cs.png',100,'GS25 서초영동점','2024-08-05 02:47:45'),(1649,'상품13',13000,'product_cs.png',100,'GS25 서초영동점','2024-08-05 02:47:45'),(1650,'상품14',14000,'product_cs.png',100,'GS25 서초영동점','2024-08-05 02:47:45'),(1651,'상품15',15000,'product_cs.png',100,'GS25 서초영동점','2024-08-05 02:47:45'),(1652,'상품16',16000,'product_cs.png',100,'GS25 서초영동점','2024-08-05 02:47:45'),(1653,'상품17',17000,'product_cs.png',100,'GS25 서초영동점','2024-08-05 02:47:45'),(1654,'상품18',18000,'product_cs.png',100,'GS25 서초영동점','2024-08-05 02:47:45'),(1655,'상품19',19000,'product_cs.png',100,'GS25 서초영동점','2024-08-05 02:47:45'),(1656,'상품20',20000,'product_cs.png',100,'GS25 서초영동점','2024-08-05 02:47:45'),(1657,'상품21',21000,'product_cs.png',100,'GS25 서초영동점','2024-08-05 02:47:45'),(1658,'상품22',22000,'product_cs.png',100,'GS25 서초영동점','2024-08-05 02:47:45'),(1659,'상품23',23000,'product_cs.png',100,'GS25 서초영동점','2024-08-05 02:47:45'),(1660,'상품24',24000,'product_cs.png',100,'GS25 서초영동점','2024-08-05 02:47:45'),(1661,'상품25',25000,'product_cs.png',100,'GS25 서초영동점','2024-08-05 02:47:45'),(1662,'상품26',26000,'product_cs.png',100,'GS25 서초영동점','2024-08-05 02:47:45'),(1663,'상품27',27000,'product_cs.png',100,'GS25 서초영동점','2024-08-05 02:47:45'),(1664,'상품28',28000,'product_cs.png',100,'GS25 서초영동점','2024-08-05 02:47:45'),(1665,'상품29',29000,'product_cs.png',100,'GS25 서초영동점','2024-08-05 02:47:45'),(1666,'상품30',30000,'product_cs.png',100,'GS25 서초영동점','2024-08-05 02:47:45'),(1667,'상품0',0,'product_ce.png',100,'스타벅스 강남역신분당역사점','2024-08-06 02:34:36'),(1668,'상품1',1000,'product_ce.png',100,'스타벅스 강남역신분당역사점','2024-08-06 02:34:36'),(1669,'상품2',2000,'product_ce.png',100,'스타벅스 강남역신분당역사점','2024-08-06 02:34:36'),(1670,'상품3',3000,'product_ce.png',100,'스타벅스 강남역신분당역사점','2024-08-06 02:34:36'),(1671,'상품4',4000,'product_ce.png',100,'스타벅스 강남역신분당역사점','2024-08-06 02:34:36'),(1672,'상품5',5000,'product_ce.png',100,'스타벅스 강남역신분당역사점','2024-08-06 02:34:36'),(1673,'상품6',6000,'product_ce.png',100,'스타벅스 강남역신분당역사점','2024-08-06 02:34:36'),(1674,'상품7',7000,'product_ce.png',100,'스타벅스 강남역신분당역사점','2024-08-06 02:34:36'),(1675,'상품8',8000,'product_ce.png',100,'스타벅스 강남역신분당역사점','2024-08-06 02:34:36'),(1676,'상품9',9000,'product_ce.png',100,'스타벅스 강남역신분당역사점','2024-08-06 02:34:36'),(1677,'상품10',10000,'product_ce.png',100,'스타벅스 강남역신분당역사점','2024-08-06 02:34:36'),(1678,'상품11',11000,'product_ce.png',100,'스타벅스 강남역신분당역사점','2024-08-06 02:34:36'),(1679,'상품12',12000,'product_ce.png',100,'스타벅스 강남역신분당역사점','2024-08-06 02:34:36'),(1680,'상품13',13000,'product_ce.png',100,'스타벅스 강남역신분당역사점','2024-08-06 02:34:36'),(1681,'상품14',14000,'product_ce.png',100,'스타벅스 강남역신분당역사점','2024-08-06 02:34:36'),(1682,'상품15',15000,'product_ce.png',100,'스타벅스 강남역신분당역사점','2024-08-06 02:34:36'),(1683,'상품16',16000,'product_ce.png',100,'스타벅스 강남역신분당역사점','2024-08-06 02:34:36'),(1684,'상품17',17000,'product_ce.png',100,'스타벅스 강남역신분당역사점','2024-08-06 02:34:36'),(1685,'상품18',18000,'product_ce.png',100,'스타벅스 강남역신분당역사점','2024-08-06 02:34:36'),(1686,'상품19',19000,'product_ce.png',100,'스타벅스 강남역신분당역사점','2024-08-06 02:34:36'),(1687,'상품0',0,'product_ce.png',100,'스타벅스 서이초교사거리점','2024-08-06 02:37:15'),(1688,'상품1',1000,'product_ce.png',100,'스타벅스 서이초교사거리점','2024-08-06 02:37:15'),(1689,'상품2',2000,'product_ce.png',100,'스타벅스 서이초교사거리점','2024-08-06 02:37:15'),(1690,'상품3',3000,'product_ce.png',100,'스타벅스 서이초교사거리점','2024-08-06 02:37:15'),(1691,'상품4',4000,'product_ce.png',100,'스타벅스 서이초교사거리점','2024-08-06 02:37:15'),(1692,'상품5',5000,'product_ce.png',100,'스타벅스 서이초교사거리점','2024-08-06 02:37:15'),(1693,'상품6',6000,'product_ce.png',100,'스타벅스 서이초교사거리점','2024-08-06 02:37:15'),(1694,'상품7',7000,'product_ce.png',100,'스타벅스 서이초교사거리점','2024-08-06 02:37:15'),(1695,'상품8',8000,'product_ce.png',100,'스타벅스 서이초교사거리점','2024-08-06 02:37:16'),(1696,'상품9',9000,'product_ce.png',100,'스타벅스 서이초교사거리점','2024-08-06 02:37:16'),(1697,'상품10',10000,'product_ce.png',100,'스타벅스 서이초교사거리점','2024-08-06 02:37:16'),(1698,'상품11',11000,'product_ce.png',100,'스타벅스 서이초교사거리점','2024-08-06 02:37:16'),(1699,'상품12',12000,'product_ce.png',100,'스타벅스 서이초교사거리점','2024-08-06 02:37:16'),(1700,'상품13',13000,'product_ce.png',100,'스타벅스 서이초교사거리점','2024-08-06 02:37:16'),(1701,'상품14',14000,'product_ce.png',100,'스타벅스 서이초교사거리점','2024-08-06 02:37:16'),(1702,'상품15',15000,'product_ce.png',100,'스타벅스 서이초교사거리점','2024-08-06 02:37:16'),(1703,'상품16',16000,'product_ce.png',100,'스타벅스 서이초교사거리점','2024-08-06 02:37:16'),(1704,'상품17',17000,'product_ce.png',100,'스타벅스 서이초교사거리점','2024-08-06 02:37:16'),(1705,'상품18',18000,'product_ce.png',100,'스타벅스 서이초교사거리점','2024-08-06 02:37:16'),(1706,'상품19',19000,'product_ce.png',100,'스타벅스 서이초교사거리점','2024-08-06 02:37:16'),(1707,'상품20',20000,'product_ce.png',100,'스타벅스 서이초교사거리점','2024-08-06 02:37:16'),(1708,'상품21',21000,'product_ce.png',100,'스타벅스 서이초교사거리점','2024-08-06 02:37:16'),(1709,'상품22',22000,'product_ce.png',100,'스타벅스 서이초교사거리점','2024-08-06 02:37:16'),(1710,'상품23',23000,'product_ce.png',100,'스타벅스 서이초교사거리점','2024-08-06 02:37:16'),(1711,'상품24',24000,'product_ce.png',100,'스타벅스 서이초교사거리점','2024-08-06 02:37:16'),(1712,'상품25',25000,'product_ce.png',100,'스타벅스 서이초교사거리점','2024-08-06 02:37:16'),(1713,'상품26',26000,'product_ce.png',100,'스타벅스 서이초교사거리점','2024-08-06 02:37:16'),(1714,'상품27',27000,'product_ce.png',100,'스타벅스 서이초교사거리점','2024-08-06 02:37:16'),(1715,'상품28',28000,'product_ce.png',100,'스타벅스 서이초교사거리점','2024-08-06 02:37:16'),(1716,'상품0',0,'product_ce.png',100,'스타벅스 서초파라곤점','2024-08-06 02:37:47'),(1717,'상품1',1000,'product_ce.png',100,'스타벅스 서초파라곤점','2024-08-06 02:37:47'),(1718,'상품2',2000,'product_ce.png',100,'스타벅스 서초파라곤점','2024-08-06 02:37:47'),(1719,'상품3',3000,'product_ce.png',100,'스타벅스 서초파라곤점','2024-08-06 02:37:47'),(1720,'상품4',4000,'product_ce.png',100,'스타벅스 서초파라곤점','2024-08-06 02:37:47'),(1721,'상품5',5000,'product_ce.png',100,'스타벅스 서초파라곤점','2024-08-06 02:37:47'),(1722,'상품6',6000,'product_ce.png',100,'스타벅스 서초파라곤점','2024-08-06 02:37:47'),(1723,'상품0',0,'product_ce.png',100,'스타벅스 강남삼성타운점','2024-08-06 02:37:50'),(1724,'상품1',1000,'product_ce.png',100,'스타벅스 강남삼성타운점','2024-08-06 02:37:50'),(1725,'상품2',2000,'product_ce.png',100,'스타벅스 강남삼성타운점','2024-08-06 02:37:50'),(1726,'상품3',3000,'product_ce.png',100,'스타벅스 강남삼성타운점','2024-08-06 02:37:50'),(1727,'상품4',4000,'product_ce.png',100,'스타벅스 강남삼성타운점','2024-08-06 02:37:50'),(1728,'상품5',5000,'product_ce.png',100,'스타벅스 강남삼성타운점','2024-08-06 02:37:50'),(1729,'상품6',6000,'product_ce.png',100,'스타벅스 강남삼성타운점','2024-08-06 02:37:50'),(1730,'상품7',7000,'product_ce.png',100,'스타벅스 강남삼성타운점','2024-08-06 02:37:50'),(1731,'상품8',8000,'product_ce.png',100,'스타벅스 강남삼성타운점','2024-08-06 02:37:50'),(1732,'상품9',9000,'product_ce.png',100,'스타벅스 강남삼성타운점','2024-08-06 02:37:50'),(1733,'상품10',10000,'product_ce.png',100,'스타벅스 강남삼성타운점','2024-08-06 02:37:50'),(1734,'상품11',11000,'product_ce.png',100,'스타벅스 강남삼성타운점','2024-08-06 02:37:50'),(1735,'상품12',12000,'product_ce.png',100,'스타벅스 강남삼성타운점','2024-08-06 02:37:50'),(1736,'상품13',13000,'product_ce.png',100,'스타벅스 강남삼성타운점','2024-08-06 02:37:50'),(1737,'상품14',14000,'product_ce.png',100,'스타벅스 강남삼성타운점','2024-08-06 02:37:50'),(1738,'상품15',15000,'product_ce.png',100,'스타벅스 강남삼성타운점','2024-08-06 02:37:50'),(1739,'상품16',16000,'product_ce.png',100,'스타벅스 강남삼성타운점','2024-08-06 02:37:50'),(1740,'상품17',17000,'product_ce.png',100,'스타벅스 강남삼성타운점','2024-08-06 02:37:50'),(1741,'상품18',18000,'product_ce.png',100,'스타벅스 강남삼성타운점','2024-08-06 02:37:50'),(1742,'상품0',0,'product_ce.png',100,'스타벅스 강남비젼타워점','2024-08-06 02:37:56'),(1743,'상품1',1000,'product_ce.png',100,'스타벅스 강남비젼타워점','2024-08-06 02:37:56'),(1744,'상품2',2000,'product_ce.png',100,'스타벅스 강남비젼타워점','2024-08-06 02:37:56'),(1745,'상품3',3000,'product_ce.png',100,'스타벅스 강남비젼타워점','2024-08-06 02:37:56'),(1746,'상품4',4000,'product_ce.png',100,'스타벅스 강남비젼타워점','2024-08-06 02:37:56'),(1747,'상품5',5000,'product_ce.png',100,'스타벅스 강남비젼타워점','2024-08-06 02:37:56'),(1748,'상품6',6000,'product_ce.png',100,'스타벅스 강남비젼타워점','2024-08-06 02:37:56'),(1749,'상품7',7000,'product_ce.png',100,'스타벅스 강남비젼타워점','2024-08-06 02:37:56'),(1750,'상품8',8000,'product_ce.png',100,'스타벅스 강남비젼타워점','2024-08-06 02:37:56'),(1751,'상품9',9000,'product_ce.png',100,'스타벅스 강남비젼타워점','2024-08-06 02:37:56'),(1752,'상품10',10000,'product_ce.png',100,'스타벅스 강남비젼타워점','2024-08-06 02:37:56'),(1753,'상품11',11000,'product_ce.png',100,'스타벅스 강남비젼타워점','2024-08-06 02:37:56'),(1754,'상품12',12000,'product_ce.png',100,'스타벅스 강남비젼타워점','2024-08-06 02:37:56'),(1755,'상품13',13000,'product_ce.png',100,'스타벅스 강남비젼타워점','2024-08-06 02:37:56'),(1756,'상품14',14000,'product_ce.png',100,'스타벅스 강남비젼타워점','2024-08-06 02:37:56'),(1757,'상품15',15000,'product_ce.png',100,'스타벅스 강남비젼타워점','2024-08-06 02:37:56'),(1758,'상품16',16000,'product_ce.png',100,'스타벅스 강남비젼타워점','2024-08-06 02:37:56'),(1759,'상품17',17000,'product_ce.png',100,'스타벅스 강남비젼타워점','2024-08-06 02:37:56'),(1760,'상품18',18000,'product_ce.png',100,'스타벅스 강남비젼타워점','2024-08-06 02:37:56'),(1761,'상품19',19000,'product_ce.png',100,'스타벅스 강남비젼타워점','2024-08-06 02:37:56'),(1762,'상품20',20000,'product_ce.png',100,'스타벅스 강남비젼타워점','2024-08-06 02:37:56'),(1763,'상품21',21000,'product_ce.png',100,'스타벅스 강남비젼타워점','2024-08-06 02:37:56'),(1764,'상품22',22000,'product_ce.png',100,'스타벅스 강남비젼타워점','2024-08-06 02:37:56'),(1765,'상품23',23000,'product_ce.png',100,'스타벅스 강남비젼타워점','2024-08-06 02:37:56'),(1766,'상품0',0,'product_ce.png',100,'스타벅스 역삼초교사거리점','2024-08-06 02:37:58'),(1767,'상품1',1000,'product_ce.png',100,'스타벅스 역삼초교사거리점','2024-08-06 02:37:58'),(1768,'상품2',2000,'product_ce.png',100,'스타벅스 역삼초교사거리점','2024-08-06 02:37:58'),(1769,'상품3',3000,'product_ce.png',100,'스타벅스 역삼초교사거리점','2024-08-06 02:37:58'),(1770,'상품4',4000,'product_ce.png',100,'스타벅스 역삼초교사거리점','2024-08-06 02:37:58'),(1771,'상품5',5000,'product_ce.png',100,'스타벅스 역삼초교사거리점','2024-08-06 02:37:58'),(1772,'상품6',6000,'product_ce.png',100,'스타벅스 역삼초교사거리점','2024-08-06 02:37:58'),(1773,'상품7',7000,'product_ce.png',100,'스타벅스 역삼초교사거리점','2024-08-06 02:37:58'),(1774,'상품8',8000,'product_ce.png',100,'스타벅스 역삼초교사거리점','2024-08-06 02:37:58'),(1775,'상품9',9000,'product_ce.png',100,'스타벅스 역삼초교사거리점','2024-08-06 02:37:58'),(1776,'상품10',10000,'product_ce.png',100,'스타벅스 역삼초교사거리점','2024-08-06 02:37:58'),(1777,'상품11',11000,'product_ce.png',100,'스타벅스 역삼초교사거리점','2024-08-06 02:37:58'),(1778,'상품12',12000,'product_ce.png',100,'스타벅스 역삼초교사거리점','2024-08-06 02:37:58'),(1779,'상품13',13000,'product_ce.png',100,'스타벅스 역삼초교사거리점','2024-08-06 02:37:58'),(1780,'상품14',14000,'product_ce.png',100,'스타벅스 역삼초교사거리점','2024-08-06 02:37:58'),(1781,'상품15',15000,'product_ce.png',100,'스타벅스 역삼초교사거리점','2024-08-06 02:37:58'),(1782,'상품16',16000,'product_ce.png',100,'스타벅스 역삼초교사거리점','2024-08-06 02:37:58'),(1783,'상품17',17000,'product_ce.png',100,'스타벅스 역삼초교사거리점','2024-08-06 02:37:58'),(1784,'상품18',18000,'product_ce.png',100,'스타벅스 역삼초교사거리점','2024-08-06 02:37:58'),(1785,'상품19',19000,'product_ce.png',100,'스타벅스 역삼초교사거리점','2024-08-06 02:37:58'),(1786,'상품20',20000,'product_ce.png',100,'스타벅스 역삼초교사거리점','2024-08-06 02:37:58'),(1787,'상품21',21000,'product_ce.png',100,'스타벅스 역삼초교사거리점','2024-08-06 02:37:58'),(1788,'상품22',22000,'product_ce.png',100,'스타벅스 역삼초교사거리점','2024-08-06 02:37:58'),(1789,'상품23',23000,'product_ce.png',100,'스타벅스 역삼초교사거리점','2024-08-06 02:37:58'),(1790,'상품24',24000,'product_ce.png',100,'스타벅스 역삼초교사거리점','2024-08-06 02:37:58'),(1791,'상품25',25000,'product_ce.png',100,'스타벅스 역삼초교사거리점','2024-08-06 02:37:58'),(1792,'상품26',26000,'product_ce.png',100,'스타벅스 역삼초교사거리점','2024-08-06 02:37:58'),(1793,'상품27',27000,'product_ce.png',100,'스타벅스 역삼초교사거리점','2024-08-06 02:37:58'),(1794,'상품28',28000,'product_ce.png',100,'스타벅스 역삼초교사거리점','2024-08-06 02:37:58'),(1795,'상품29',29000,'product_ce.png',100,'스타벅스 역삼초교사거리점','2024-08-06 02:37:58'),(1796,'상품30',30000,'product_ce.png',100,'스타벅스 역삼초교사거리점','2024-08-06 02:37:58'),(1797,'상품31',31000,'product_ce.png',100,'스타벅스 역삼초교사거리점','2024-08-06 02:37:58'),(1798,'상품32',32000,'product_ce.png',100,'스타벅스 역삼초교사거리점','2024-08-06 02:37:58'),(1799,'상품33',33000,'product_ce.png',100,'스타벅스 역삼초교사거리점','2024-08-06 02:37:58'),(1800,'상품34',34000,'product_ce.png',100,'스타벅스 역삼초교사거리점','2024-08-06 02:37:58'),(1801,'상품35',35000,'product_ce.png',100,'스타벅스 역삼초교사거리점','2024-08-06 02:37:58'),(1802,'상품36',36000,'product_ce.png',100,'스타벅스 역삼초교사거리점','2024-08-06 02:37:58'),(1803,'상품37',37000,'product_ce.png',100,'스타벅스 역삼초교사거리점','2024-08-06 02:37:58'),(1804,'상품0',0,'product_cs.png',100,'세븐일레븐 역삼태극점','2024-08-06 03:18:21'),(1805,'상품1',1000,'product_cs.png',100,'세븐일레븐 역삼태극점','2024-08-06 03:18:21'),(1806,'상품2',2000,'product_cs.png',100,'세븐일레븐 역삼태극점','2024-08-06 03:18:21'),(1807,'상품3',3000,'product_cs.png',100,'세븐일레븐 역삼태극점','2024-08-06 03:18:21'),(1808,'상품4',4000,'product_cs.png',100,'세븐일레븐 역삼태극점','2024-08-06 03:18:21'),(1809,'상품5',5000,'product_cs.png',100,'세븐일레븐 역삼태극점','2024-08-06 03:18:21'),(1810,'상품6',6000,'product_cs.png',100,'세븐일레븐 역삼태극점','2024-08-06 03:18:21'),(1811,'상품7',7000,'product_cs.png',100,'세븐일레븐 역삼태극점','2024-08-06 03:18:21'),(1812,'상품8',8000,'product_cs.png',100,'세븐일레븐 역삼태극점','2024-08-06 03:18:21'),(1813,'상품9',9000,'product_cs.png',100,'세븐일레븐 역삼태극점','2024-08-06 03:18:21'),(1814,'상품10',10000,'product_cs.png',100,'세븐일레븐 역삼태극점','2024-08-06 03:18:21'),(1815,'상품11',11000,'product_cs.png',100,'세븐일레븐 역삼태극점','2024-08-06 03:18:21'),(1816,'상품12',12000,'product_cs.png',100,'세븐일레븐 역삼태극점','2024-08-06 03:18:21'),(1817,'상품13',13000,'product_cs.png',100,'세븐일레븐 역삼태극점','2024-08-06 03:18:21'),(1818,'상품14',14000,'product_cs.png',100,'세븐일레븐 역삼태극점','2024-08-06 03:18:21'),(1819,'상품15',15000,'product_cs.png',100,'세븐일레븐 역삼태극점','2024-08-06 03:18:21'),(1820,'상품16',16000,'product_cs.png',100,'세븐일레븐 역삼태극점','2024-08-06 03:18:21'),(1821,'상품17',17000,'product_cs.png',100,'세븐일레븐 역삼태극점','2024-08-06 03:18:21'),(1822,'상품18',18000,'product_cs.png',100,'세븐일레븐 역삼태극점','2024-08-06 03:18:21'),(1823,'상품19',19000,'product_cs.png',100,'세븐일레븐 역삼태극점','2024-08-06 03:18:21'),(1824,'상품20',20000,'product_cs.png',100,'세븐일레븐 역삼태극점','2024-08-06 03:18:21'),(1825,'상품21',21000,'product_cs.png',100,'세븐일레븐 역삼태극점','2024-08-06 03:18:21'),(1826,'상품22',22000,'product_cs.png',100,'세븐일레븐 역삼태극점','2024-08-06 03:18:21'),(1827,'상품23',23000,'product_cs.png',100,'세븐일레븐 역삼태극점','2024-08-06 03:18:21'),(1828,'상품24',24000,'product_cs.png',100,'세븐일레븐 역삼태극점','2024-08-06 03:18:21'),(1829,'상품0',0,'product_mt.png',100,'이마트에브리데이 래미안리더스원점','2024-08-06 03:41:42'),(1830,'상품1',1000,'product_mt.png',100,'이마트에브리데이 래미안리더스원점','2024-08-06 03:41:42'),(1831,'상품2',2000,'product_mt.png',100,'이마트에브리데이 래미안리더스원점','2024-08-06 03:41:42'),(1832,'상품3',3000,'product_mt.png',100,'이마트에브리데이 래미안리더스원점','2024-08-06 03:41:42'),(1833,'상품4',4000,'product_mt.png',100,'이마트에브리데이 래미안리더스원점','2024-08-06 03:41:42'),(1834,'상품5',5000,'product_mt.png',100,'이마트에브리데이 래미안리더스원점','2024-08-06 03:41:42'),(1835,'상품6',6000,'product_mt.png',100,'이마트에브리데이 래미안리더스원점','2024-08-06 03:41:42'),(1836,'상품7',7000,'product_mt.png',100,'이마트에브리데이 래미안리더스원점','2024-08-06 03:41:42'),(1837,'상품8',8000,'product_mt.png',100,'이마트에브리데이 래미안리더스원점','2024-08-06 03:41:42'),(1838,'상품9',9000,'product_mt.png',100,'이마트에브리데이 래미안리더스원점','2024-08-06 03:41:42'),(1839,'상품10',10000,'product_mt.png',100,'이마트에브리데이 래미안리더스원점','2024-08-06 03:41:42'),(1840,'상품11',11000,'product_mt.png',100,'이마트에브리데이 래미안리더스원점','2024-08-06 03:41:42'),(1841,'상품12',12000,'product_mt.png',100,'이마트에브리데이 래미안리더스원점','2024-08-06 03:41:42'),(1842,'상품13',13000,'product_mt.png',100,'이마트에브리데이 래미안리더스원점','2024-08-06 03:41:42'),(1843,'상품14',14000,'product_mt.png',100,'이마트에브리데이 래미안리더스원점','2024-08-06 03:41:42'),(1844,'상품15',15000,'product_mt.png',100,'이마트에브리데이 래미안리더스원점','2024-08-06 03:41:42'),(1845,'상품16',16000,'product_mt.png',100,'이마트에브리데이 래미안리더스원점','2024-08-06 03:41:42'),(1846,'상품17',17000,'product_mt.png',100,'이마트에브리데이 래미안리더스원점','2024-08-06 03:41:42'),(1847,'상품18',18000,'product_mt.png',100,'이마트에브리데이 래미안리더스원점','2024-08-06 03:41:42'),(1848,'상품19',19000,'product_mt.png',100,'이마트에브리데이 래미안리더스원점','2024-08-06 03:41:42'),(1849,'상품20',20000,'product_mt.png',100,'이마트에브리데이 래미안리더스원점','2024-08-06 03:41:42'),(1850,'상품21',21000,'product_mt.png',100,'이마트에브리데이 래미안리더스원점','2024-08-06 03:41:42'),(1851,'상품22',22000,'product_mt.png',100,'이마트에브리데이 래미안리더스원점','2024-08-06 03:41:42'),(1852,'상품23',23000,'product_mt.png',100,'이마트에브리데이 래미안리더스원점','2024-08-06 03:41:42'),(1853,'상품24',24000,'product_mt.png',100,'이마트에브리데이 래미안리더스원점','2024-08-06 03:41:42'),(1854,'상품25',25000,'product_mt.png',100,'이마트에브리데이 래미안리더스원점','2024-08-06 03:41:42'),(1855,'상품0',0,'product_mt.png',100,'이마트에브리데이 서초그랑자이점','2024-08-06 03:41:44'),(1856,'상품1',1000,'product_mt.png',100,'이마트에브리데이 서초그랑자이점','2024-08-06 03:41:44'),(1857,'상품2',2000,'product_mt.png',100,'이마트에브리데이 서초그랑자이점','2024-08-06 03:41:44'),(1858,'상품3',3000,'product_mt.png',100,'이마트에브리데이 서초그랑자이점','2024-08-06 03:41:44'),(1859,'상품4',4000,'product_mt.png',100,'이마트에브리데이 서초그랑자이점','2024-08-06 03:41:44'),(1860,'상품5',5000,'product_mt.png',100,'이마트에브리데이 서초그랑자이점','2024-08-06 03:41:44'),(1861,'상품6',6000,'product_mt.png',100,'이마트에브리데이 서초그랑자이점','2024-08-06 03:41:44'),(1862,'상품7',7000,'product_mt.png',100,'이마트에브리데이 서초그랑자이점','2024-08-06 03:41:44'),(1863,'상품8',8000,'product_mt.png',100,'이마트에브리데이 서초그랑자이점','2024-08-06 03:41:44'),(1864,'상품9',9000,'product_mt.png',100,'이마트에브리데이 서초그랑자이점','2024-08-06 03:41:44'),(1865,'상품10',10000,'product_mt.png',100,'이마트에브리데이 서초그랑자이점','2024-08-06 03:41:44'),(1866,'상품11',11000,'product_mt.png',100,'이마트에브리데이 서초그랑자이점','2024-08-06 03:41:44'),(1867,'상품12',12000,'product_mt.png',100,'이마트에브리데이 서초그랑자이점','2024-08-06 03:41:44'),(1868,'상품13',13000,'product_mt.png',100,'이마트에브리데이 서초그랑자이점','2024-08-06 03:41:44'),(1869,'상품14',14000,'product_mt.png',100,'이마트에브리데이 서초그랑자이점','2024-08-06 03:41:44'),(1870,'상품15',15000,'product_mt.png',100,'이마트에브리데이 서초그랑자이점','2024-08-06 03:41:44'),(1871,'상품16',16000,'product_mt.png',100,'이마트에브리데이 서초그랑자이점','2024-08-06 03:41:44'),(1872,'상품17',17000,'product_mt.png',100,'이마트에브리데이 서초그랑자이점','2024-08-06 03:41:44'),(1873,'상품18',18000,'product_mt.png',100,'이마트에브리데이 서초그랑자이점','2024-08-06 03:41:44'),(1874,'상품19',19000,'product_mt.png',100,'이마트에브리데이 서초그랑자이점','2024-08-06 03:41:44'),(1875,'상품20',20000,'product_mt.png',100,'이마트에브리데이 서초그랑자이점','2024-08-06 03:41:44'),(1876,'상품21',21000,'product_mt.png',100,'이마트에브리데이 서초그랑자이점','2024-08-06 03:41:44'),(1877,'상품22',22000,'product_mt.png',100,'이마트에브리데이 서초그랑자이점','2024-08-06 03:41:44'),(1878,'상품23',23000,'product_mt.png',100,'이마트에브리데이 서초그랑자이점','2024-08-06 03:41:44'),(1879,'상품24',24000,'product_mt.png',100,'이마트에브리데이 서초그랑자이점','2024-08-06 03:41:44'),(1880,'상품25',25000,'product_mt.png',100,'이마트에브리데이 서초그랑자이점','2024-08-06 03:41:45'),(1881,'상품26',26000,'product_mt.png',100,'이마트에브리데이 서초그랑자이점','2024-08-06 03:41:45'),(1882,'상품27',27000,'product_mt.png',100,'이마트에브리데이 서초그랑자이점','2024-08-06 03:41:45'),(1883,'상품28',28000,'product_mt.png',100,'이마트에브리데이 서초그랑자이점','2024-08-06 03:41:45'),(1884,'상품29',29000,'product_mt.png',100,'이마트에브리데이 서초그랑자이점','2024-08-06 03:41:45'),(1885,'상품0',0,'product_ce.png',100,'갤러리지아르체','2024-08-06 03:44:19'),(1886,'상품1',1000,'product_ce.png',100,'갤러리지아르체','2024-08-06 03:44:19'),(1887,'상품2',2000,'product_ce.png',100,'갤러리지아르체','2024-08-06 03:44:19'),(1888,'상품3',3000,'product_ce.png',100,'갤러리지아르체','2024-08-06 03:44:19'),(1889,'상품4',4000,'product_ce.png',100,'갤러리지아르체','2024-08-06 03:44:19'),(1890,'상품5',5000,'product_ce.png',100,'갤러리지아르체','2024-08-06 03:44:19'),(1891,'상품6',6000,'product_ce.png',100,'갤러리지아르체','2024-08-06 03:44:19'),(1892,'상품7',7000,'product_ce.png',100,'갤러리지아르체','2024-08-06 03:44:19'),(1893,'상품0',0,'product_cs.png',100,'CU 오벨리스크점','2024-08-06 05:42:33'),(1894,'상품1',1000,'product_cs.png',100,'CU 오벨리스크점','2024-08-06 05:42:33'),(1895,'상품2',2000,'product_cs.png',100,'CU 오벨리스크점','2024-08-06 05:42:33'),(1896,'상품3',3000,'product_cs.png',100,'CU 오벨리스크점','2024-08-06 05:42:33'),(1897,'상품4',4000,'product_cs.png',100,'CU 오벨리스크점','2024-08-06 05:42:33'),(1898,'상품5',5000,'product_cs.png',100,'CU 오벨리스크점','2024-08-06 05:42:33'),(1899,'상품6',6000,'product_cs.png',100,'CU 오벨리스크점','2024-08-06 05:42:33'),(1900,'상품7',7000,'product_cs.png',100,'CU 오벨리스크점','2024-08-06 05:42:33'),(1901,'상품8',8000,'product_cs.png',100,'CU 오벨리스크점','2024-08-06 05:42:33'),(1902,'상품0',0,'product_cs.png',100,'CU 강남승리점','2024-08-06 05:42:35'),(1903,'상품1',1000,'product_cs.png',100,'CU 강남승리점','2024-08-06 05:42:35'),(1904,'상품2',2000,'product_cs.png',100,'CU 강남승리점','2024-08-06 05:42:35'),(1905,'상품3',3000,'product_cs.png',100,'CU 강남승리점','2024-08-06 05:42:35'),(1906,'상품4',4000,'product_cs.png',100,'CU 강남승리점','2024-08-06 05:42:35'),(1907,'상품5',5000,'product_cs.png',100,'CU 강남승리점','2024-08-06 05:42:35'),(1908,'상품0',0,'product_cs.png',100,'CU 아크로텔강남역점','2024-08-06 05:45:23'),(1909,'상품1',1000,'product_cs.png',100,'CU 아크로텔강남역점','2024-08-06 05:45:23'),(1910,'상품2',2000,'product_cs.png',100,'CU 아크로텔강남역점','2024-08-06 05:45:23'),(1911,'상품3',3000,'product_cs.png',100,'CU 아크로텔강남역점','2024-08-06 05:45:23'),(1912,'상품4',4000,'product_cs.png',100,'CU 아크로텔강남역점','2024-08-06 05:45:23'),(1913,'상품5',5000,'product_cs.png',100,'CU 아크로텔강남역점','2024-08-06 05:45:23'),(1914,'상품6',6000,'product_cs.png',100,'CU 아크로텔강남역점','2024-08-06 05:45:23'),(1915,'상품7',7000,'product_cs.png',100,'CU 아크로텔강남역점','2024-08-06 05:45:23'),(1916,'상품8',8000,'product_cs.png',100,'CU 아크로텔강남역점','2024-08-06 05:45:23'),(1917,'상품9',9000,'product_cs.png',100,'CU 아크로텔강남역점','2024-08-06 05:45:23'),(1918,'상품10',10000,'product_cs.png',100,'CU 아크로텔강남역점','2024-08-06 05:45:23'),(1919,'상품11',11000,'product_cs.png',100,'CU 아크로텔강남역점','2024-08-06 05:45:23'),(1920,'상품12',12000,'product_cs.png',100,'CU 아크로텔강남역점','2024-08-06 05:45:23'),(1921,'상품13',13000,'product_cs.png',100,'CU 아크로텔강남역점','2024-08-06 05:45:23'),(1922,'상품14',14000,'product_cs.png',100,'CU 아크로텔강남역점','2024-08-06 05:45:23'),(1923,'상품15',15000,'product_cs.png',100,'CU 아크로텔강남역점','2024-08-06 05:45:23'),(1924,'상품16',16000,'product_cs.png',100,'CU 아크로텔강남역점','2024-08-06 05:45:23'),(1925,'상품17',17000,'product_cs.png',100,'CU 아크로텔강남역점','2024-08-06 05:45:23'),(1926,'상품18',18000,'product_cs.png',100,'CU 아크로텔강남역점','2024-08-06 05:45:23'),(1927,'상품19',19000,'product_cs.png',100,'CU 아크로텔강남역점','2024-08-06 05:45:23'),(1928,'상품20',20000,'product_cs.png',100,'CU 아크로텔강남역점','2024-08-06 05:45:23'),(1929,'상품21',21000,'product_cs.png',100,'CU 아크로텔강남역점','2024-08-06 05:45:23'),(1930,'상품22',22000,'product_cs.png',100,'CU 아크로텔강남역점','2024-08-06 05:45:23'),(1931,'상품23',23000,'product_cs.png',100,'CU 아크로텔강남역점','2024-08-06 05:45:23'),(1932,'상품24',24000,'product_cs.png',100,'CU 아크로텔강남역점','2024-08-06 05:45:23'),(1933,'상품25',25000,'product_cs.png',100,'CU 아크로텔강남역점','2024-08-06 05:45:23'),(1934,'상품26',26000,'product_cs.png',100,'CU 아크로텔강남역점','2024-08-06 05:45:23'),(1935,'상품27',27000,'product_cs.png',100,'CU 아크로텔강남역점','2024-08-06 05:45:23'),(1936,'상품28',28000,'product_cs.png',100,'CU 아크로텔강남역점','2024-08-06 05:45:23'),(1937,'상품0',0,'product_cs.png',100,'이마트24 역삼서희점','2024-08-06 05:45:47'),(1938,'상품1',1000,'product_cs.png',100,'이마트24 역삼서희점','2024-08-06 05:45:47'),(1939,'상품2',2000,'product_cs.png',100,'이마트24 역삼서희점','2024-08-06 05:45:47'),(1940,'상품3',3000,'product_cs.png',100,'이마트24 역삼서희점','2024-08-06 05:45:47'),(1941,'상품4',4000,'product_cs.png',100,'이마트24 역삼서희점','2024-08-06 05:45:47'),(1942,'상품5',5000,'product_cs.png',100,'이마트24 역삼서희점','2024-08-06 05:45:47'),(1943,'상품6',6000,'product_cs.png',100,'이마트24 역삼서희점','2024-08-06 05:45:47'),(1944,'상품7',7000,'product_cs.png',100,'이마트24 역삼서희점','2024-08-06 05:45:47'),(1945,'상품8',8000,'product_cs.png',100,'이마트24 역삼서희점','2024-08-06 05:45:47'),(1946,'상품9',9000,'product_cs.png',100,'이마트24 역삼서희점','2024-08-06 05:45:47'),(1947,'상품10',10000,'product_cs.png',100,'이마트24 역삼서희점','2024-08-06 05:45:47'),(1948,'상품11',11000,'product_cs.png',100,'이마트24 역삼서희점','2024-08-06 05:45:47'),(1949,'상품12',12000,'product_cs.png',100,'이마트24 역삼서희점','2024-08-06 05:45:47'),(1950,'상품13',13000,'product_cs.png',100,'이마트24 역삼서희점','2024-08-06 05:45:47'),(1951,'상품14',14000,'product_cs.png',100,'이마트24 역삼서희점','2024-08-06 05:45:47'),(1952,'상품15',15000,'product_cs.png',100,'이마트24 역삼서희점','2024-08-06 05:45:47'),(1953,'상품16',16000,'product_cs.png',100,'이마트24 역삼서희점','2024-08-06 05:45:47'),(1954,'상품17',17000,'product_cs.png',100,'이마트24 역삼서희점','2024-08-06 05:45:47'),(1955,'상품18',18000,'product_cs.png',100,'이마트24 역삼서희점','2024-08-06 05:45:47'),(1956,'상품19',19000,'product_cs.png',100,'이마트24 역삼서희점','2024-08-06 05:45:47'),(1957,'상품20',20000,'product_cs.png',100,'이마트24 역삼서희점','2024-08-06 05:45:47'),(1958,'상품21',21000,'product_cs.png',100,'이마트24 역삼서희점','2024-08-06 05:45:47'),(1959,'상품22',22000,'product_cs.png',100,'이마트24 역삼서희점','2024-08-06 05:45:47'),(1960,'상품23',23000,'product_cs.png',100,'이마트24 역삼서희점','2024-08-06 05:45:47'),(1961,'상품24',24000,'product_cs.png',100,'이마트24 역삼서희점','2024-08-06 05:45:47'),(1962,'상품25',25000,'product_cs.png',100,'이마트24 역삼서희점','2024-08-06 05:45:47'),(1963,'상품26',26000,'product_cs.png',100,'이마트24 역삼서희점','2024-08-06 05:45:47'),(1964,'상품27',27000,'product_cs.png',100,'이마트24 역삼서희점','2024-08-06 05:45:47'),(1965,'상품0',0,'product_ce.png',100,'투썸플레이스 강남대륭타워점','2024-08-06 09:13:44'),(1966,'상품1',1000,'product_ce.png',100,'투썸플레이스 강남대륭타워점','2024-08-06 09:13:44'),(1967,'상품2',2000,'product_ce.png',100,'투썸플레이스 강남대륭타워점','2024-08-06 09:13:44'),(1968,'상품3',3000,'product_ce.png',100,'투썸플레이스 강남대륭타워점','2024-08-06 09:13:44'),(1969,'상품4',4000,'product_ce.png',100,'투썸플레이스 강남대륭타워점','2024-08-06 09:13:44'),(1970,'상품5',5000,'product_ce.png',100,'투썸플레이스 강남대륭타워점','2024-08-06 09:13:44'),(1971,'상품6',6000,'product_ce.png',100,'투썸플레이스 강남대륭타워점','2024-08-06 09:13:44'),(1972,'상품7',7000,'product_ce.png',100,'투썸플레이스 강남대륭타워점','2024-08-06 09:13:44'),(1973,'상품8',8000,'product_ce.png',100,'투썸플레이스 강남대륭타워점','2024-08-06 09:13:44'),(1974,'상품9',9000,'product_ce.png',100,'투썸플레이스 강남대륭타워점','2024-08-06 09:13:44'),(1975,'상품0',0,'product_fd.png',100,'김충기꽃삼겹 강남점','2024-08-07 07:30:18'),(1976,'상품1',1000,'product_fd.png',100,'김충기꽃삼겹 강남점','2024-08-07 07:30:18'),(1977,'상품2',2000,'product_fd.png',100,'김충기꽃삼겹 강남점','2024-08-07 07:30:18'),(1978,'상품3',3000,'product_fd.png',100,'김충기꽃삼겹 강남점','2024-08-07 07:30:18'),(1979,'상품4',4000,'product_fd.png',100,'김충기꽃삼겹 강남점','2024-08-07 07:30:18'),(1980,'상품5',5000,'product_fd.png',100,'김충기꽃삼겹 강남점','2024-08-07 07:30:18'),(1981,'상품6',6000,'product_fd.png',100,'김충기꽃삼겹 강남점','2024-08-07 07:30:18'),(1982,'상품7',7000,'product_fd.png',100,'김충기꽃삼겹 강남점','2024-08-07 07:30:18'),(1983,'상품8',8000,'product_fd.png',100,'김충기꽃삼겹 강남점','2024-08-07 07:30:18'),(1984,'상품9',9000,'product_fd.png',100,'김충기꽃삼겹 강남점','2024-08-07 07:30:18'),(1985,'상품10',10000,'product_fd.png',100,'김충기꽃삼겹 강남점','2024-08-07 07:30:18'),(1986,'상품0',0,'product_fd.png',100,'반갑다하대포 강남점','2024-08-07 07:30:20'),(1987,'상품1',1000,'product_fd.png',100,'반갑다하대포 강남점','2024-08-07 07:30:20'),(1988,'상품2',2000,'product_fd.png',100,'반갑다하대포 강남점','2024-08-07 07:30:20'),(1989,'상품3',3000,'product_fd.png',100,'반갑다하대포 강남점','2024-08-07 07:30:20'),(1990,'상품4',4000,'product_fd.png',100,'반갑다하대포 강남점','2024-08-07 07:30:20'),(1991,'상품5',5000,'product_fd.png',100,'반갑다하대포 강남점','2024-08-07 07:30:20'),(1992,'상품6',6000,'product_fd.png',100,'반갑다하대포 강남점','2024-08-07 07:30:20'),(1993,'상품7',7000,'product_fd.png',100,'반갑다하대포 강남점','2024-08-07 07:30:20'),(1994,'상품8',8000,'product_fd.png',100,'반갑다하대포 강남점','2024-08-07 07:30:20'),(1995,'상품9',9000,'product_fd.png',100,'반갑다하대포 강남점','2024-08-07 07:30:20'),(1996,'상품10',10000,'product_fd.png',100,'반갑다하대포 강남점','2024-08-07 07:30:20'),(1997,'상품11',11000,'product_fd.png',100,'반갑다하대포 강남점','2024-08-07 07:30:20'),(1998,'상품12',12000,'product_fd.png',100,'반갑다하대포 강남점','2024-08-07 07:30:20'),(1999,'상품13',13000,'product_fd.png',100,'반갑다하대포 강남점','2024-08-07 07:30:20'),(2000,'상품14',14000,'product_fd.png',100,'반갑다하대포 강남점','2024-08-07 07:30:20'),(2001,'상품15',15000,'product_fd.png',100,'반갑다하대포 강남점','2024-08-07 07:30:20'),(2002,'상품16',16000,'product_fd.png',100,'반갑다하대포 강남점','2024-08-07 07:30:21'),(2003,'상품17',17000,'product_fd.png',100,'반갑다하대포 강남점','2024-08-07 07:30:21'),(2004,'상품0',0,'product_fd.png',100,'한성양갈비양꼬치 강남점','2024-08-07 07:31:36'),(2005,'상품1',1000,'product_fd.png',100,'한성양갈비양꼬치 강남점','2024-08-07 07:31:36'),(2006,'상품2',2000,'product_fd.png',100,'한성양갈비양꼬치 강남점','2024-08-07 07:31:36'),(2007,'상품3',3000,'product_fd.png',100,'한성양갈비양꼬치 강남점','2024-08-07 07:31:36'),(2008,'상품4',4000,'product_fd.png',100,'한성양갈비양꼬치 강남점','2024-08-07 07:31:36'),(2009,'상품0',0,'product_pm.png',100,'서초민트약국','2024-08-07 09:09:15'),(2010,'상품1',1000,'product_pm.png',100,'서초민트약국','2024-08-07 09:09:15'),(2011,'상품2',2000,'product_pm.png',100,'서초민트약국','2024-08-07 09:09:15'),(2012,'상품3',3000,'product_pm.png',100,'서초민트약국','2024-08-07 09:09:15'),(2013,'상품4',4000,'product_pm.png',100,'서초민트약국','2024-08-07 09:09:15'),(2014,'상품0',0,'product_pm.png',100,'스마트온누리약국','2024-08-07 09:09:19'),(2015,'상품1',1000,'product_pm.png',100,'스마트온누리약국','2024-08-07 09:09:19'),(2016,'상품2',2000,'product_pm.png',100,'스마트온누리약국','2024-08-07 09:09:19'),(2017,'상품3',3000,'product_pm.png',100,'스마트온누리약국','2024-08-07 09:09:19'),(2018,'상품4',4000,'product_pm.png',100,'스마트온누리약국','2024-08-07 09:09:19'),(2019,'상품5',5000,'product_pm.png',100,'스마트온누리약국','2024-08-07 09:09:19'),(2020,'상품6',6000,'product_pm.png',100,'스마트온누리약국','2024-08-07 09:09:19'),(2021,'상품7',7000,'product_pm.png',100,'스마트온누리약국','2024-08-07 09:09:19'),(2022,'상품8',8000,'product_pm.png',100,'스마트온누리약국','2024-08-07 09:09:19'),(2023,'상품9',9000,'product_pm.png',100,'스마트온누리약국','2024-08-07 09:09:19'),(2024,'상품10',10000,'product_pm.png',100,'스마트온누리약국','2024-08-07 09:09:19'),(2025,'상품11',11000,'product_pm.png',100,'스마트온누리약국','2024-08-07 09:09:19'),(2026,'상품12',12000,'product_pm.png',100,'스마트온누리약국','2024-08-07 09:09:19'),(2027,'상품13',13000,'product_pm.png',100,'스마트온누리약국','2024-08-07 09:09:19'),(2028,'상품14',14000,'product_pm.png',100,'스마트온누리약국','2024-08-07 09:09:19'),(2029,'상품15',15000,'product_pm.png',100,'스마트온누리약국','2024-08-07 09:09:19'),(2030,'상품0',0,'product_pm.png',100,'해피약국 강남역점','2024-08-07 09:09:23'),(2031,'상품1',1000,'product_pm.png',100,'해피약국 강남역점','2024-08-07 09:09:23'),(2032,'상품2',2000,'product_pm.png',100,'해피약국 강남역점','2024-08-07 09:09:23'),(2033,'상품3',3000,'product_pm.png',100,'해피약국 강남역점','2024-08-07 09:09:23'),(2034,'상품4',4000,'product_pm.png',100,'해피약국 강남역점','2024-08-07 09:09:23'),(2035,'상품5',5000,'product_pm.png',100,'해피약국 강남역점','2024-08-07 09:09:23'),(2036,'상품6',6000,'product_pm.png',100,'해피약국 강남역점','2024-08-07 09:09:23'),(2037,'상품7',7000,'product_pm.png',100,'해피약국 강남역점','2024-08-07 09:09:23'),(2038,'상품8',8000,'product_pm.png',100,'해피약국 강남역점','2024-08-07 09:09:23'),(2039,'상품9',9000,'product_pm.png',100,'해피약국 강남역점','2024-08-07 09:09:23'),(2040,'상품10',10000,'product_pm.png',100,'해피약국 강남역점','2024-08-07 09:09:23'),(2041,'상품11',11000,'product_pm.png',100,'해피약국 강남역점','2024-08-07 09:09:23'),(2042,'상품12',12000,'product_pm.png',100,'해피약국 강남역점','2024-08-07 09:09:23'),(2043,'상품13',13000,'product_pm.png',100,'해피약국 강남역점','2024-08-07 09:09:23'),(2044,'상품14',14000,'product_pm.png',100,'해피약국 강남역점','2024-08-07 09:09:23'),(2045,'상품15',15000,'product_pm.png',100,'해피약국 강남역점','2024-08-07 09:09:23'),(2046,'상품16',16000,'product_pm.png',100,'해피약국 강남역점','2024-08-07 09:09:23'),(2047,'상품17',17000,'product_pm.png',100,'해피약국 강남역점','2024-08-07 09:09:23'),(2048,'상품18',18000,'product_pm.png',100,'해피약국 강남역점','2024-08-07 09:09:23'),(2049,'상품19',19000,'product_pm.png',100,'해피약국 강남역점','2024-08-07 09:09:23'),(2050,'상품20',20000,'product_pm.png',100,'해피약국 강남역점','2024-08-07 09:09:23'),(2051,'상품21',21000,'product_pm.png',100,'해피약국 강남역점','2024-08-07 09:09:23'),(2052,'상품22',22000,'product_pm.png',100,'해피약국 강남역점','2024-08-07 09:09:23'),(2053,'상품23',23000,'product_pm.png',100,'해피약국 강남역점','2024-08-07 09:09:23'),(2054,'상품24',24000,'product_pm.png',100,'해피약국 강남역점','2024-08-07 09:09:23'),(2055,'상품25',25000,'product_pm.png',100,'해피약국 강남역점','2024-08-07 09:09:23'),(2056,'상품26',26000,'product_pm.png',100,'해피약국 강남역점','2024-08-07 09:09:23'),(2057,'상품27',27000,'product_pm.png',100,'해피약국 강남역점','2024-08-07 09:09:23'),(2058,'상품28',28000,'product_pm.png',100,'해피약국 강남역점','2024-08-07 09:09:23'),(2059,'상품29',29000,'product_pm.png',100,'해피약국 강남역점','2024-08-07 09:09:23'),(2060,'상품30',30000,'product_pm.png',100,'해피약국 강남역점','2024-08-07 09:09:23'),(2061,'상품31',31000,'product_pm.png',100,'해피약국 강남역점','2024-08-07 09:09:23'),(2062,'상품0',0,'product_cs.png',100,'CU 서초오피스점','2024-08-08 01:08:43'),(2063,'상품1',1000,'product_cs.png',100,'CU 서초오피스점','2024-08-08 01:08:43'),(2064,'상품2',2000,'product_cs.png',100,'CU 서초오피스점','2024-08-08 01:08:43'),(2065,'상품3',3000,'product_cs.png',100,'CU 서초오피스점','2024-08-08 01:08:43'),(2066,'상품4',4000,'product_cs.png',100,'CU 서초오피스점','2024-08-08 01:08:43'),(2067,'상품5',5000,'product_cs.png',100,'CU 서초오피스점','2024-08-08 01:08:43'),(2068,'상품6',6000,'product_cs.png',100,'CU 서초오피스점','2024-08-08 01:08:43'),(2069,'상품7',7000,'product_cs.png',100,'CU 서초오피스점','2024-08-08 01:08:43'),(2070,'상품8',8000,'product_cs.png',100,'CU 서초오피스점','2024-08-08 01:08:43'),(2071,'상품9',9000,'product_cs.png',100,'CU 서초오피스점','2024-08-08 01:08:43'),(2072,'상품10',10000,'product_cs.png',100,'CU 서초오피스점','2024-08-08 01:08:43'),(2073,'상품11',11000,'product_cs.png',100,'CU 서초오피스점','2024-08-08 01:08:43'),(2074,'상품12',12000,'product_cs.png',100,'CU 서초오피스점','2024-08-08 01:08:43'),(2075,'상품13',13000,'product_cs.png',100,'CU 서초오피스점','2024-08-08 01:08:43'),(2076,'상품14',14000,'product_cs.png',100,'CU 서초오피스점','2024-08-08 01:08:43'),(2077,'상품15',15000,'product_cs.png',100,'CU 서초오피스점','2024-08-08 01:08:43'),(2078,'상품16',16000,'product_cs.png',100,'CU 서초오피스점','2024-08-08 01:08:43'),(2079,'상품17',17000,'product_cs.png',100,'CU 서초오피스점','2024-08-08 01:08:43'),(2080,'상품18',18000,'product_cs.png',100,'CU 서초오피스점','2024-08-08 01:08:44'),(2081,'상품19',19000,'product_cs.png',100,'CU 서초오피스점','2024-08-08 01:08:44'),(2082,'상품0',0,'product_cs.png',100,'GS25 강남본점','2024-08-08 01:09:33'),(2083,'상품1',1000,'product_cs.png',100,'GS25 강남본점','2024-08-08 01:09:33'),(2084,'상품2',2000,'product_cs.png',100,'GS25 강남본점','2024-08-08 01:09:33'),(2085,'상품3',3000,'product_cs.png',100,'GS25 강남본점','2024-08-08 01:09:33'),(2086,'상품4',4000,'product_cs.png',100,'GS25 강남본점','2024-08-08 01:09:33'),(2087,'상품5',5000,'product_cs.png',100,'GS25 강남본점','2024-08-08 01:09:33'),(2088,'상품6',6000,'product_cs.png',100,'GS25 강남본점','2024-08-08 01:09:33'),(2089,'상품7',7000,'product_cs.png',100,'GS25 강남본점','2024-08-08 01:09:33'),(2090,'상품8',8000,'product_cs.png',100,'GS25 강남본점','2024-08-08 01:09:33'),(2091,'상품9',9000,'product_cs.png',100,'GS25 강남본점','2024-08-08 01:09:33'),(2092,'상품10',10000,'product_cs.png',100,'GS25 강남본점','2024-08-08 01:09:33'),(2093,'상품11',11000,'product_cs.png',100,'GS25 강남본점','2024-08-08 01:09:34'),(2094,'상품12',12000,'product_cs.png',100,'GS25 강남본점','2024-08-08 01:09:34'),(2095,'상품13',13000,'product_cs.png',100,'GS25 강남본점','2024-08-08 01:09:34'),(2096,'상품14',14000,'product_cs.png',100,'GS25 강남본점','2024-08-08 01:09:34'),(2097,'상품15',15000,'product_cs.png',100,'GS25 강남본점','2024-08-08 01:09:34'),(2098,'상품16',16000,'product_cs.png',100,'GS25 강남본점','2024-08-08 01:09:34'),(2099,'상품17',17000,'product_cs.png',100,'GS25 강남본점','2024-08-08 01:09:34'),(2100,'상품18',18000,'product_cs.png',100,'GS25 강남본점','2024-08-08 01:09:34'),(2101,'상품19',19000,'product_cs.png',100,'GS25 강남본점','2024-08-08 01:09:34'),(2102,'상품20',20000,'product_cs.png',100,'GS25 강남본점','2024-08-08 01:09:34'),(2103,'상품21',21000,'product_cs.png',100,'GS25 강남본점','2024-08-08 01:09:34'),(2104,'상품22',22000,'product_cs.png',100,'GS25 강남본점','2024-08-08 01:09:34'),(2105,'상품23',23000,'product_cs.png',100,'GS25 강남본점','2024-08-08 01:09:34'),(2106,'상품24',24000,'product_cs.png',100,'GS25 강남본점','2024-08-08 01:09:34'),(2107,'상품25',25000,'product_cs.png',100,'GS25 강남본점','2024-08-08 01:09:34'),(2108,'상품26',26000,'product_cs.png',100,'GS25 강남본점','2024-08-08 01:09:34'),(2109,'상품27',27000,'product_cs.png',100,'GS25 강남본점','2024-08-08 01:09:34'),(2110,'상품28',28000,'product_cs.png',100,'GS25 강남본점','2024-08-08 01:09:34'),(2111,'상품29',29000,'product_cs.png',100,'GS25 강남본점','2024-08-08 01:09:34'),(2112,'상품30',30000,'product_cs.png',100,'GS25 강남본점','2024-08-08 01:09:34'),(2113,'상품31',31000,'product_cs.png',100,'GS25 강남본점','2024-08-08 01:09:34'),(2114,'상품32',32000,'product_cs.png',100,'GS25 강남본점','2024-08-08 01:09:34'),(2115,'상품33',33000,'product_cs.png',100,'GS25 강남본점','2024-08-08 01:09:34'),(2116,'상품34',34000,'product_cs.png',100,'GS25 강남본점','2024-08-08 01:09:34'),(2117,'상품35',35000,'product_cs.png',100,'GS25 강남본점','2024-08-08 01:09:34'),(2118,'상품36',36000,'product_cs.png',100,'GS25 강남본점','2024-08-08 01:09:34'),(2119,'상품37',37000,'product_cs.png',100,'GS25 강남본점','2024-08-08 01:09:34'),(2120,'상품38',38000,'product_cs.png',100,'GS25 강남본점','2024-08-08 01:09:34'),(2121,'상품0',0,'product_cs.png',100,'이마트24 R강남역삼점','2024-08-08 01:09:53'),(2122,'상품1',1000,'product_cs.png',100,'이마트24 R강남역삼점','2024-08-08 01:09:53'),(2123,'상품2',2000,'product_cs.png',100,'이마트24 R강남역삼점','2024-08-08 01:09:53'),(2124,'상품3',3000,'product_cs.png',100,'이마트24 R강남역삼점','2024-08-08 01:09:53'),(2125,'상품4',4000,'product_cs.png',100,'이마트24 R강남역삼점','2024-08-08 01:09:53'),(2126,'상품5',5000,'product_cs.png',100,'이마트24 R강남역삼점','2024-08-08 01:09:53'),(2127,'상품6',6000,'product_cs.png',100,'이마트24 R강남역삼점','2024-08-08 01:09:53'),(2128,'상품7',7000,'product_cs.png',100,'이마트24 R강남역삼점','2024-08-08 01:09:53'),(2129,'상품8',8000,'product_cs.png',100,'이마트24 R강남역삼점','2024-08-08 01:09:53'),(2130,'상품9',9000,'product_cs.png',100,'이마트24 R강남역삼점','2024-08-08 01:09:53'),(2131,'상품10',10000,'product_cs.png',100,'이마트24 R강남역삼점','2024-08-08 01:09:53'),(2132,'상품11',11000,'product_cs.png',100,'이마트24 R강남역삼점','2024-08-08 01:09:53'),(2133,'상품12',12000,'product_cs.png',100,'이마트24 R강남역삼점','2024-08-08 01:09:53'),(2134,'상품13',13000,'product_cs.png',100,'이마트24 R강남역삼점','2024-08-08 01:09:53'),(2135,'상품14',14000,'product_cs.png',100,'이마트24 R강남역삼점','2024-08-08 01:09:53'),(2136,'상품15',15000,'product_cs.png',100,'이마트24 R강남역삼점','2024-08-08 01:09:53'),(2137,'상품16',16000,'product_cs.png',100,'이마트24 R강남역삼점','2024-08-08 01:09:53'),(2138,'상품17',17000,'product_cs.png',100,'이마트24 R강남역삼점','2024-08-08 01:09:53'),(2139,'상품18',18000,'product_cs.png',100,'이마트24 R강남역삼점','2024-08-08 01:09:53'),(2140,'상품19',19000,'product_cs.png',100,'이마트24 R강남역삼점','2024-08-08 01:09:53'),(2141,'상품20',20000,'product_cs.png',100,'이마트24 R강남역삼점','2024-08-08 01:09:53'),(2142,'상품21',21000,'product_cs.png',100,'이마트24 R강남역삼점','2024-08-08 01:09:53'),(2143,'상품22',22000,'product_cs.png',100,'이마트24 R강남역삼점','2024-08-08 01:09:53'),(2144,'상품0',0,'product_pm.png',100,'제일그랜드약국','2024-08-08 02:19:40'),(2145,'상품1',1000,'product_pm.png',100,'제일그랜드약국','2024-08-08 02:19:40'),(2146,'상품2',2000,'product_pm.png',100,'제일그랜드약국','2024-08-08 02:19:40'),(2147,'상품3',3000,'product_pm.png',100,'제일그랜드약국','2024-08-08 02:19:40'),(2148,'상품4',4000,'product_pm.png',100,'제일그랜드약국','2024-08-08 02:19:40'),(2149,'상품5',5000,'product_pm.png',100,'제일그랜드약국','2024-08-08 02:19:40'),(2150,'상품6',6000,'product_pm.png',100,'제일그랜드약국','2024-08-08 02:19:40'),(2151,'상품7',7000,'product_pm.png',100,'제일그랜드약국','2024-08-08 02:19:40'),(2152,'상품8',8000,'product_pm.png',100,'제일그랜드약국','2024-08-08 02:19:40'),(2153,'상품9',9000,'product_pm.png',100,'제일그랜드약국','2024-08-08 02:19:40'),(2154,'상품10',10000,'product_pm.png',100,'제일그랜드약국','2024-08-08 02:19:40'),(2155,'상품11',11000,'product_pm.png',100,'제일그랜드약국','2024-08-08 02:19:40'),(2156,'상품12',12000,'product_pm.png',100,'제일그랜드약국','2024-08-08 02:19:40'),(2157,'상품13',13000,'product_pm.png',100,'제일그랜드약국','2024-08-08 02:19:40'),(2158,'상품14',14000,'product_pm.png',100,'제일그랜드약국','2024-08-08 02:19:41'),(2159,'상품0',0,'product_pm.png',100,'레이첼약국','2024-08-08 02:19:50'),(2160,'상품1',1000,'product_pm.png',100,'레이첼약국','2024-08-08 02:19:50'),(2161,'상품2',2000,'product_pm.png',100,'레이첼약국','2024-08-08 02:19:50'),(2162,'상품3',3000,'product_pm.png',100,'레이첼약국','2024-08-08 02:19:50'),(2163,'상품4',4000,'product_pm.png',100,'레이첼약국','2024-08-08 02:19:50'),(2164,'상품5',5000,'product_pm.png',100,'레이첼약국','2024-08-08 02:19:50'),(2165,'상품6',6000,'product_pm.png',100,'레이첼약국','2024-08-08 02:19:50'),(2166,'상품7',7000,'product_pm.png',100,'레이첼약국','2024-08-08 02:19:50'),(2167,'상품8',8000,'product_pm.png',100,'레이첼약국','2024-08-08 02:19:50'),(2168,'상품9',9000,'product_pm.png',100,'레이첼약국','2024-08-08 02:19:50'),(2169,'상품10',10000,'product_pm.png',100,'레이첼약국','2024-08-08 02:19:50'),(2170,'상품11',11000,'product_pm.png',100,'레이첼약국','2024-08-08 02:19:50'),(2171,'상품12',12000,'product_pm.png',100,'레이첼약국','2024-08-08 02:19:50'),(2172,'상품13',13000,'product_pm.png',100,'레이첼약국','2024-08-08 02:19:50'),(2173,'상품14',14000,'product_pm.png',100,'레이첼약국','2024-08-08 02:19:50'),(2174,'상품15',15000,'product_pm.png',100,'레이첼약국','2024-08-08 02:19:50'),(2175,'상품16',16000,'product_pm.png',100,'레이첼약국','2024-08-08 02:19:50'),(2176,'상품17',17000,'product_pm.png',100,'레이첼약국','2024-08-08 02:19:50'),(2177,'상품18',18000,'product_pm.png',100,'레이첼약국','2024-08-08 02:19:50'),(2178,'상품19',19000,'product_pm.png',100,'레이첼약국','2024-08-08 02:19:50'),(2179,'상품20',20000,'product_pm.png',100,'레이첼약국','2024-08-08 02:19:50'),(2180,'상품21',21000,'product_pm.png',100,'레이첼약국','2024-08-08 02:19:50'),(2181,'상품22',22000,'product_pm.png',100,'레이첼약국','2024-08-08 02:19:50'),(2182,'상품23',23000,'product_pm.png',100,'레이첼약국','2024-08-08 02:19:50'),(2183,'상품24',24000,'product_pm.png',100,'레이첼약국','2024-08-08 02:19:50'),(2184,'상품25',25000,'product_pm.png',100,'레이첼약국','2024-08-08 02:19:50'),(2185,'상품26',26000,'product_pm.png',100,'레이첼약국','2024-08-08 02:19:50'),(2186,'상품27',27000,'product_pm.png',100,'레이첼약국','2024-08-08 02:19:50'),(2187,'상품28',28000,'product_pm.png',100,'레이첼약국','2024-08-08 02:19:50'),(2188,'상품0',0,'product_fd.png',100,'티엔미미 강남점','2024-08-08 08:02:40'),(2189,'상품1',1000,'product_fd.png',100,'티엔미미 강남점','2024-08-08 08:02:40'),(2190,'상품2',2000,'product_fd.png',100,'티엔미미 강남점','2024-08-08 08:02:40'),(2191,'상품3',3000,'product_fd.png',100,'티엔미미 강남점','2024-08-08 08:02:40'),(2192,'상품4',4000,'product_fd.png',100,'티엔미미 강남점','2024-08-08 08:02:40'),(2193,'상품0',0,'product_cs.png',100,'GS25 서초디오빌점','2024-08-08 08:15:56'),(2194,'상품1',1000,'product_cs.png',100,'GS25 서초디오빌점','2024-08-08 08:15:56'),(2195,'상품2',2000,'product_cs.png',100,'GS25 서초디오빌점','2024-08-08 08:15:56'),(2196,'상품3',3000,'product_cs.png',100,'GS25 서초디오빌점','2024-08-08 08:15:56'),(2197,'상품4',4000,'product_cs.png',100,'GS25 서초디오빌점','2024-08-08 08:15:56'),(2198,'상품5',5000,'product_cs.png',100,'GS25 서초디오빌점','2024-08-08 08:15:56'),(2199,'상품6',6000,'product_cs.png',100,'GS25 서초디오빌점','2024-08-08 08:15:56'),(2200,'상품7',7000,'product_cs.png',100,'GS25 서초디오빌점','2024-08-08 08:15:56'),(2201,'상품8',8000,'product_cs.png',100,'GS25 서초디오빌점','2024-08-08 08:15:56'),(2202,'상품9',9000,'product_cs.png',100,'GS25 서초디오빌점','2024-08-08 08:15:57'),(2203,'상품10',10000,'product_cs.png',100,'GS25 서초디오빌점','2024-08-08 08:15:57'),(2204,'상품11',11000,'product_cs.png',100,'GS25 서초디오빌점','2024-08-08 08:15:57'),(2205,'상품12',12000,'product_cs.png',100,'GS25 서초디오빌점','2024-08-08 08:15:57'),(2206,'상품13',13000,'product_cs.png',100,'GS25 서초디오빌점','2024-08-08 08:15:57'),(2207,'상품14',14000,'product_cs.png',100,'GS25 서초디오빌점','2024-08-08 08:15:57'),(2208,'상품15',15000,'product_cs.png',100,'GS25 서초디오빌점','2024-08-08 08:15:57'),(2209,'상품16',16000,'product_cs.png',100,'GS25 서초디오빌점','2024-08-08 08:15:57'),(2210,'상품17',17000,'product_cs.png',100,'GS25 서초디오빌점','2024-08-08 08:15:57'),(2211,'상품18',18000,'product_cs.png',100,'GS25 서초디오빌점','2024-08-08 08:15:57'),(2212,'상품19',19000,'product_cs.png',100,'GS25 서초디오빌점','2024-08-08 08:15:57'),(2213,'상품20',20000,'product_cs.png',100,'GS25 서초디오빌점','2024-08-08 08:15:57'),(2214,'상품21',21000,'product_cs.png',100,'GS25 서초디오빌점','2024-08-08 08:15:57'),(2215,'상품0',0,'product_cs.png',100,'GS25 서초프라자점','2024-08-08 08:15:59'),(2216,'상품1',1000,'product_cs.png',100,'GS25 서초프라자점','2024-08-08 08:15:59'),(2217,'상품2',2000,'product_cs.png',100,'GS25 서초프라자점','2024-08-08 08:15:59'),(2218,'상품3',3000,'product_cs.png',100,'GS25 서초프라자점','2024-08-08 08:15:59'),(2219,'상품4',4000,'product_cs.png',100,'GS25 서초프라자점','2024-08-08 08:15:59'),(2220,'상품5',5000,'product_cs.png',100,'GS25 서초프라자점','2024-08-08 08:15:59'),(2221,'상품6',6000,'product_cs.png',100,'GS25 서초프라자점','2024-08-08 08:15:59'),(2222,'상품7',7000,'product_cs.png',100,'GS25 서초프라자점','2024-08-08 08:15:59'),(2223,'상품8',8000,'product_cs.png',100,'GS25 서초프라자점','2024-08-08 08:15:59'),(2224,'상품9',9000,'product_cs.png',100,'GS25 서초프라자점','2024-08-08 08:15:59'),(2225,'상품10',10000,'product_cs.png',100,'GS25 서초프라자점','2024-08-08 08:15:59'),(2226,'상품11',11000,'product_cs.png',100,'GS25 서초프라자점','2024-08-08 08:15:59'),(2227,'상품12',12000,'product_cs.png',100,'GS25 서초프라자점','2024-08-08 08:15:59'),(2228,'상품13',13000,'product_cs.png',100,'GS25 서초프라자점','2024-08-08 08:15:59'),(2229,'상품14',14000,'product_cs.png',100,'GS25 서초프라자점','2024-08-08 08:15:59'),(2230,'상품15',15000,'product_cs.png',100,'GS25 서초프라자점','2024-08-08 08:15:59'),(2231,'상품16',16000,'product_cs.png',100,'GS25 서초프라자점','2024-08-08 08:15:59'),(2232,'상품17',17000,'product_cs.png',100,'GS25 서초프라자점','2024-08-08 08:15:59'),(2233,'상품18',18000,'product_cs.png',100,'GS25 서초프라자점','2024-08-08 08:15:59'),(2234,'상품19',19000,'product_cs.png',100,'GS25 서초프라자점','2024-08-08 08:15:59'),(2235,'상품20',20000,'product_cs.png',100,'GS25 서초프라자점','2024-08-08 08:15:59'),(2236,'상품21',21000,'product_cs.png',100,'GS25 서초프라자점','2024-08-08 08:15:59'),(2237,'상품22',22000,'product_cs.png',100,'GS25 서초프라자점','2024-08-08 08:15:59'),(2238,'상품23',23000,'product_cs.png',100,'GS25 서초프라자점','2024-08-08 08:15:59'),(2239,'상품24',24000,'product_cs.png',100,'GS25 서초프라자점','2024-08-08 08:15:59'),(2240,'상품25',25000,'product_cs.png',100,'GS25 서초프라자점','2024-08-08 08:15:59'),(2241,'상품26',26000,'product_cs.png',100,'GS25 서초프라자점','2024-08-08 08:15:59'),(2242,'상품27',27000,'product_cs.png',100,'GS25 서초프라자점','2024-08-08 08:15:59'),(2243,'상품28',28000,'product_cs.png',100,'GS25 서초프라자점','2024-08-08 08:15:59'),(2244,'상품29',29000,'product_cs.png',100,'GS25 서초프라자점','2024-08-08 08:15:59'),(2245,'상품30',30000,'product_cs.png',100,'GS25 서초프라자점','2024-08-08 08:15:59'),(2246,'상품31',31000,'product_cs.png',100,'GS25 서초프라자점','2024-08-08 08:15:59'),(2247,'상품32',32000,'product_cs.png',100,'GS25 서초프라자점','2024-08-08 08:15:59'),(2248,'상품33',33000,'product_cs.png',100,'GS25 서초프라자점','2024-08-08 08:15:59'),(2249,'상품34',34000,'product_cs.png',100,'GS25 서초프라자점','2024-08-08 08:15:59'),(2250,'상품35',35000,'product_cs.png',100,'GS25 서초프라자점','2024-08-08 08:15:59'),(2251,'상품36',36000,'product_cs.png',100,'GS25 서초프라자점','2024-08-08 08:15:59'),(2252,'상품37',37000,'product_cs.png',100,'GS25 서초프라자점','2024-08-08 08:15:59'),(2253,'상품38',38000,'product_cs.png',100,'GS25 서초프라자점','2024-08-08 08:15:59'),(2254,'상품0',0,'product_cs.png',100,'GS25 강남센타점','2024-08-08 08:16:01'),(2255,'상품1',1000,'product_cs.png',100,'GS25 강남센타점','2024-08-08 08:16:01'),(2256,'상품2',2000,'product_cs.png',100,'GS25 강남센타점','2024-08-08 08:16:01'),(2257,'상품3',3000,'product_cs.png',100,'GS25 강남센타점','2024-08-08 08:16:01'),(2258,'상품4',4000,'product_cs.png',100,'GS25 강남센타점','2024-08-08 08:16:01'),(2259,'상품5',5000,'product_cs.png',100,'GS25 강남센타점','2024-08-08 08:16:01'),(2260,'상품6',6000,'product_cs.png',100,'GS25 강남센타점','2024-08-08 08:16:01'),(2261,'상품7',7000,'product_cs.png',100,'GS25 강남센타점','2024-08-08 08:16:01'),(2262,'상품8',8000,'product_cs.png',100,'GS25 강남센타점','2024-08-08 08:16:01'),(2263,'상품9',9000,'product_cs.png',100,'GS25 강남센타점','2024-08-08 08:16:01'),(2264,'상품10',10000,'product_cs.png',100,'GS25 강남센타점','2024-08-08 08:16:01'),(2265,'상품11',11000,'product_cs.png',100,'GS25 강남센타점','2024-08-08 08:16:01'),(2266,'상품12',12000,'product_cs.png',100,'GS25 강남센타점','2024-08-08 08:16:01'),(2267,'상품13',13000,'product_cs.png',100,'GS25 강남센타점','2024-08-08 08:16:01'),(2268,'상품14',14000,'product_cs.png',100,'GS25 강남센타점','2024-08-08 08:16:01'),(2269,'상품15',15000,'product_cs.png',100,'GS25 강남센타점','2024-08-08 08:16:01'),(2270,'상품16',16000,'product_cs.png',100,'GS25 강남센타점','2024-08-08 08:16:01'),(2271,'상품17',17000,'product_cs.png',100,'GS25 강남센타점','2024-08-08 08:16:01'),(2272,'상품18',18000,'product_cs.png',100,'GS25 강남센타점','2024-08-08 08:16:01'),(2273,'상품19',19000,'product_cs.png',100,'GS25 강남센타점','2024-08-08 08:16:01'),(2274,'상품20',20000,'product_cs.png',100,'GS25 강남센타점','2024-08-08 08:16:01'),(2275,'상품21',21000,'product_cs.png',100,'GS25 강남센타점','2024-08-08 08:16:01'),(2276,'상품22',22000,'product_cs.png',100,'GS25 강남센타점','2024-08-08 08:16:01'),(2277,'상품23',23000,'product_cs.png',100,'GS25 강남센타점','2024-08-08 08:16:01'),(2278,'상품24',24000,'product_cs.png',100,'GS25 강남센타점','2024-08-08 08:16:01'),(2279,'상품25',25000,'product_cs.png',100,'GS25 강남센타점','2024-08-08 08:16:01'),(2280,'상품26',26000,'product_cs.png',100,'GS25 강남센타점','2024-08-08 08:16:01'),(2281,'상품27',27000,'product_cs.png',100,'GS25 강남센타점','2024-08-08 08:16:01'),(2282,'상품28',28000,'product_cs.png',100,'GS25 강남센타점','2024-08-08 08:16:01'),(2283,'상품29',29000,'product_cs.png',100,'GS25 강남센타점','2024-08-08 08:16:01'),(2284,'상품30',30000,'product_cs.png',100,'GS25 강남센타점','2024-08-08 08:16:01'),(2285,'상품31',31000,'product_cs.png',100,'GS25 강남센타점','2024-08-08 08:16:01'),(2286,'상품32',32000,'product_cs.png',100,'GS25 강남센타점','2024-08-08 08:16:01'),(2287,'상품33',33000,'product_cs.png',100,'GS25 강남센타점','2024-08-08 08:16:01'),(2288,'상품34',34000,'product_cs.png',100,'GS25 강남센타점','2024-08-08 08:16:01'),(2289,'상품0',0,'product_cs.png',100,'GS25 강남시티힐점','2024-08-08 08:16:03'),(2290,'상품1',1000,'product_cs.png',100,'GS25 강남시티힐점','2024-08-08 08:16:03'),(2291,'상품2',2000,'product_cs.png',100,'GS25 강남시티힐점','2024-08-08 08:16:03'),(2292,'상품3',3000,'product_cs.png',100,'GS25 강남시티힐점','2024-08-08 08:16:03'),(2293,'상품4',4000,'product_cs.png',100,'GS25 강남시티힐점','2024-08-08 08:16:03'),(2294,'상품5',5000,'product_cs.png',100,'GS25 강남시티힐점','2024-08-08 08:16:03'),(2295,'상품6',6000,'product_cs.png',100,'GS25 강남시티힐점','2024-08-08 08:16:03'),(2296,'상품7',7000,'product_cs.png',100,'GS25 강남시티힐점','2024-08-08 08:16:03'),(2297,'상품8',8000,'product_cs.png',100,'GS25 강남시티힐점','2024-08-08 08:16:03'),(2298,'상품9',9000,'product_cs.png',100,'GS25 강남시티힐점','2024-08-08 08:16:03'),(2299,'상품10',10000,'product_cs.png',100,'GS25 강남시티힐점','2024-08-08 08:16:03'),(2300,'상품11',11000,'product_cs.png',100,'GS25 강남시티힐점','2024-08-08 08:16:03'),(2301,'상품12',12000,'product_cs.png',100,'GS25 강남시티힐점','2024-08-08 08:16:03'),(2302,'상품13',13000,'product_cs.png',100,'GS25 강남시티힐점','2024-08-08 08:16:03'),(2303,'상품14',14000,'product_cs.png',100,'GS25 강남시티힐점','2024-08-08 08:16:03'),(2304,'상품15',15000,'product_cs.png',100,'GS25 강남시티힐점','2024-08-08 08:16:03'),(2305,'상품16',16000,'product_cs.png',100,'GS25 강남시티힐점','2024-08-08 08:16:03'),(2306,'상품17',17000,'product_cs.png',100,'GS25 강남시티힐점','2024-08-08 08:16:03'),(2307,'상품18',18000,'product_cs.png',100,'GS25 강남시티힐점','2024-08-08 08:16:03'),(2308,'상품19',19000,'product_cs.png',100,'GS25 강남시티힐점','2024-08-08 08:16:03'),(2309,'상품20',20000,'product_cs.png',100,'GS25 강남시티힐점','2024-08-08 08:16:03'),(2310,'상품21',21000,'product_cs.png',100,'GS25 강남시티힐점','2024-08-08 08:16:03'),(2311,'상품22',22000,'product_cs.png',100,'GS25 강남시티힐점','2024-08-08 08:16:03'),(2312,'상품23',23000,'product_cs.png',100,'GS25 강남시티힐점','2024-08-08 08:16:03'),(2313,'상품24',24000,'product_cs.png',100,'GS25 강남시티힐점','2024-08-08 08:16:03'),(2314,'상품25',25000,'product_cs.png',100,'GS25 강남시티힐점','2024-08-08 08:16:03'),(2315,'상품26',26000,'product_cs.png',100,'GS25 강남시티힐점','2024-08-08 08:16:03'),(2316,'상품27',27000,'product_cs.png',100,'GS25 강남시티힐점','2024-08-08 08:16:03'),(2317,'상품28',28000,'product_cs.png',100,'GS25 강남시티힐점','2024-08-08 08:16:03'),(2318,'상품29',29000,'product_cs.png',100,'GS25 강남시티힐점','2024-08-08 08:16:03'),(2319,'상품30',30000,'product_cs.png',100,'GS25 강남시티힐점','2024-08-08 08:16:03'),(2320,'상품31',31000,'product_cs.png',100,'GS25 강남시티힐점','2024-08-08 08:16:03'),(2321,'상품32',32000,'product_cs.png',100,'GS25 강남시티힐점','2024-08-08 08:16:03'),(2322,'상품33',33000,'product_cs.png',100,'GS25 강남시티힐점','2024-08-08 08:16:03'),(2323,'상품34',34000,'product_cs.png',100,'GS25 강남시티힐점','2024-08-08 08:16:03'),(2324,'상품35',35000,'product_cs.png',100,'GS25 강남시티힐점','2024-08-08 08:16:03'),(2325,'상품36',36000,'product_cs.png',100,'GS25 강남시티힐점','2024-08-08 08:16:03'),(2326,'상품0',0,'product_cs.png',100,'GS25 반포2점','2024-08-08 08:16:21'),(2327,'상품1',1000,'product_cs.png',100,'GS25 반포2점','2024-08-08 08:16:21'),(2328,'상품2',2000,'product_cs.png',100,'GS25 반포2점','2024-08-08 08:16:21'),(2329,'상품3',3000,'product_cs.png',100,'GS25 반포2점','2024-08-08 08:16:21'),(2330,'상품4',4000,'product_cs.png',100,'GS25 반포2점','2024-08-08 08:16:21'),(2331,'상품5',5000,'product_cs.png',100,'GS25 반포2점','2024-08-08 08:16:21'),(2332,'상품6',6000,'product_cs.png',100,'GS25 반포2점','2024-08-08 08:16:21'),(2333,'상품7',7000,'product_cs.png',100,'GS25 반포2점','2024-08-08 08:16:21'),(2334,'상품8',8000,'product_cs.png',100,'GS25 반포2점','2024-08-08 08:16:21'),(2335,'상품9',9000,'product_cs.png',100,'GS25 반포2점','2024-08-08 08:16:21'),(2336,'상품10',10000,'product_cs.png',100,'GS25 반포2점','2024-08-08 08:16:21'),(2337,'상품11',11000,'product_cs.png',100,'GS25 반포2점','2024-08-08 08:16:21'),(2338,'상품12',12000,'product_cs.png',100,'GS25 반포2점','2024-08-08 08:16:21'),(2339,'상품13',13000,'product_cs.png',100,'GS25 반포2점','2024-08-08 08:16:21'),(2340,'상품14',14000,'product_cs.png',100,'GS25 반포2점','2024-08-08 08:16:21'),(2341,'상품15',15000,'product_cs.png',100,'GS25 반포2점','2024-08-08 08:16:21'),(2342,'상품16',16000,'product_cs.png',100,'GS25 반포2점','2024-08-08 08:16:21'),(2343,'상품17',17000,'product_cs.png',100,'GS25 반포2점','2024-08-08 08:16:21'),(2344,'상품18',18000,'product_cs.png',100,'GS25 반포2점','2024-08-08 08:16:21'),(2345,'상품19',19000,'product_cs.png',100,'GS25 반포2점','2024-08-08 08:16:21'),(2346,'상품20',20000,'product_cs.png',100,'GS25 반포2점','2024-08-08 08:16:21'),(2347,'상품21',21000,'product_cs.png',100,'GS25 반포2점','2024-08-08 08:16:21'),(2348,'상품22',22000,'product_cs.png',100,'GS25 반포2점','2024-08-08 08:16:21'),(2349,'상품23',23000,'product_cs.png',100,'GS25 반포2점','2024-08-08 08:16:21'),(2350,'상품24',24000,'product_cs.png',100,'GS25 반포2점','2024-08-08 08:16:21'),(2351,'상품25',25000,'product_cs.png',100,'GS25 반포2점','2024-08-08 08:16:21'),(2352,'상품26',26000,'product_cs.png',100,'GS25 반포2점','2024-08-08 08:16:21'),(2353,'상품27',27000,'product_cs.png',100,'GS25 반포2점','2024-08-08 08:16:21'),(2354,'상품28',28000,'product_cs.png',100,'GS25 반포2점','2024-08-08 08:16:21'),(2355,'상품29',29000,'product_cs.png',100,'GS25 반포2점','2024-08-08 08:16:21'),(2356,'상품30',30000,'product_cs.png',100,'GS25 반포2점','2024-08-08 08:16:21'),(2357,'상품31',31000,'product_cs.png',100,'GS25 반포2점','2024-08-08 08:16:21'),(2358,'상품32',32000,'product_cs.png',100,'GS25 반포2점','2024-08-08 08:16:21'),(2359,'상품0',0,'product_cs.png',100,'GS25 반포타운점','2024-08-08 08:16:22'),(2360,'상품1',1000,'product_cs.png',100,'GS25 반포타운점','2024-08-08 08:16:22'),(2361,'상품2',2000,'product_cs.png',100,'GS25 반포타운점','2024-08-08 08:16:22'),(2362,'상품3',3000,'product_cs.png',100,'GS25 반포타운점','2024-08-08 08:16:22'),(2363,'상품4',4000,'product_cs.png',100,'GS25 반포타운점','2024-08-08 08:16:22'),(2364,'상품5',5000,'product_cs.png',100,'GS25 반포타운점','2024-08-08 08:16:22'),(2365,'상품6',6000,'product_cs.png',100,'GS25 반포타운점','2024-08-08 08:16:22'),(2366,'상품7',7000,'product_cs.png',100,'GS25 반포타운점','2024-08-08 08:16:22'),(2367,'상품8',8000,'product_cs.png',100,'GS25 반포타운점','2024-08-08 08:16:22'),(2368,'상품9',9000,'product_cs.png',100,'GS25 반포타운점','2024-08-08 08:16:22'),(2369,'상품10',10000,'product_cs.png',100,'GS25 반포타운점','2024-08-08 08:16:22'),(2370,'상품11',11000,'product_cs.png',100,'GS25 반포타운점','2024-08-08 08:16:22'),(2371,'상품12',12000,'product_cs.png',100,'GS25 반포타운점','2024-08-08 08:16:22'),(2372,'상품13',13000,'product_cs.png',100,'GS25 반포타운점','2024-08-08 08:16:22'),(2373,'상품14',14000,'product_cs.png',100,'GS25 반포타운점','2024-08-08 08:16:22'),(2374,'상품15',15000,'product_cs.png',100,'GS25 반포타운점','2024-08-08 08:16:22'),(2375,'상품16',16000,'product_cs.png',100,'GS25 반포타운점','2024-08-08 08:16:22'),(2376,'상품17',17000,'product_cs.png',100,'GS25 반포타운점','2024-08-08 08:16:22'),(2377,'상품0',0,'product_cs.png',100,'CU 서초캐슬점','2024-08-08 08:16:47'),(2378,'상품1',1000,'product_cs.png',100,'CU 서초캐슬점','2024-08-08 08:16:47'),(2379,'상품2',2000,'product_cs.png',100,'CU 서초캐슬점','2024-08-08 08:16:47'),(2380,'상품3',3000,'product_cs.png',100,'CU 서초캐슬점','2024-08-08 08:16:47'),(2381,'상품4',4000,'product_cs.png',100,'CU 서초캐슬점','2024-08-08 08:16:47'),(2382,'상품5',5000,'product_cs.png',100,'CU 서초캐슬점','2024-08-08 08:16:47'),(2383,'상품6',6000,'product_cs.png',100,'CU 서초캐슬점','2024-08-08 08:16:47'),(2384,'상품7',7000,'product_cs.png',100,'CU 서초캐슬점','2024-08-08 08:16:47'),(2385,'상품8',8000,'product_cs.png',100,'CU 서초캐슬점','2024-08-08 08:16:47'),(2386,'상품9',9000,'product_cs.png',100,'CU 서초캐슬점','2024-08-08 08:16:47'),(2387,'상품10',10000,'product_cs.png',100,'CU 서초캐슬점','2024-08-08 08:16:47'),(2388,'상품11',11000,'product_cs.png',100,'CU 서초캐슬점','2024-08-08 08:16:47'),(2389,'상품12',12000,'product_cs.png',100,'CU 서초캐슬점','2024-08-08 08:16:47'),(2390,'상품13',13000,'product_cs.png',100,'CU 서초캐슬점','2024-08-08 08:16:47'),(2391,'상품14',14000,'product_cs.png',100,'CU 서초캐슬점','2024-08-08 08:16:47'),(2392,'상품15',15000,'product_cs.png',100,'CU 서초캐슬점','2024-08-08 08:16:47'),(2393,'상품16',16000,'product_cs.png',100,'CU 서초캐슬점','2024-08-08 08:16:47'),(2394,'상품17',17000,'product_cs.png',100,'CU 서초캐슬점','2024-08-08 08:16:47'),(2395,'상품18',18000,'product_cs.png',100,'CU 서초캐슬점','2024-08-08 08:16:47'),(2396,'상품19',19000,'product_cs.png',100,'CU 서초캐슬점','2024-08-08 08:16:47'),(2397,'상품20',20000,'product_cs.png',100,'CU 서초캐슬점','2024-08-08 08:16:47'),(2398,'상품21',21000,'product_cs.png',100,'CU 서초캐슬점','2024-08-08 08:16:47'),(2399,'상품22',22000,'product_cs.png',100,'CU 서초캐슬점','2024-08-08 08:16:47'),(2400,'상품23',23000,'product_cs.png',100,'CU 서초캐슬점','2024-08-08 08:16:47'),(2401,'상품24',24000,'product_cs.png',100,'CU 서초캐슬점','2024-08-08 08:16:47'),(2402,'상품25',25000,'product_cs.png',100,'CU 서초캐슬점','2024-08-08 08:16:47'),(2403,'상품26',26000,'product_cs.png',100,'CU 서초캐슬점','2024-08-08 08:16:47'),(2404,'상품27',27000,'product_cs.png',100,'CU 서초캐슬점','2024-08-08 08:16:47'),(2405,'상품0',0,'product_cs.png',100,'GS25 강남태양점','2024-08-08 08:16:51'),(2406,'상품1',1000,'product_cs.png',100,'GS25 강남태양점','2024-08-08 08:16:51'),(2407,'상품2',2000,'product_cs.png',100,'GS25 강남태양점','2024-08-08 08:16:51'),(2408,'상품3',3000,'product_cs.png',100,'GS25 강남태양점','2024-08-08 08:16:51'),(2409,'상품4',4000,'product_cs.png',100,'GS25 강남태양점','2024-08-08 08:16:51'),(2410,'상품5',5000,'product_cs.png',100,'GS25 강남태양점','2024-08-08 08:16:51'),(2411,'상품6',6000,'product_cs.png',100,'GS25 강남태양점','2024-08-08 08:16:51'),(2412,'상품7',7000,'product_cs.png',100,'GS25 강남태양점','2024-08-08 08:16:51'),(2413,'상품8',8000,'product_cs.png',100,'GS25 강남태양점','2024-08-08 08:16:51'),(2414,'상품9',9000,'product_cs.png',100,'GS25 강남태양점','2024-08-08 08:16:52'),(2415,'상품10',10000,'product_cs.png',100,'GS25 강남태양점','2024-08-08 08:16:52'),(2416,'상품11',11000,'product_cs.png',100,'GS25 강남태양점','2024-08-08 08:16:52'),(2417,'상품12',12000,'product_cs.png',100,'GS25 강남태양점','2024-08-08 08:16:52'),(2418,'상품13',13000,'product_cs.png',100,'GS25 강남태양점','2024-08-08 08:16:52'),(2419,'상품14',14000,'product_cs.png',100,'GS25 강남태양점','2024-08-08 08:16:52'),(2420,'상품15',15000,'product_cs.png',100,'GS25 강남태양점','2024-08-08 08:16:52'),(2421,'상품16',16000,'product_cs.png',100,'GS25 강남태양점','2024-08-08 08:16:52'),(2422,'상품0',0,'product_cs.png',100,'이마트24 강남더인피닛스퀘어점','2024-08-08 08:17:01'),(2423,'상품1',1000,'product_cs.png',100,'이마트24 강남더인피닛스퀘어점','2024-08-08 08:17:01'),(2424,'상품2',2000,'product_cs.png',100,'이마트24 강남더인피닛스퀘어점','2024-08-08 08:17:01'),(2425,'상품3',3000,'product_cs.png',100,'이마트24 강남더인피닛스퀘어점','2024-08-08 08:17:01'),(2426,'상품4',4000,'product_cs.png',100,'이마트24 강남더인피닛스퀘어점','2024-08-08 08:17:01'),(2427,'상품5',5000,'product_cs.png',100,'이마트24 강남더인피닛스퀘어점','2024-08-08 08:17:01'),(2428,'상품6',6000,'product_cs.png',100,'이마트24 강남더인피닛스퀘어점','2024-08-08 08:17:01'),(2429,'상품7',7000,'product_cs.png',100,'이마트24 강남더인피닛스퀘어점','2024-08-08 08:17:01'),(2430,'상품8',8000,'product_cs.png',100,'이마트24 강남더인피닛스퀘어점','2024-08-08 08:17:01'),(2431,'상품9',9000,'product_cs.png',100,'이마트24 강남더인피닛스퀘어점','2024-08-08 08:17:01'),(2432,'상품10',10000,'product_cs.png',100,'이마트24 강남더인피닛스퀘어점','2024-08-08 08:17:01'),(2433,'상품0',0,'product_cs.png',100,'이마트24 R논현스타점','2024-08-08 08:17:06'),(2434,'상품1',1000,'product_cs.png',100,'이마트24 R논현스타점','2024-08-08 08:17:06'),(2435,'상품2',2000,'product_cs.png',100,'이마트24 R논현스타점','2024-08-08 08:17:06'),(2436,'상품3',3000,'product_cs.png',100,'이마트24 R논현스타점','2024-08-08 08:17:06'),(2437,'상품4',4000,'product_cs.png',100,'이마트24 R논현스타점','2024-08-08 08:17:06'),(2438,'상품5',5000,'product_cs.png',100,'이마트24 R논현스타점','2024-08-08 08:17:06'),(2439,'상품6',6000,'product_cs.png',100,'이마트24 R논현스타점','2024-08-08 08:17:06'),(2440,'상품7',7000,'product_cs.png',100,'이마트24 R논현스타점','2024-08-08 08:17:06'),(2441,'상품8',8000,'product_cs.png',100,'이마트24 R논현스타점','2024-08-08 08:17:06'),(2442,'상품9',9000,'product_cs.png',100,'이마트24 R논현스타점','2024-08-08 08:17:06'),(2443,'상품10',10000,'product_cs.png',100,'이마트24 R논현스타점','2024-08-08 08:17:06'),(2444,'상품11',11000,'product_cs.png',100,'이마트24 R논현스타점','2024-08-08 08:17:06'),(2445,'상품12',12000,'product_cs.png',100,'이마트24 R논현스타점','2024-08-08 08:17:06'),(2446,'상품13',13000,'product_cs.png',100,'이마트24 R논현스타점','2024-08-08 08:17:06'),(2447,'상품14',14000,'product_cs.png',100,'이마트24 R논현스타점','2024-08-08 08:17:06'),(2448,'상품15',15000,'product_cs.png',100,'이마트24 R논현스타점','2024-08-08 08:17:06'),(2449,'상품16',16000,'product_cs.png',100,'이마트24 R논현스타점','2024-08-08 08:17:06'),(2450,'상품17',17000,'product_cs.png',100,'이마트24 R논현스타점','2024-08-08 08:17:06'),(2451,'상품18',18000,'product_cs.png',100,'이마트24 R논현스타점','2024-08-08 08:17:06'),(2452,'상품19',19000,'product_cs.png',100,'이마트24 R논현스타점','2024-08-08 08:17:06'),(2453,'상품20',20000,'product_cs.png',100,'이마트24 R논현스타점','2024-08-08 08:17:06'),(2454,'상품21',21000,'product_cs.png',100,'이마트24 R논현스타점','2024-08-08 08:17:06'),(2455,'상품22',22000,'product_cs.png',100,'이마트24 R논현스타점','2024-08-08 08:17:06'),(2456,'상품23',23000,'product_cs.png',100,'이마트24 R논현스타점','2024-08-08 08:17:06'),(2457,'상품24',24000,'product_cs.png',100,'이마트24 R논현스타점','2024-08-08 08:17:06'),(2458,'상품25',25000,'product_cs.png',100,'이마트24 R논현스타점','2024-08-08 08:17:06'),(2459,'상품0',0,'product_cs.png',100,'이마트24 반포가온점','2024-08-08 08:17:07'),(2460,'상품1',1000,'product_cs.png',100,'이마트24 반포가온점','2024-08-08 08:17:07'),(2461,'상품2',2000,'product_cs.png',100,'이마트24 반포가온점','2024-08-08 08:17:07'),(2462,'상품3',3000,'product_cs.png',100,'이마트24 반포가온점','2024-08-08 08:17:07'),(2463,'상품4',4000,'product_cs.png',100,'이마트24 반포가온점','2024-08-08 08:17:07'),(2464,'상품0',0,'product_cs.png',100,'GS25 도곡대박점','2024-08-08 08:28:16'),(2465,'상품1',1000,'product_cs.png',100,'GS25 도곡대박점','2024-08-08 08:28:16'),(2466,'상품2',2000,'product_cs.png',100,'GS25 도곡대박점','2024-08-08 08:28:16'),(2467,'상품3',3000,'product_cs.png',100,'GS25 도곡대박점','2024-08-08 08:28:16'),(2468,'상품4',4000,'product_cs.png',100,'GS25 도곡대박점','2024-08-08 08:28:16'),(2469,'상품5',5000,'product_cs.png',100,'GS25 도곡대박점','2024-08-08 08:28:16'),(2470,'상품6',6000,'product_cs.png',100,'GS25 도곡대박점','2024-08-08 08:28:16'),(2471,'상품7',7000,'product_cs.png',100,'GS25 도곡대박점','2024-08-08 08:28:16'),(2472,'상품8',8000,'product_cs.png',100,'GS25 도곡대박점','2024-08-08 08:28:16'),(2473,'상품9',9000,'product_cs.png',100,'GS25 도곡대박점','2024-08-08 08:28:16'),(2474,'상품10',10000,'product_cs.png',100,'GS25 도곡대박점','2024-08-08 08:28:16'),(2475,'상품11',11000,'product_cs.png',100,'GS25 도곡대박점','2024-08-08 08:28:16'),(2476,'상품12',12000,'product_cs.png',100,'GS25 도곡대박점','2024-08-08 08:28:16'),(2477,'상품13',13000,'product_cs.png',100,'GS25 도곡대박점','2024-08-08 08:28:16'),(2478,'상품14',14000,'product_cs.png',100,'GS25 도곡대박점','2024-08-08 08:28:16'),(2479,'상품15',15000,'product_cs.png',100,'GS25 도곡대박점','2024-08-08 08:28:16'),(2480,'상품16',16000,'product_cs.png',100,'GS25 도곡대박점','2024-08-08 08:28:16'),(2481,'상품17',17000,'product_cs.png',100,'GS25 도곡대박점','2024-08-08 08:28:16'),(2482,'상품18',18000,'product_cs.png',100,'GS25 도곡대박점','2024-08-08 08:28:16'),(2483,'상품19',19000,'product_cs.png',100,'GS25 도곡대박점','2024-08-08 08:28:16'),(2484,'상품20',20000,'product_cs.png',100,'GS25 도곡대박점','2024-08-08 08:28:16'),(2485,'상품21',21000,'product_cs.png',100,'GS25 도곡대박점','2024-08-08 08:28:16'),(2486,'상품22',22000,'product_cs.png',100,'GS25 도곡대박점','2024-08-08 08:28:16'),(2487,'상품23',23000,'product_cs.png',100,'GS25 도곡대박점','2024-08-08 08:28:16'),(2488,'상품24',24000,'product_cs.png',100,'GS25 도곡대박점','2024-08-08 08:28:16'),(2489,'상품25',25000,'product_cs.png',100,'GS25 도곡대박점','2024-08-08 08:28:16'),(2490,'상품26',26000,'product_cs.png',100,'GS25 도곡대박점','2024-08-08 08:28:16'),(2491,'상품27',27000,'product_cs.png',100,'GS25 도곡대박점','2024-08-08 08:28:16'),(2492,'상품28',28000,'product_cs.png',100,'GS25 도곡대박점','2024-08-08 08:28:16'),(2493,'상품29',29000,'product_cs.png',100,'GS25 도곡대박점','2024-08-08 08:28:16'),(2494,'상품30',30000,'product_cs.png',100,'GS25 도곡대박점','2024-08-08 08:28:16'),(2495,'상품31',31000,'product_cs.png',100,'GS25 도곡대박점','2024-08-08 08:28:16'),(2496,'상품32',32000,'product_cs.png',100,'GS25 도곡대박점','2024-08-08 08:28:16');
/*!40000 ALTER TABLE `product` ENABLE KEYS */;
UNLOCK TABLES;

--
-- Table structure for table `recommend`
--

DROP TABLE IF EXISTS `recommend`;
/*!40101 SET @saved_cs_client     = @@character_set_client */;
/*!50503 SET character_set_client = utf8mb4 */;
CREATE TABLE `recommend` (
  `id` int NOT NULL AUTO_INCREMENT,
  `uid` varchar(20) COLLATE utf8mb3_bin DEFAULT NULL,
  `review_id` int DEFAULT NULL,
  PRIMARY KEY (`id`),
  KEY `recommend_ibfk_2` (`review_id`),
  KEY `recommend_ibfk_1` (`uid`),
  CONSTRAINT `recommend_ibfk_1` FOREIGN KEY (`uid`) REFERENCES `user_info` (`user_id`) ON DELETE CASCADE ON UPDATE CASCADE,
  CONSTRAINT `recommend_ibfk_2` FOREIGN KEY (`review_id`) REFERENCES `review` (`id`) ON DELETE CASCADE ON UPDATE CASCADE
) ENGINE=InnoDB AUTO_INCREMENT=13 DEFAULT CHARSET=utf8mb3 COLLATE=utf8mb3_bin;
/*!40101 SET character_set_client = @saved_cs_client */;

--
-- Dumping data for table `recommend`
--

LOCK TABLES `recommend` WRITE;
/*!40000 ALTER TABLE `recommend` DISABLE KEYS */;
INSERT INTO `recommend` VALUES (1,'anon011',9),(2,'anon011',11),(3,'sha128',11),(4,'anon011',6),(5,'anon011',8),(6,'anon011',7),(7,'anon011',10),(8,'instakill',11),(9,'instakill',7),(10,'anon011',15),(11,'anon011',1135),(12,'anon011',22);
/*!40000 ALTER TABLE `recommend` ENABLE KEYS */;
UNLOCK TABLES;

--
-- Table structure for table `review`
--

DROP TABLE IF EXISTS `review`;
/*!40101 SET @saved_cs_client     = @@character_set_client */;
/*!50503 SET character_set_client = utf8mb4 */;
CREATE TABLE `review` (
  `id` int NOT NULL AUTO_INCREMENT,
  `content` varchar(255) COLLATE utf8mb3_bin DEFAULT NULL,
  `score` int NOT NULL DEFAULT '0',
  `create_date` datetime DEFAULT CURRENT_TIMESTAMP,
  `modify_date` datetime DEFAULT NULL,
  `uid` varchar(20) CHARACTER SET utf8mb3 COLLATE utf8mb3_bin DEFAULT NULL,
  `cmp_name` varchar(20) CHARACTER SET utf8mb3 COLLATE utf8mb3_bin DEFAULT NULL,
  `rec_count` int DEFAULT '0',
  PRIMARY KEY (`id`),
  KEY `review_ibfk_2_idx` (`cmp_name`),
  KEY `review_ibfk_1` (`uid`),
  CONSTRAINT `review_ibfk_1` FOREIGN KEY (`uid`) REFERENCES `user_info` (`user_id`) ON UPDATE CASCADE,
  CONSTRAINT `review_ibfk_2` FOREIGN KEY (`cmp_name`) REFERENCES `company` (`cmp_name`) ON UPDATE CASCADE
) ENGINE=InnoDB AUTO_INCREMENT=1825 DEFAULT CHARSET=utf8mb3 COLLATE=utf8mb3_bin;
/*!40101 SET character_set_client = @saved_cs_client */;

--
-- Dumping data for table `review`
--

LOCK TABLES `review` WRITE;
/*!40000 ALTER TABLE `review` DISABLE KEYS */;
INSERT INTO `review` VALUES (2,'',5,'2024-07-10 15:05:20',NULL,'callmenow','GS25 서초여신점',0),(3,'',5,'2024-07-10 15:05:20',NULL,'eleven11','GS25 서초여신점',0),(4,'',5,'2024-07-10 15:05:20',NULL,'heavyshopper','GS25 서초여신점',0),(5,'귀에 이어폰 끼고 계산대에서 의자에 앉아서 노트북으로 유튜브 보며 \r\n손님 왔는데도 일어나지도 않고 의자에 앉아 의자 질질 끌며 \r\n계산하던 알바생 때문에 너무 불쾌합니다.\r\n어떻게 조치좀 해주세요',1,'2024-07-10 15:05:20','2024-07-30 01:23:56','idontloveyou','GS25 서초여신점',0),(6,'친절하게 해줘서 좋아요!',5,'2024-07-10 15:05:20',NULL,'instakill','GS25 서초여신점',1),(7,'로고 디자인이 좋아요',5,'2024-07-10 15:05:20',NULL,'kyj1004','GS25 서초여신점',2),(8,'뭔가 친절한거 같으면서도 뭔가..',4,'2024-07-10 15:05:20',NULL,'lsm26','GS25 서초여신점',1),(9,'접근성 좋음. 평범한 매장',4,'2024-07-10 15:05:20',NULL,'lunatic','GS25 서초여신점',1),(10,'굿굿 친절하세영',5,'2024-07-10 15:05:20',NULL,'min117','GS25 서초여신점',1),(11,'추천합니다',5,'2024-07-10 15:05:20',NULL,'mystie23','GS25 서초여신점',3),(12,'좋아요',5,'2024-07-10 15:05:20',NULL,'newname','GS25 서초여신점',0),(13,'담배 왜 안팜',4,'2024-07-10 15:05:20',NULL,'noname','GS25 서초여신점',0),(14,'추천드립니다',5,'2024-07-10 15:05:20',NULL,'nope404','GS25 서초여신점',0),(15,'컵라면 맛있어요',5,'2024-07-10 15:05:20',NULL,'notintime','GS25 서초여신점',1),(16,'',4,'2024-07-10 15:05:20',NULL,'ny0178','GS25 서초여신점',0),(17,'',4,'2024-07-10 15:05:20',NULL,'ouraccount','GS25 서초여신점',0),(18,'',4,'2024-07-10 15:05:20',NULL,'overtime','GS25 서초여신점',0),(19,'',5,'2024-07-10 15:05:20',NULL,'pickmeup','GS25 서초여신점',0),(20,'',5,'2024-07-10 15:05:20',NULL,'randomid','GS25 서초여신점',0),(21,'맛있는 삼김',5,'2024-07-10 15:05:20','2024-07-30 07:31:00','sha128','GS25 서초여신점',0),(22,'',5,'2024-07-10 15:05:20',NULL,'slim612','GS25 서초여신점',1),(23,'',4,'2024-07-10 15:05:20',NULL,'uplus+','GS25 서초여신점',0),(24,'',5,'2024-07-10 15:05:20',NULL,'wanna','GS25 서초여신점',0),(25,'',4,'2024-07-10 15:05:20',NULL,'yhs771','GS25 서초여신점',0),(35,NULL,1,'2024-07-25 03:04:22',NULL,'ouraccount','알라프리마',0),(36,'평범합니다',4,'2024-07-25 03:04:22','2024-07-30 08:15:31','anon011','알라프리마',0),(38,NULL,5,'2024-07-25 03:04:22',NULL,'newname','알라프리마',0),(39,NULL,2,'2024-07-25 03:04:22',NULL,'nope404','알라프리마',0),(40,NULL,1,'2024-07-25 03:07:34',NULL,'min117','지유가오카핫쵸메 7호점',0),(58,NULL,2,'2024-07-25 03:10:16',NULL,'ny0178','엔646',0),(66,'조용하고 오래 있기 좋아요',5,'2024-07-25 03:11:34','2024-07-30 08:15:49','anon011','날웃게해',0),(67,NULL,5,'2024-07-25 03:11:34',NULL,'callmenow','날웃게해',0),(68,NULL,5,'2024-07-25 03:11:34',NULL,'eleven11','날웃게해',0),(69,NULL,1,'2024-07-25 03:11:34',NULL,'heavyshopper','날웃게해',0),(70,NULL,2,'2024-07-25 03:11:34',NULL,'idontloveyou','날웃게해',0),(71,NULL,3,'2024-07-25 03:11:34',NULL,'instakill','날웃게해',0),(72,NULL,5,'2024-07-25 03:11:34',NULL,'kyj1004','날웃게해',0),(73,NULL,5,'2024-07-25 03:11:34',NULL,'lsm26','날웃게해',0),(74,NULL,4,'2024-07-25 03:11:34',NULL,'lunatic','날웃게해',0),(75,NULL,2,'2024-07-25 03:11:34',NULL,'min117','날웃게해',0),(76,NULL,5,'2024-07-25 03:11:34',NULL,'mystie23','날웃게해',0),(77,NULL,4,'2024-07-25 03:11:34',NULL,'newname','날웃게해',0),(78,NULL,3,'2024-07-25 03:11:34',NULL,'noname','날웃게해',0),(79,NULL,4,'2024-07-25 03:11:34',NULL,'nope404','날웃게해',0),(80,NULL,1,'2024-07-25 03:11:34',NULL,'notintime','날웃게해',0),(81,NULL,1,'2024-07-25 03:11:34',NULL,'ny0178','날웃게해',0),(82,NULL,3,'2024-07-25 03:11:34',NULL,'ouraccount','날웃게해',0),(83,NULL,2,'2024-07-25 03:11:34',NULL,'overtime','날웃게해',0),(84,NULL,4,'2024-07-25 03:11:34',NULL,'pickmeup','날웃게해',0),(85,NULL,5,'2024-07-25 03:11:34',NULL,'randomid','날웃게해',0),(86,NULL,1,'2024-07-25 03:11:34',NULL,'sha128','날웃게해',0),(87,NULL,3,'2024-07-25 03:11:34',NULL,'slim612','날웃게해',0),(88,NULL,3,'2024-07-25 03:11:34',NULL,'uplus+','날웃게해',0),(89,NULL,2,'2024-07-25 03:11:34',NULL,'wanna','날웃게해',0),(90,'항상 사람이 많아 소란스러우니 참고하세요',3,'2024-07-25 03:11:55','2024-07-30 08:16:23','anon011','커피스미스 신논현점',0),(91,NULL,1,'2024-07-25 03:11:55',NULL,'callmenow','커피스미스 신논현점',0),(92,NULL,2,'2024-07-25 03:11:55',NULL,'eleven11','커피스미스 신논현점',0),(93,NULL,3,'2024-07-25 03:11:55',NULL,'heavyshopper','커피스미스 신논현점',0),(94,NULL,1,'2024-07-25 03:11:55',NULL,'idontloveyou','커피스미스 신논현점',0),(95,NULL,3,'2024-07-25 03:11:55',NULL,'instakill','커피스미스 신논현점',0),(96,NULL,1,'2024-07-25 03:11:55',NULL,'kyj1004','커피스미스 신논현점',0),(97,NULL,4,'2024-07-25 03:11:55',NULL,'lsm26','커피스미스 신논현점',0),(98,NULL,3,'2024-07-25 03:11:55',NULL,'lunatic','커피스미스 신논현점',0),(99,NULL,1,'2024-07-25 03:11:55',NULL,'min117','커피스미스 신논현점',0),(100,NULL,5,'2024-07-25 03:11:55',NULL,'mystie23','커피스미스 신논현점',0),(101,NULL,2,'2024-07-25 03:11:55',NULL,'newname','커피스미스 신논현점',0),(102,NULL,3,'2024-07-25 03:11:55',NULL,'noname','커피스미스 신논현점',0),(103,NULL,5,'2024-07-25 03:11:55',NULL,'nope404','커피스미스 신논현점',0),(104,NULL,5,'2024-07-25 03:11:55',NULL,'notintime','커피스미스 신논현점',0),(105,NULL,4,'2024-07-25 03:11:55',NULL,'ny0178','커피스미스 신논현점',0),(106,NULL,1,'2024-07-25 03:11:55',NULL,'ouraccount','커피스미스 신논현점',0),(107,NULL,4,'2024-07-25 03:11:55',NULL,'overtime','커피스미스 신논현점',0),(108,NULL,2,'2024-07-25 03:11:55',NULL,'pickmeup','커피스미스 신논현점',0),(109,NULL,3,'2024-07-25 03:11:55',NULL,'randomid','커피스미스 신논현점',0),(110,NULL,4,'2024-07-25 03:11:55',NULL,'sha128','커피스미스 신논현점',0),(111,'휴가가고싶다',5,'2024-07-25 03:12:19','2024-07-30 08:16:40','anon011','휴가',0),(112,NULL,3,'2024-07-25 03:12:19',NULL,'callmenow','휴가',0),(113,NULL,1,'2024-07-25 03:12:19',NULL,'eleven11','휴가',0),(114,NULL,5,'2024-07-25 03:12:19',NULL,'heavyshopper','휴가',0),(115,NULL,2,'2024-07-25 03:12:19',NULL,'idontloveyou','휴가',0),(116,NULL,3,'2024-07-25 03:12:19',NULL,'instakill','휴가',0),(117,NULL,3,'2024-07-25 03:12:19',NULL,'kyj1004','휴가',0),(118,NULL,4,'2024-07-25 03:12:19',NULL,'lsm26','휴가',0),(119,NULL,3,'2024-07-25 03:12:19',NULL,'lunatic','휴가',0),(120,NULL,4,'2024-07-25 03:12:19',NULL,'min117','휴가',0),(121,NULL,5,'2024-07-25 03:12:19',NULL,'mystie23','휴가',0),(122,NULL,1,'2024-07-25 03:12:19',NULL,'newname','휴가',0),(123,NULL,2,'2024-07-25 03:12:19',NULL,'noname','휴가',0),(124,NULL,3,'2024-07-25 03:12:19',NULL,'nope404','휴가',0),(125,NULL,5,'2024-07-25 03:12:19',NULL,'notintime','휴가',0),(126,NULL,2,'2024-07-25 03:12:19',NULL,'ny0178','휴가',0),(127,NULL,1,'2024-07-25 03:12:19',NULL,'ouraccount','휴가',0),(128,NULL,1,'2024-07-25 03:12:19',NULL,'overtime','휴가',0),(129,NULL,4,'2024-07-25 03:12:19',NULL,'pickmeup','휴가',0),(130,NULL,5,'2024-07-25 03:12:19',NULL,'randomid','휴가',0),(131,NULL,3,'2024-07-25 03:12:19',NULL,'sha128','휴가',0),(132,NULL,3,'2024-07-25 03:12:19',NULL,'slim612','휴가',0),(133,NULL,3,'2024-07-25 03:12:19',NULL,'uplus+','휴가',0),(134,NULL,1,'2024-07-25 03:12:19',NULL,'wanna','휴가',0),(135,NULL,5,'2024-07-25 03:12:19',NULL,'yhs771','휴가',0),(136,'희귀한 상품이 많답니다',5,'2024-07-25 03:12:33','2024-07-30 08:16:57','anon011','GS25 논현하니점',0),(137,NULL,1,'2024-07-25 03:12:33',NULL,'callmenow','GS25 논현하니점',0),(138,NULL,1,'2024-07-25 03:12:33',NULL,'eleven11','GS25 논현하니점',0),(139,NULL,4,'2024-07-25 03:12:33',NULL,'heavyshopper','GS25 논현하니점',0),(140,NULL,2,'2024-07-25 03:12:33',NULL,'idontloveyou','GS25 논현하니점',0),(141,NULL,1,'2024-07-25 03:12:33',NULL,'instakill','GS25 논현하니점',0),(142,NULL,3,'2024-07-25 03:12:33',NULL,'kyj1004','GS25 논현하니점',0),(143,NULL,4,'2024-07-25 03:12:33',NULL,'lsm26','GS25 논현하니점',0),(144,NULL,4,'2024-07-25 03:12:33',NULL,'lunatic','GS25 논현하니점',0),(145,NULL,3,'2024-07-25 03:12:33',NULL,'min117','GS25 논현하니점',0),(146,NULL,1,'2024-07-25 03:12:33',NULL,'mystie23','GS25 논현하니점',0),(147,NULL,4,'2024-07-25 03:12:33',NULL,'newname','GS25 논현하니점',0),(148,NULL,5,'2024-07-25 03:12:33',NULL,'noname','GS25 논현하니점',0),(149,NULL,3,'2024-07-25 03:12:33',NULL,'nope404','GS25 논현하니점',0),(150,NULL,2,'2024-07-25 03:12:33',NULL,'notintime','GS25 논현하니점',0),(151,NULL,2,'2024-07-25 03:12:33',NULL,'ny0178','GS25 논현하니점',0),(152,NULL,4,'2024-07-25 03:12:42',NULL,'anon011','GS25 논현평화점',0),(153,NULL,1,'2024-07-25 03:12:42',NULL,'callmenow','GS25 논현평화점',0),(154,NULL,1,'2024-07-25 03:12:42',NULL,'eleven11','GS25 논현평화점',0),(155,NULL,5,'2024-07-25 03:12:42',NULL,'heavyshopper','GS25 논현평화점',0),(156,NULL,5,'2024-07-25 03:12:43',NULL,'idontloveyou','GS25 논현평화점',0),(157,NULL,4,'2024-07-25 03:12:43',NULL,'instakill','GS25 논현평화점',0),(158,NULL,3,'2024-07-25 03:12:43',NULL,'kyj1004','GS25 논현평화점',0),(159,NULL,5,'2024-07-25 03:12:43',NULL,'lsm26','GS25 논현평화점',0),(160,NULL,3,'2024-07-25 03:12:43',NULL,'lunatic','GS25 논현평화점',0),(161,NULL,5,'2024-07-25 03:12:43',NULL,'min117','GS25 논현평화점',0),(162,NULL,5,'2024-07-25 03:12:43',NULL,'mystie23','GS25 논현평화점',0),(163,NULL,2,'2024-07-25 03:12:43',NULL,'newname','GS25 논현평화점',0),(164,NULL,2,'2024-07-25 03:12:43',NULL,'noname','GS25 논현평화점',0),(165,NULL,1,'2024-07-25 03:12:43',NULL,'nope404','GS25 논현평화점',0),(166,NULL,2,'2024-07-25 03:12:43',NULL,'notintime','GS25 논현평화점',0),(167,NULL,3,'2024-07-25 03:12:43',NULL,'ny0178','GS25 논현평화점',0),(168,NULL,2,'2024-07-25 03:12:43',NULL,'ouraccount','GS25 논현평화점',0),(169,NULL,5,'2024-07-25 03:12:43',NULL,'overtime','GS25 논현평화점',0),(170,NULL,3,'2024-07-25 03:13:01',NULL,'anon011','세븐일레븐 논현힐탑점',0),(171,NULL,2,'2024-07-25 03:13:01',NULL,'callmenow','세븐일레븐 논현힐탑점',0),(172,NULL,4,'2024-07-25 03:13:01',NULL,'eleven11','세븐일레븐 논현힐탑점',0),(173,NULL,5,'2024-07-25 03:13:01',NULL,'heavyshopper','세븐일레븐 논현힐탑점',0),(174,NULL,3,'2024-07-25 03:13:01',NULL,'idontloveyou','세븐일레븐 논현힐탑점',0),(175,NULL,2,'2024-07-25 03:13:01',NULL,'instakill','세븐일레븐 논현힐탑점',0),(176,NULL,5,'2024-07-25 03:13:01',NULL,'kyj1004','세븐일레븐 논현힐탑점',0),(177,NULL,2,'2024-07-25 03:13:01',NULL,'lsm26','세븐일레븐 논현힐탑점',0),(178,NULL,3,'2024-07-25 03:13:01',NULL,'lunatic','세븐일레븐 논현힐탑점',0),(179,NULL,2,'2024-07-25 03:13:01',NULL,'min117','세븐일레븐 논현힐탑점',0),(180,NULL,2,'2024-07-25 03:13:01',NULL,'mystie23','세븐일레븐 논현힐탑점',0),(181,NULL,3,'2024-07-25 03:13:01',NULL,'newname','세븐일레븐 논현힐탑점',0),(182,NULL,4,'2024-07-25 03:13:01',NULL,'noname','세븐일레븐 논현힐탑점',0),(183,NULL,5,'2024-07-25 03:13:01',NULL,'nope404','세븐일레븐 논현힐탑점',0),(184,NULL,1,'2024-07-25 03:13:01',NULL,'notintime','세븐일레븐 논현힐탑점',0),(185,NULL,2,'2024-07-25 03:13:01',NULL,'ny0178','세븐일레븐 논현힐탑점',0),(186,NULL,4,'2024-07-25 03:13:01',NULL,'ouraccount','세븐일레븐 논현힐탑점',0),(187,NULL,5,'2024-07-25 03:13:01',NULL,'overtime','세븐일레븐 논현힐탑점',0),(188,NULL,4,'2024-07-25 03:13:01',NULL,'pickmeup','세븐일레븐 논현힐탑점',0),(189,NULL,2,'2024-07-25 03:13:01',NULL,'randomid','세븐일레븐 논현힐탑점',0),(190,NULL,2,'2024-07-25 03:13:24',NULL,'anon011','GS25 논현동국점',0),(191,NULL,5,'2024-07-25 03:13:24',NULL,'callmenow','GS25 논현동국점',0),(192,NULL,2,'2024-07-25 03:13:24',NULL,'eleven11','GS25 논현동국점',0),(193,NULL,1,'2024-07-25 03:13:24',NULL,'heavyshopper','GS25 논현동국점',0),(194,NULL,1,'2024-07-25 03:13:24',NULL,'idontloveyou','GS25 논현동국점',0),(195,NULL,3,'2024-07-25 03:13:24',NULL,'instakill','GS25 논현동국점',0),(196,NULL,1,'2024-07-25 03:13:24',NULL,'kyj1004','GS25 논현동국점',0),(197,NULL,2,'2024-07-25 03:13:24',NULL,'lsm26','GS25 논현동국점',0),(198,NULL,4,'2024-07-25 03:13:24',NULL,'lunatic','GS25 논현동국점',0),(199,NULL,1,'2024-07-25 03:13:24',NULL,'min117','GS25 논현동국점',0),(200,NULL,4,'2024-07-25 03:13:24',NULL,'mystie23','GS25 논현동국점',0),(201,NULL,3,'2024-07-25 03:13:24',NULL,'newname','GS25 논현동국점',0),(202,NULL,1,'2024-07-25 03:13:24',NULL,'noname','GS25 논현동국점',0),(203,NULL,2,'2024-07-25 03:13:24',NULL,'nope404','GS25 논현동국점',0),(204,NULL,3,'2024-07-25 03:13:24',NULL,'notintime','GS25 논현동국점',0),(205,NULL,3,'2024-07-25 03:13:24',NULL,'ny0178','GS25 논현동국점',0),(206,NULL,4,'2024-07-25 03:13:24',NULL,'ouraccount','GS25 논현동국점',0),(207,NULL,2,'2024-07-25 03:13:24',NULL,'overtime','GS25 논현동국점',0),(208,NULL,4,'2024-07-25 03:13:24',NULL,'pickmeup','GS25 논현동국점',0),(209,NULL,4,'2024-07-25 03:13:24',NULL,'randomid','GS25 논현동국점',0),(210,NULL,2,'2024-07-25 03:13:24',NULL,'sha128','GS25 논현동국점',0),(211,NULL,3,'2024-07-25 03:13:24',NULL,'slim612','GS25 논현동국점',0),(212,NULL,3,'2024-07-25 03:13:24',NULL,'uplus+','GS25 논현동국점',0),(213,NULL,3,'2024-07-25 03:13:24',NULL,'wanna','GS25 논현동국점',0),(214,NULL,2,'2024-07-25 03:13:24',NULL,'yhs771','GS25 논현동국점',0),(215,NULL,4,'2024-07-25 03:42:05',NULL,'anon011','세븐일레븐 논현한어울림점',0),(216,NULL,5,'2024-07-25 03:42:05',NULL,'callmenow','세븐일레븐 논현한어울림점',0),(217,NULL,5,'2024-07-25 03:42:05',NULL,'eleven11','세븐일레븐 논현한어울림점',0),(218,NULL,1,'2024-07-25 03:42:05',NULL,'heavyshopper','세븐일레븐 논현한어울림점',0),(219,NULL,1,'2024-07-25 03:42:05',NULL,'idontloveyou','세븐일레븐 논현한어울림점',0),(220,NULL,4,'2024-07-25 03:42:05',NULL,'instakill','세븐일레븐 논현한어울림점',0),(221,NULL,3,'2024-07-25 03:42:05',NULL,'kyj1004','세븐일레븐 논현한어울림점',0),(222,NULL,2,'2024-07-25 03:42:42',NULL,'anon011','세븐일레븐 논현흥산점',0),(223,NULL,1,'2024-07-25 03:43:20',NULL,'anon011','502세컨즈카페 강남직영점',0),(224,NULL,1,'2024-07-25 03:43:20',NULL,'callmenow','502세컨즈카페 강남직영점',0),(225,NULL,5,'2024-07-25 03:43:20',NULL,'eleven11','502세컨즈카페 강남직영점',0),(226,NULL,5,'2024-07-25 03:43:20',NULL,'heavyshopper','502세컨즈카페 강남직영점',0),(227,NULL,2,'2024-07-25 03:43:20',NULL,'idontloveyou','502세컨즈카페 강남직영점',0),(228,NULL,5,'2024-07-25 03:43:20',NULL,'instakill','502세컨즈카페 강남직영점',0),(229,NULL,5,'2024-07-25 03:43:20',NULL,'kyj1004','502세컨즈카페 강남직영점',0),(230,NULL,2,'2024-07-25 03:43:20',NULL,'lsm26','502세컨즈카페 강남직영점',0),(231,NULL,1,'2024-07-25 03:43:20',NULL,'lunatic','502세컨즈카페 강남직영점',0),(232,NULL,1,'2024-07-25 03:43:20',NULL,'min117','502세컨즈카페 강남직영점',0),(233,NULL,1,'2024-07-25 03:43:20',NULL,'mystie23','502세컨즈카페 강남직영점',0),(234,NULL,4,'2024-07-25 03:43:20',NULL,'newname','502세컨즈카페 강남직영점',0),(235,NULL,1,'2024-07-25 03:43:20',NULL,'noname','502세컨즈카페 강남직영점',0),(236,NULL,3,'2024-07-25 03:43:20',NULL,'nope404','502세컨즈카페 강남직영점',0),(237,NULL,2,'2024-07-25 03:43:20',NULL,'notintime','502세컨즈카페 강남직영점',0),(238,NULL,5,'2024-07-25 03:43:20',NULL,'ny0178','502세컨즈카페 강남직영점',0),(239,NULL,1,'2024-07-25 03:43:20',NULL,'ouraccount','502세컨즈카페 강남직영점',0),(240,NULL,3,'2024-07-25 03:43:20',NULL,'overtime','502세컨즈카페 강남직영점',0),(241,NULL,2,'2024-07-25 03:43:20',NULL,'pickmeup','502세컨즈카페 강남직영점',0),(242,NULL,4,'2024-07-25 03:43:20',NULL,'randomid','502세컨즈카페 강남직영점',0),(243,NULL,4,'2024-07-25 03:43:20',NULL,'sha128','502세컨즈카페 강남직영점',0),(244,NULL,4,'2024-07-25 03:43:20',NULL,'slim612','502세컨즈카페 강남직영점',0),(245,NULL,4,'2024-07-25 03:43:20',NULL,'uplus+','502세컨즈카페 강남직영점',0),(246,NULL,4,'2024-07-25 03:44:00',NULL,'anon011','더스노우 논현점',0),(247,NULL,4,'2024-07-25 03:44:00',NULL,'callmenow','더스노우 논현점',0),(248,NULL,1,'2024-07-25 03:44:00',NULL,'eleven11','더스노우 논현점',0),(249,NULL,4,'2024-07-25 03:44:00',NULL,'heavyshopper','더스노우 논현점',0),(250,NULL,1,'2024-07-25 03:44:00',NULL,'idontloveyou','더스노우 논현점',0),(251,NULL,4,'2024-07-25 03:44:00',NULL,'instakill','더스노우 논현점',0),(252,NULL,2,'2024-07-25 03:44:00',NULL,'kyj1004','더스노우 논현점',0),(253,NULL,4,'2024-07-25 03:44:00',NULL,'lsm26','더스노우 논현점',0),(254,NULL,1,'2024-07-25 03:44:00',NULL,'lunatic','더스노우 논현점',0),(255,NULL,4,'2024-07-25 03:44:00',NULL,'min117','더스노우 논현점',0),(256,NULL,3,'2024-07-25 03:44:00',NULL,'mystie23','더스노우 논현점',0),(257,NULL,1,'2024-07-25 03:44:00',NULL,'newname','더스노우 논현점',0),(258,NULL,1,'2024-07-25 03:44:00',NULL,'noname','더스노우 논현점',0),(259,NULL,3,'2024-07-25 03:45:13',NULL,'anon011','GS25 학동행복점',0),(260,NULL,5,'2024-07-25 03:45:13',NULL,'callmenow','GS25 학동행복점',0),(261,NULL,5,'2024-07-25 03:45:13',NULL,'eleven11','GS25 학동행복점',0),(262,NULL,4,'2024-07-25 03:45:13',NULL,'heavyshopper','GS25 학동행복점',0),(263,NULL,2,'2024-07-25 03:45:13',NULL,'idontloveyou','GS25 학동행복점',0),(264,NULL,3,'2024-07-25 03:45:13',NULL,'instakill','GS25 학동행복점',0),(265,NULL,4,'2024-07-25 03:45:13',NULL,'kyj1004','GS25 학동행복점',0),(266,NULL,3,'2024-07-25 03:45:13',NULL,'lsm26','GS25 학동행복점',0),(267,NULL,4,'2024-07-25 03:45:13',NULL,'lunatic','GS25 학동행복점',0),(268,NULL,2,'2024-07-25 03:45:13',NULL,'min117','GS25 학동행복점',0),(269,NULL,5,'2024-07-25 03:45:13',NULL,'mystie23','GS25 학동행복점',0),(270,NULL,5,'2024-07-25 03:45:13',NULL,'newname','GS25 학동행복점',0),(271,NULL,3,'2024-07-25 03:45:13',NULL,'noname','GS25 학동행복점',0),(272,NULL,4,'2024-07-25 03:45:13',NULL,'nope404','GS25 학동행복점',0),(273,NULL,4,'2024-07-25 03:45:13',NULL,'notintime','GS25 학동행복점',0),(274,NULL,5,'2024-07-25 03:45:13',NULL,'ny0178','GS25 학동행복점',0),(275,NULL,1,'2024-07-25 03:45:13',NULL,'ouraccount','GS25 학동행복점',0),(276,NULL,1,'2024-07-25 03:45:13',NULL,'overtime','GS25 학동행복점',0),(277,NULL,1,'2024-07-25 03:45:13',NULL,'pickmeup','GS25 학동행복점',0),(278,NULL,1,'2024-07-25 03:45:13',NULL,'randomid','GS25 학동행복점',0),(279,NULL,2,'2024-07-25 03:45:13',NULL,'sha128','GS25 학동행복점',0),(280,NULL,3,'2024-07-25 03:45:13',NULL,'slim612','GS25 학동행복점',0),(281,NULL,5,'2024-07-25 03:45:13',NULL,'uplus+','GS25 학동행복점',0),(282,NULL,5,'2024-07-25 03:45:13',NULL,'wanna','GS25 학동행복점',0),(283,NULL,1,'2024-07-25 03:51:49',NULL,'anon011','GS25 논현이편한점',0),(284,NULL,1,'2024-07-25 03:51:49',NULL,'callmenow','GS25 논현이편한점',0),(285,NULL,1,'2024-07-25 03:51:49',NULL,'eleven11','GS25 논현이편한점',0),(286,NULL,2,'2024-07-25 03:51:49',NULL,'heavyshopper','GS25 논현이편한점',0),(287,NULL,1,'2024-07-25 03:51:49',NULL,'idontloveyou','GS25 논현이편한점',0),(288,NULL,1,'2024-07-25 03:51:49',NULL,'instakill','GS25 논현이편한점',0),(289,NULL,4,'2024-07-25 03:51:49',NULL,'kyj1004','GS25 논현이편한점',0),(290,NULL,3,'2024-07-25 03:51:49',NULL,'lsm26','GS25 논현이편한점',0),(291,NULL,4,'2024-07-25 03:51:49',NULL,'lunatic','GS25 논현이편한점',0),(292,NULL,4,'2024-07-25 03:51:49',NULL,'min117','GS25 논현이편한점',0),(293,NULL,4,'2024-07-25 03:51:49',NULL,'mystie23','GS25 논현이편한점',0),(294,NULL,1,'2024-07-25 03:51:49',NULL,'newname','GS25 논현이편한점',0),(295,NULL,1,'2024-07-25 03:51:49',NULL,'noname','GS25 논현이편한점',0),(296,NULL,3,'2024-07-25 03:51:49',NULL,'nope404','GS25 논현이편한점',0),(297,NULL,4,'2024-07-25 03:51:49',NULL,'notintime','GS25 논현이편한점',0),(298,NULL,4,'2024-07-25 03:51:49',NULL,'ny0178','GS25 논현이편한점',0),(299,NULL,4,'2024-07-25 03:51:49',NULL,'ouraccount','GS25 논현이편한점',0),(300,NULL,1,'2024-07-25 03:51:49',NULL,'overtime','GS25 논현이편한점',0),(301,NULL,3,'2024-07-25 03:51:49',NULL,'pickmeup','GS25 논현이편한점',0),(302,NULL,2,'2024-07-25 03:51:49',NULL,'randomid','GS25 논현이편한점',0),(303,NULL,1,'2024-07-25 03:51:49',NULL,'sha128','GS25 논현이편한점',0),(304,NULL,1,'2024-07-25 03:51:49',NULL,'slim612','GS25 논현이편한점',0),(305,NULL,1,'2024-07-25 03:51:49',NULL,'uplus+','GS25 논현이편한점',0),(306,NULL,4,'2024-07-25 03:51:49',NULL,'wanna','GS25 논현이편한점',0),(307,NULL,2,'2024-07-25 03:51:49',NULL,'yhs771','GS25 논현이편한점',0),(308,NULL,4,'2024-07-25 03:51:51',NULL,'anon011','GS25 언주제일점',0),(309,NULL,4,'2024-07-25 03:51:51',NULL,'callmenow','GS25 언주제일점',0),(310,NULL,3,'2024-07-25 03:51:53',NULL,'anon011','GS25 논현한영점',0),(311,NULL,4,'2024-07-25 03:51:53',NULL,'callmenow','GS25 논현한영점',0),(312,NULL,4,'2024-07-25 03:51:53',NULL,'eleven11','GS25 논현한영점',0),(313,NULL,2,'2024-07-25 03:51:53',NULL,'heavyshopper','GS25 논현한영점',0),(314,NULL,3,'2024-07-25 03:51:53',NULL,'idontloveyou','GS25 논현한영점',0),(315,NULL,3,'2024-07-25 03:51:53',NULL,'instakill','GS25 논현한영점',0),(316,NULL,5,'2024-07-25 03:51:53',NULL,'kyj1004','GS25 논현한영점',0),(317,NULL,4,'2024-07-25 03:51:53',NULL,'lsm26','GS25 논현한영점',0),(318,NULL,2,'2024-07-25 03:51:53',NULL,'lunatic','GS25 논현한영점',0),(319,NULL,2,'2024-07-25 03:51:53',NULL,'min117','GS25 논현한영점',0),(320,NULL,5,'2024-07-25 03:51:53',NULL,'mystie23','GS25 논현한영점',0),(321,NULL,2,'2024-07-25 03:51:53',NULL,'newname','GS25 논현한영점',0),(322,NULL,2,'2024-07-25 03:51:53',NULL,'noname','GS25 논현한영점',0),(323,NULL,1,'2024-07-25 03:51:53',NULL,'nope404','GS25 논현한영점',0),(324,NULL,4,'2024-07-25 03:51:53',NULL,'notintime','GS25 논현한영점',0),(325,NULL,1,'2024-07-25 03:51:53',NULL,'ny0178','GS25 논현한영점',0),(326,NULL,1,'2024-07-25 03:51:53',NULL,'ouraccount','GS25 논현한영점',0),(327,NULL,4,'2024-07-25 03:51:53',NULL,'overtime','GS25 논현한영점',0),(328,NULL,1,'2024-07-25 03:51:53',NULL,'pickmeup','GS25 논현한영점',0),(329,NULL,2,'2024-07-25 03:51:53',NULL,'randomid','GS25 논현한영점',0),(330,NULL,2,'2024-07-25 03:51:53',NULL,'sha128','GS25 논현한영점',0),(331,NULL,3,'2024-07-25 03:51:55',NULL,'anon011','GS25 논현정노점',0),(332,NULL,3,'2024-07-25 03:51:55',NULL,'callmenow','GS25 논현정노점',0),(333,NULL,1,'2024-07-25 03:51:55',NULL,'eleven11','GS25 논현정노점',0),(334,NULL,5,'2024-07-25 03:51:55',NULL,'heavyshopper','GS25 논현정노점',0),(335,NULL,5,'2024-07-25 03:51:55',NULL,'idontloveyou','GS25 논현정노점',0),(336,NULL,4,'2024-07-25 03:51:55',NULL,'instakill','GS25 논현정노점',0),(337,NULL,3,'2024-07-25 03:51:55',NULL,'kyj1004','GS25 논현정노점',0),(338,NULL,3,'2024-07-25 03:51:55',NULL,'lsm26','GS25 논현정노점',0),(339,NULL,1,'2024-07-25 03:51:55',NULL,'lunatic','GS25 논현정노점',0),(340,NULL,3,'2024-07-25 03:51:55',NULL,'min117','GS25 논현정노점',0),(341,NULL,3,'2024-07-25 03:51:55',NULL,'mystie23','GS25 논현정노점',0),(342,NULL,3,'2024-07-25 03:51:55',NULL,'newname','GS25 논현정노점',0),(343,NULL,2,'2024-07-25 03:51:55',NULL,'noname','GS25 논현정노점',0),(344,NULL,2,'2024-07-25 03:51:55',NULL,'nope404','GS25 논현정노점',0),(345,NULL,2,'2024-07-25 03:51:55',NULL,'notintime','GS25 논현정노점',0),(346,NULL,4,'2024-07-25 03:51:55',NULL,'ny0178','GS25 논현정노점',0),(347,NULL,5,'2024-07-25 03:51:55',NULL,'ouraccount','GS25 논현정노점',0),(348,NULL,3,'2024-07-25 03:51:55',NULL,'overtime','GS25 논현정노점',0),(349,NULL,3,'2024-07-25 03:51:55',NULL,'pickmeup','GS25 논현정노점',0),(350,NULL,3,'2024-07-25 03:51:55',NULL,'randomid','GS25 논현정노점',0),(351,NULL,3,'2024-07-25 03:51:55',NULL,'sha128','GS25 논현정노점',0),(352,NULL,5,'2024-07-25 03:51:55',NULL,'slim612','GS25 논현정노점',0),(353,NULL,1,'2024-07-25 03:51:55',NULL,'uplus+','GS25 논현정노점',0),(354,NULL,2,'2024-07-25 03:51:55',NULL,'wanna','GS25 논현정노점',0),(355,NULL,1,'2024-07-25 04:02:10',NULL,'anon011','홈플러스익스프레스 학동역점',0),(356,NULL,4,'2024-07-25 04:02:10',NULL,'callmenow','홈플러스익스프레스 학동역점',0),(357,NULL,2,'2024-07-25 04:02:10',NULL,'eleven11','홈플러스익스프레스 학동역점',0),(358,NULL,1,'2024-07-25 04:02:10',NULL,'heavyshopper','홈플러스익스프레스 학동역점',0),(359,NULL,2,'2024-07-25 04:02:10',NULL,'idontloveyou','홈플러스익스프레스 학동역점',0),(360,NULL,5,'2024-07-25 04:02:10',NULL,'instakill','홈플러스익스프레스 학동역점',0),(361,NULL,5,'2024-07-25 04:02:10',NULL,'kyj1004','홈플러스익스프레스 학동역점',0),(362,NULL,1,'2024-07-25 04:02:10',NULL,'lsm26','홈플러스익스프레스 학동역점',0),(363,NULL,5,'2024-07-25 04:02:10',NULL,'lunatic','홈플러스익스프레스 학동역점',0),(364,NULL,1,'2024-07-25 04:02:10',NULL,'min117','홈플러스익스프레스 학동역점',0),(365,NULL,3,'2024-07-25 04:02:10',NULL,'mystie23','홈플러스익스프레스 학동역점',0),(366,NULL,4,'2024-07-25 04:02:10',NULL,'newname','홈플러스익스프레스 학동역점',0),(367,NULL,1,'2024-07-25 04:02:10',NULL,'noname','홈플러스익스프레스 학동역점',0),(368,NULL,4,'2024-07-25 04:02:10',NULL,'nope404','홈플러스익스프레스 학동역점',0),(369,NULL,4,'2024-07-25 04:02:11',NULL,'notintime','홈플러스익스프레스 학동역점',0),(370,NULL,5,'2024-07-25 04:02:11',NULL,'ny0178','홈플러스익스프레스 학동역점',0),(371,NULL,4,'2024-07-25 04:02:11',NULL,'ouraccount','홈플러스익스프레스 학동역점',0),(372,NULL,1,'2024-07-25 04:02:11',NULL,'overtime','홈플러스익스프레스 학동역점',0),(373,NULL,5,'2024-07-25 04:04:06',NULL,'anon011','아낙 본점',0),(374,NULL,5,'2024-07-25 04:04:06',NULL,'callmenow','아낙 본점',0),(375,NULL,1,'2024-07-25 04:04:06',NULL,'eleven11','아낙 본점',0),(376,NULL,5,'2024-07-25 04:04:06',NULL,'heavyshopper','아낙 본점',0),(377,NULL,4,'2024-07-25 04:04:06',NULL,'idontloveyou','아낙 본점',0),(378,NULL,2,'2024-07-25 04:04:06',NULL,'instakill','아낙 본점',0),(379,NULL,2,'2024-07-25 04:04:06',NULL,'kyj1004','아낙 본점',0),(380,NULL,1,'2024-07-25 04:04:06',NULL,'lsm26','아낙 본점',0),(381,NULL,2,'2024-07-25 04:04:06',NULL,'lunatic','아낙 본점',0),(382,NULL,5,'2024-07-25 04:04:06',NULL,'min117','아낙 본점',0),(383,NULL,1,'2024-07-25 04:04:06',NULL,'mystie23','아낙 본점',0),(384,NULL,4,'2024-07-25 04:04:06',NULL,'newname','아낙 본점',0),(385,NULL,5,'2024-07-25 04:04:06',NULL,'noname','아낙 본점',0),(386,NULL,1,'2024-07-25 04:04:06',NULL,'nope404','아낙 본점',0),(387,NULL,4,'2024-07-25 04:04:06',NULL,'notintime','아낙 본점',0),(388,NULL,4,'2024-07-25 04:04:06',NULL,'ny0178','아낙 본점',0),(389,NULL,2,'2024-07-25 04:04:06',NULL,'ouraccount','아낙 본점',0),(390,NULL,2,'2024-07-25 04:04:06',NULL,'overtime','아낙 본점',0),(391,NULL,5,'2024-07-25 04:04:06',NULL,'pickmeup','아낙 본점',0),(392,NULL,1,'2024-07-25 04:04:06',NULL,'randomid','아낙 본점',0),(393,NULL,2,'2024-07-25 04:04:06',NULL,'sha128','아낙 본점',0),(394,NULL,3,'2024-07-25 04:05:14',NULL,'anon011','보물섬',0),(395,NULL,4,'2024-07-25 04:05:14',NULL,'callmenow','보물섬',0),(396,NULL,4,'2024-07-25 04:05:14',NULL,'eleven11','보물섬',0),(397,NULL,3,'2024-07-25 04:05:14',NULL,'heavyshopper','보물섬',0),(398,NULL,3,'2024-07-25 04:05:14',NULL,'idontloveyou','보물섬',0),(399,NULL,5,'2024-07-25 04:05:14',NULL,'instakill','보물섬',0),(400,NULL,1,'2024-07-25 04:05:14',NULL,'kyj1004','보물섬',0),(401,NULL,5,'2024-07-25 04:05:14',NULL,'lsm26','보물섬',0),(402,NULL,5,'2024-07-25 04:05:14',NULL,'lunatic','보물섬',0),(403,NULL,2,'2024-07-25 04:05:14',NULL,'min117','보물섬',0),(404,NULL,3,'2024-07-25 04:05:14',NULL,'mystie23','보물섬',0),(405,NULL,2,'2024-07-25 04:05:14',NULL,'newname','보물섬',0),(406,NULL,5,'2024-07-25 04:05:14',NULL,'noname','보물섬',0),(407,NULL,5,'2024-07-25 04:05:14',NULL,'nope404','보물섬',0),(408,NULL,3,'2024-07-25 04:05:14',NULL,'notintime','보물섬',0),(409,NULL,2,'2024-07-25 04:05:14',NULL,'ny0178','보물섬',0),(410,NULL,5,'2024-07-25 04:05:15',NULL,'ouraccount','보물섬',0),(411,NULL,2,'2024-07-25 04:05:15',NULL,'overtime','보물섬',0),(412,NULL,4,'2024-07-25 04:05:15',NULL,'pickmeup','보물섬',0),(413,NULL,4,'2024-07-25 04:05:15',NULL,'randomid','보물섬',0),(414,NULL,5,'2024-07-25 04:05:15',NULL,'sha128','보물섬',0),(415,NULL,3,'2024-07-25 04:05:15',NULL,'slim612','보물섬',0),(416,NULL,3,'2024-07-25 04:05:15',NULL,'uplus+','보물섬',0),(417,NULL,2,'2024-07-25 04:05:15',NULL,'wanna','보물섬',0),(418,NULL,3,'2024-07-25 04:05:16',NULL,'anon011','조개사냥',0),(419,NULL,1,'2024-07-25 04:05:16',NULL,'callmenow','조개사냥',0),(420,NULL,1,'2024-07-25 04:05:16',NULL,'eleven11','조개사냥',0),(421,NULL,2,'2024-07-25 04:05:16',NULL,'heavyshopper','조개사냥',0),(422,NULL,5,'2024-07-25 04:05:16',NULL,'idontloveyou','조개사냥',0),(423,NULL,2,'2024-07-25 04:05:16',NULL,'instakill','조개사냥',0),(424,NULL,4,'2024-07-25 04:05:16',NULL,'kyj1004','조개사냥',0),(425,NULL,2,'2024-07-25 04:05:16',NULL,'lsm26','조개사냥',0),(426,NULL,2,'2024-07-25 04:05:16',NULL,'lunatic','조개사냥',0),(427,NULL,2,'2024-07-25 04:05:16',NULL,'min117','조개사냥',0),(428,NULL,5,'2024-07-25 04:05:16',NULL,'mystie23','조개사냥',0),(429,NULL,4,'2024-07-25 04:05:16',NULL,'newname','조개사냥',0),(430,NULL,2,'2024-07-25 04:05:16',NULL,'noname','조개사냥',0),(431,NULL,3,'2024-07-25 04:05:16',NULL,'nope404','조개사냥',0),(432,NULL,3,'2024-07-25 04:05:16',NULL,'notintime','조개사냥',0),(433,NULL,2,'2024-07-25 04:05:16',NULL,'ny0178','조개사냥',0),(434,NULL,2,'2024-07-25 04:05:16',NULL,'ouraccount','조개사냥',0),(435,NULL,3,'2024-07-25 04:05:16',NULL,'overtime','조개사냥',0),(436,NULL,4,'2024-07-25 04:05:16',NULL,'pickmeup','조개사냥',0),(437,NULL,5,'2024-07-25 04:05:16',NULL,'randomid','조개사냥',0),(438,NULL,1,'2024-07-25 04:05:16',NULL,'sha128','조개사냥',0),(439,NULL,1,'2024-07-25 04:05:16',NULL,'slim612','조개사냥',0),(440,NULL,1,'2024-07-25 04:05:17',NULL,'anon011','논현양꼬치',0),(441,NULL,2,'2024-07-25 04:05:17',NULL,'callmenow','논현양꼬치',0),(442,NULL,5,'2024-07-25 04:05:19',NULL,'anon011','반피차이',0),(443,NULL,2,'2024-07-25 04:05:19',NULL,'callmenow','반피차이',0),(444,NULL,2,'2024-07-25 04:05:19',NULL,'eleven11','반피차이',0),(445,NULL,3,'2024-07-25 04:05:19',NULL,'heavyshopper','반피차이',0),(446,NULL,4,'2024-07-25 04:05:19',NULL,'idontloveyou','반피차이',0),(447,NULL,3,'2024-07-25 04:05:19',NULL,'instakill','반피차이',0),(448,NULL,5,'2024-07-25 04:05:19',NULL,'kyj1004','반피차이',0),(449,NULL,4,'2024-07-25 04:05:19',NULL,'lsm26','반피차이',0),(450,NULL,4,'2024-07-25 04:05:19',NULL,'lunatic','반피차이',0),(451,NULL,2,'2024-07-25 04:05:19',NULL,'min117','반피차이',0),(452,NULL,1,'2024-07-25 04:05:19',NULL,'mystie23','반피차이',0),(453,NULL,2,'2024-07-25 04:05:19',NULL,'newname','반피차이',0),(454,NULL,1,'2024-07-25 04:05:19',NULL,'noname','반피차이',0),(455,NULL,1,'2024-07-25 04:05:19',NULL,'nope404','반피차이',0),(456,NULL,3,'2024-07-25 04:05:19',NULL,'notintime','반피차이',0),(457,NULL,4,'2024-07-25 04:05:19',NULL,'ny0178','반피차이',0),(458,NULL,5,'2024-07-25 04:05:19',NULL,'ouraccount','반피차이',0),(459,NULL,2,'2024-07-25 04:05:19',NULL,'overtime','반피차이',0),(460,NULL,5,'2024-07-25 04:05:20',NULL,'anon011','마장동박현규',0),(461,NULL,2,'2024-07-25 04:05:20',NULL,'callmenow','마장동박현규',0),(462,NULL,5,'2024-07-25 04:05:20',NULL,'eleven11','마장동박현규',0),(463,NULL,1,'2024-07-25 04:05:20',NULL,'heavyshopper','마장동박현규',0),(464,NULL,4,'2024-07-25 04:05:20',NULL,'idontloveyou','마장동박현규',0),(465,NULL,5,'2024-07-25 04:05:20',NULL,'instakill','마장동박현규',0),(466,NULL,3,'2024-07-25 04:05:20',NULL,'kyj1004','마장동박현규',0),(467,NULL,1,'2024-07-25 04:05:20',NULL,'lsm26','마장동박현규',0),(468,NULL,2,'2024-07-25 04:05:20',NULL,'lunatic','마장동박현규',0),(469,NULL,2,'2024-07-25 04:05:20',NULL,'min117','마장동박현규',0),(470,NULL,5,'2024-07-25 04:05:20',NULL,'mystie23','마장동박현규',0),(471,NULL,1,'2024-07-25 04:05:20',NULL,'newname','마장동박현규',0),(472,NULL,3,'2024-07-25 04:05:20',NULL,'noname','마장동박현규',0),(473,NULL,4,'2024-07-25 04:05:20',NULL,'nope404','마장동박현규',0),(474,NULL,4,'2024-07-25 04:05:20',NULL,'notintime','마장동박현규',0),(475,NULL,3,'2024-07-25 04:05:20',NULL,'ny0178','마장동박현규',0),(476,NULL,5,'2024-07-25 04:05:20',NULL,'ouraccount','마장동박현규',0),(477,NULL,4,'2024-07-25 04:05:20',NULL,'overtime','마장동박현규',0),(478,NULL,3,'2024-07-25 04:05:20',NULL,'pickmeup','마장동박현규',0),(479,NULL,5,'2024-07-25 04:05:20',NULL,'randomid','마장동박현규',0),(480,NULL,4,'2024-07-25 04:05:20',NULL,'sha128','마장동박현규',0),(481,NULL,1,'2024-07-25 04:05:20',NULL,'slim612','마장동박현규',0),(482,NULL,1,'2024-07-25 04:05:20',NULL,'uplus+','마장동박현규',0),(483,NULL,4,'2024-07-25 04:05:20',NULL,'wanna','마장동박현규',0),(484,NULL,5,'2024-07-25 04:05:37',NULL,'anon011','이자카야찬 논현점',0),(485,NULL,4,'2024-07-25 04:05:37',NULL,'callmenow','이자카야찬 논현점',0),(486,NULL,1,'2024-07-25 04:05:37',NULL,'eleven11','이자카야찬 논현점',0),(487,NULL,4,'2024-07-25 04:05:37',NULL,'heavyshopper','이자카야찬 논현점',0),(488,NULL,5,'2024-07-25 04:05:37',NULL,'idontloveyou','이자카야찬 논현점',0),(489,NULL,3,'2024-07-25 04:05:37',NULL,'instakill','이자카야찬 논현점',0),(490,NULL,5,'2024-07-25 04:05:37',NULL,'kyj1004','이자카야찬 논현점',0),(491,NULL,1,'2024-07-25 04:05:37',NULL,'lsm26','이자카야찬 논현점',0),(492,NULL,2,'2024-07-25 04:05:37',NULL,'lunatic','이자카야찬 논현점',0),(493,NULL,1,'2024-07-25 04:05:37',NULL,'min117','이자카야찬 논현점',0),(494,NULL,3,'2024-07-25 04:05:37',NULL,'mystie23','이자카야찬 논현점',0),(495,NULL,2,'2024-07-25 04:05:37',NULL,'newname','이자카야찬 논현점',0),(496,NULL,3,'2024-07-25 04:05:37',NULL,'noname','이자카야찬 논현점',0),(497,NULL,1,'2024-07-25 04:05:37',NULL,'nope404','이자카야찬 논현점',0),(498,NULL,5,'2024-07-25 04:05:37',NULL,'notintime','이자카야찬 논현점',0),(499,NULL,5,'2024-07-25 04:05:37',NULL,'ny0178','이자카야찬 논현점',0),(500,NULL,3,'2024-07-25 04:17:42',NULL,'anon011','이마트24 R논현TJ점',0),(501,NULL,1,'2024-07-25 04:17:42',NULL,'callmenow','이마트24 R논현TJ점',0),(502,NULL,5,'2024-07-25 04:17:42',NULL,'eleven11','이마트24 R논현TJ점',0),(503,NULL,5,'2024-07-25 04:17:42',NULL,'heavyshopper','이마트24 R논현TJ점',0),(504,NULL,5,'2024-07-25 04:17:42',NULL,'idontloveyou','이마트24 R논현TJ점',0),(505,NULL,3,'2024-07-25 04:17:42',NULL,'instakill','이마트24 R논현TJ점',0),(506,NULL,4,'2024-07-25 04:17:42',NULL,'kyj1004','이마트24 R논현TJ점',0),(507,NULL,1,'2024-07-25 04:17:42',NULL,'lsm26','이마트24 R논현TJ점',0),(508,NULL,3,'2024-07-25 04:17:42',NULL,'lunatic','이마트24 R논현TJ점',0),(509,NULL,4,'2024-07-26 08:15:49',NULL,'anon011','복호두 강남역점',0),(510,NULL,2,'2024-07-26 08:15:49',NULL,'callmenow','복호두 강남역점',0),(511,NULL,2,'2024-07-26 08:15:49',NULL,'eleven11','복호두 강남역점',0),(512,NULL,3,'2024-07-26 08:15:49',NULL,'heavyshopper','복호두 강남역점',0),(513,NULL,5,'2024-07-26 08:15:49',NULL,'idontloveyou','복호두 강남역점',0),(514,NULL,4,'2024-07-26 08:15:49',NULL,'instakill','복호두 강남역점',0),(515,NULL,3,'2024-07-26 08:15:49',NULL,'kyj1004','복호두 강남역점',0),(516,NULL,5,'2024-07-26 08:15:49',NULL,'lsm26','복호두 강남역점',0),(517,NULL,3,'2024-07-26 08:15:49',NULL,'lunatic','복호두 강남역점',0),(518,NULL,5,'2024-07-26 08:15:49',NULL,'min117','복호두 강남역점',0),(519,NULL,4,'2024-07-26 08:15:49',NULL,'mystie23','복호두 강남역점',0),(520,NULL,1,'2024-07-26 08:15:49',NULL,'newname','복호두 강남역점',0),(521,NULL,5,'2024-07-26 08:15:49',NULL,'noname','복호두 강남역점',0),(522,NULL,2,'2024-07-26 08:15:50',NULL,'anon011','브레댄코 강남역점',0),(523,NULL,1,'2024-07-26 08:15:50',NULL,'callmenow','브레댄코 강남역점',0),(524,NULL,4,'2024-07-26 08:15:50',NULL,'eleven11','브레댄코 강남역점',0),(525,NULL,1,'2024-07-26 08:15:50',NULL,'heavyshopper','브레댄코 강남역점',0),(526,NULL,5,'2024-07-26 08:15:50',NULL,'idontloveyou','브레댄코 강남역점',0),(527,NULL,2,'2024-07-26 08:15:50',NULL,'instakill','브레댄코 강남역점',0),(528,NULL,1,'2024-07-26 08:15:50',NULL,'kyj1004','브레댄코 강남역점',0),(529,NULL,1,'2024-07-26 08:15:50',NULL,'lsm26','브레댄코 강남역점',0),(530,NULL,1,'2024-07-26 08:15:50',NULL,'lunatic','브레댄코 강남역점',0),(531,NULL,1,'2024-07-26 08:15:50',NULL,'min117','브레댄코 강남역점',0),(532,NULL,4,'2024-07-26 08:15:51',NULL,'anon011','파리크라상 서초래미안점',0),(533,NULL,2,'2024-07-26 08:15:51',NULL,'callmenow','파리크라상 서초래미안점',0),(534,NULL,4,'2024-07-26 08:15:51',NULL,'eleven11','파리크라상 서초래미안점',0),(535,NULL,1,'2024-07-26 08:15:51',NULL,'heavyshopper','파리크라상 서초래미안점',0),(536,NULL,2,'2024-07-26 08:15:51',NULL,'idontloveyou','파리크라상 서초래미안점',0),(537,NULL,4,'2024-07-26 08:15:51',NULL,'instakill','파리크라상 서초래미안점',0),(538,NULL,3,'2024-07-26 08:15:51',NULL,'kyj1004','파리크라상 서초래미안점',0),(539,NULL,3,'2024-07-26 08:15:51',NULL,'lsm26','파리크라상 서초래미안점',0),(540,NULL,2,'2024-07-26 08:15:51',NULL,'lunatic','파리크라상 서초래미안점',0),(541,NULL,3,'2024-07-26 08:15:51',NULL,'min117','파리크라상 서초래미안점',0),(542,NULL,2,'2024-07-26 08:15:51',NULL,'mystie23','파리크라상 서초래미안점',0),(543,NULL,1,'2024-07-26 08:15:51',NULL,'newname','파리크라상 서초래미안점',0),(544,NULL,4,'2024-07-26 08:15:51',NULL,'noname','파리크라상 서초래미안점',0),(545,NULL,4,'2024-07-26 08:15:51',NULL,'nope404','파리크라상 서초래미안점',0),(546,NULL,5,'2024-07-26 08:15:52',NULL,'anon011','m',0),(547,NULL,5,'2024-07-26 08:15:52',NULL,'callmenow','m',0),(548,NULL,3,'2024-07-26 08:15:52',NULL,'eleven11','m',0),(549,NULL,5,'2024-07-26 08:15:52',NULL,'heavyshopper','m',0),(550,NULL,5,'2024-07-26 08:15:54',NULL,'anon011','김영모과자점 서초본점',0),(551,NULL,1,'2024-07-26 08:15:54',NULL,'callmenow','김영모과자점 서초본점',0),(552,NULL,4,'2024-07-26 08:15:54',NULL,'eleven11','김영모과자점 서초본점',0),(553,NULL,3,'2024-07-26 08:15:54',NULL,'heavyshopper','김영모과자점 서초본점',0),(554,NULL,3,'2024-07-26 08:15:54',NULL,'idontloveyou','김영모과자점 서초본점',0),(555,NULL,5,'2024-07-26 08:15:55',NULL,'anon011','웨인스베이글스 강남역점',0),(556,NULL,3,'2024-07-26 08:15:55',NULL,'callmenow','웨인스베이글스 강남역점',0),(557,NULL,4,'2024-07-26 08:15:55',NULL,'eleven11','웨인스베이글스 강남역점',0),(558,NULL,1,'2024-07-26 08:15:55',NULL,'heavyshopper','웨인스베이글스 강남역점',0),(559,NULL,1,'2024-07-26 08:15:55',NULL,'idontloveyou','웨인스베이글스 강남역점',0),(560,NULL,3,'2024-07-26 08:15:55',NULL,'instakill','웨인스베이글스 강남역점',0),(561,NULL,1,'2024-07-26 08:15:55',NULL,'kyj1004','웨인스베이글스 강남역점',0),(562,NULL,2,'2024-07-26 08:15:55',NULL,'lsm26','웨인스베이글스 강남역점',0),(563,NULL,1,'2024-07-26 08:15:55',NULL,'lunatic','웨인스베이글스 강남역점',0),(564,NULL,5,'2024-07-26 08:15:55',NULL,'min117','웨인스베이글스 강남역점',0),(565,NULL,4,'2024-07-26 08:15:55',NULL,'mystie23','웨인스베이글스 강남역점',0),(566,NULL,2,'2024-07-26 08:15:55',NULL,'anon011','누아주베이커리 강남점',0),(567,NULL,5,'2024-07-26 08:15:55',NULL,'callmenow','누아주베이커리 강남점',0),(568,NULL,2,'2024-07-26 08:15:55',NULL,'eleven11','누아주베이커리 강남점',0),(569,NULL,1,'2024-07-26 08:15:58',NULL,'anon011','파리바게뜨 강남서초점',0),(570,NULL,1,'2024-07-26 08:15:58',NULL,'callmenow','파리바게뜨 강남서초점',0),(571,NULL,5,'2024-07-26 08:15:58',NULL,'eleven11','파리바게뜨 강남서초점',0),(572,NULL,2,'2024-07-26 08:15:58',NULL,'heavyshopper','파리바게뜨 강남서초점',0),(573,NULL,5,'2024-07-26 08:15:58',NULL,'idontloveyou','파리바게뜨 강남서초점',0),(574,NULL,1,'2024-07-26 08:15:58',NULL,'instakill','파리바게뜨 강남서초점',0),(575,NULL,5,'2024-07-26 08:15:58',NULL,'kyj1004','파리바게뜨 강남서초점',0),(576,NULL,5,'2024-07-26 08:15:58',NULL,'lsm26','파리바게뜨 강남서초점',0),(577,NULL,4,'2024-07-29 01:46:44',NULL,'anon011','렉시스어학원 서울강남점',0),(578,NULL,4,'2024-07-29 01:46:44',NULL,'callmenow','렉시스어학원 서울강남점',0),(579,NULL,1,'2024-07-29 01:46:44',NULL,'eleven11','렉시스어학원 서울강남점',0),(580,NULL,3,'2024-07-29 01:46:44',NULL,'heavyshopper','렉시스어학원 서울강남점',0),(581,NULL,2,'2024-07-29 01:46:44',NULL,'idontloveyou','렉시스어학원 서울강남점',0),(582,NULL,2,'2024-07-29 01:46:44',NULL,'instakill','렉시스어학원 서울강남점',0),(583,NULL,3,'2024-07-29 01:46:44',NULL,'kyj1004','렉시스어학원 서울강남점',0),(584,NULL,5,'2024-07-29 01:46:44',NULL,'lsm26','렉시스어학원 서울강남점',0),(585,NULL,4,'2024-07-29 01:46:44',NULL,'lunatic','렉시스어학원 서울강남점',0),(586,NULL,1,'2024-07-29 01:46:44',NULL,'min117','렉시스어학원 서울강남점',0),(587,NULL,5,'2024-07-29 01:46:44',NULL,'mystie23','렉시스어학원 서울강남점',0),(588,NULL,4,'2024-07-29 01:46:44',NULL,'newname','렉시스어학원 서울강남점',0),(589,NULL,2,'2024-07-29 01:46:44',NULL,'noname','렉시스어학원 서울강남점',0),(590,NULL,2,'2024-07-29 01:46:44',NULL,'nope404','렉시스어학원 서울강남점',0),(591,NULL,3,'2024-07-29 01:46:44',NULL,'notintime','렉시스어학원 서울강남점',0),(592,NULL,3,'2024-07-29 01:46:44',NULL,'ny0178','렉시스어학원 서울강남점',0),(593,NULL,2,'2024-07-29 01:46:44',NULL,'ouraccount','렉시스어학원 서울강남점',0),(594,NULL,5,'2024-07-29 01:46:44',NULL,'overtime','렉시스어학원 서울강남점',0),(595,NULL,4,'2024-07-29 01:46:44',NULL,'pickmeup','렉시스어학원 서울강남점',0),(596,NULL,4,'2024-07-29 01:46:44',NULL,'randomid','렉시스어학원 서울강남점',0),(597,NULL,4,'2024-07-29 01:46:44',NULL,'sha128','렉시스어학원 서울강남점',0),(598,NULL,3,'2024-07-29 01:46:44',NULL,'slim612','렉시스어학원 서울강남점',0),(599,NULL,1,'2024-07-29 01:47:57',NULL,'anon011','메가스터디 러셀 강남학원',0),(600,NULL,4,'2024-07-29 01:47:57',NULL,'callmenow','메가스터디 러셀 강남학원',0),(601,NULL,5,'2024-07-29 01:47:57',NULL,'eleven11','메가스터디 러셀 강남학원',0),(602,NULL,3,'2024-07-29 01:47:57',NULL,'heavyshopper','메가스터디 러셀 강남학원',0),(603,NULL,1,'2024-07-29 01:47:57',NULL,'idontloveyou','메가스터디 러셀 강남학원',0),(604,NULL,5,'2024-07-29 01:47:57',NULL,'instakill','메가스터디 러셀 강남학원',0),(605,NULL,4,'2024-07-29 01:47:57',NULL,'kyj1004','메가스터디 러셀 강남학원',0),(606,NULL,3,'2024-07-29 01:47:57',NULL,'lsm26','메가스터디 러셀 강남학원',0),(607,NULL,4,'2024-07-29 01:47:57',NULL,'lunatic','메가스터디 러셀 강남학원',0),(608,NULL,5,'2024-07-29 01:47:57',NULL,'min117','메가스터디 러셀 강남학원',0),(609,NULL,5,'2024-07-29 01:47:57',NULL,'mystie23','메가스터디 러셀 강남학원',0),(610,NULL,1,'2024-07-29 01:47:57',NULL,'newname','메가스터디 러셀 강남학원',0),(611,NULL,4,'2024-07-29 01:47:57',NULL,'noname','메가스터디 러셀 강남학원',0),(612,NULL,5,'2024-07-29 01:49:23',NULL,'anon011','메가로스쿨 강남캠퍼스',0),(613,NULL,2,'2024-07-29 01:49:41',NULL,'anon011','코리아요리아트아카데미학원 강남지점',0),(614,NULL,4,'2024-07-29 01:49:41',NULL,'callmenow','코리아요리아트아카데미학원 강남지점',0),(615,NULL,4,'2024-07-29 01:49:41',NULL,'eleven11','코리아요리아트아카데미학원 강남지점',0),(616,NULL,3,'2024-07-29 01:49:41',NULL,'heavyshopper','코리아요리아트아카데미학원 강남지점',0),(617,NULL,3,'2024-07-29 01:49:41',NULL,'idontloveyou','코리아요리아트아카데미학원 강남지점',0),(618,NULL,1,'2024-07-29 01:49:41',NULL,'instakill','코리아요리아트아카데미학원 강남지점',0),(619,NULL,3,'2024-07-29 01:49:41',NULL,'kyj1004','코리아요리아트아카데미학원 강남지점',0),(620,NULL,5,'2024-07-29 01:50:17',NULL,'anon011','Sh수협은행 서초동금융센터',0),(621,NULL,4,'2024-07-29 01:50:17',NULL,'callmenow','Sh수협은행 서초동금융센터',0),(622,NULL,3,'2024-07-29 01:50:17',NULL,'eleven11','Sh수협은행 서초동금융센터',0),(623,NULL,1,'2024-07-29 01:50:17',NULL,'heavyshopper','Sh수협은행 서초동금융센터',0),(624,NULL,5,'2024-07-29 01:50:17',NULL,'idontloveyou','Sh수협은행 서초동금융센터',0),(625,NULL,5,'2024-07-29 01:50:17',NULL,'instakill','Sh수협은행 서초동금융센터',0),(626,NULL,1,'2024-07-29 01:50:17',NULL,'kyj1004','Sh수협은행 서초동금융센터',0),(627,NULL,5,'2024-07-29 01:50:17',NULL,'lsm26','Sh수협은행 서초동금융센터',0),(628,NULL,2,'2024-07-29 01:50:17',NULL,'lunatic','Sh수협은행 서초동금융센터',0),(629,NULL,1,'2024-07-29 01:50:17',NULL,'min117','Sh수협은행 서초동금융센터',0),(630,NULL,5,'2024-07-29 01:50:17',NULL,'mystie23','Sh수협은행 서초동금융센터',0),(631,NULL,3,'2024-07-29 01:50:17',NULL,'newname','Sh수협은행 서초동금융센터',0),(632,NULL,3,'2024-07-29 01:50:17',NULL,'noname','Sh수협은행 서초동금융센터',0),(633,NULL,5,'2024-07-29 01:50:17',NULL,'nope404','Sh수협은행 서초동금융센터',0),(634,NULL,5,'2024-07-29 01:50:51',NULL,'anon011','GS25 서초청화점',0),(635,NULL,5,'2024-07-29 01:50:51',NULL,'callmenow','GS25 서초청화점',0),(636,NULL,5,'2024-07-29 01:50:51',NULL,'eleven11','GS25 서초청화점',0),(637,NULL,5,'2024-07-29 01:50:51',NULL,'heavyshopper','GS25 서초청화점',0),(638,NULL,4,'2024-07-29 01:50:51',NULL,'idontloveyou','GS25 서초청화점',0),(639,NULL,4,'2024-07-29 01:50:51',NULL,'instakill','GS25 서초청화점',0),(640,NULL,2,'2024-07-29 01:50:51',NULL,'kyj1004','GS25 서초청화점',0),(641,NULL,3,'2024-07-29 01:50:51',NULL,'lsm26','GS25 서초청화점',0),(642,NULL,3,'2024-07-29 01:50:51',NULL,'lunatic','GS25 서초청화점',0),(643,NULL,2,'2024-07-29 01:50:51',NULL,'min117','GS25 서초청화점',0),(644,NULL,5,'2024-07-29 01:50:51',NULL,'mystie23','GS25 서초청화점',0),(645,NULL,3,'2024-07-29 01:50:51',NULL,'newname','GS25 서초청화점',0),(646,NULL,5,'2024-07-29 01:50:51',NULL,'noname','GS25 서초청화점',0),(647,NULL,2,'2024-07-29 01:50:51',NULL,'nope404','GS25 서초청화점',0),(648,NULL,4,'2024-07-29 01:50:51',NULL,'notintime','GS25 서초청화점',0),(649,NULL,5,'2024-07-29 01:50:51',NULL,'ny0178','GS25 서초청화점',0),(650,NULL,1,'2024-07-29 01:50:51',NULL,'ouraccount','GS25 서초청화점',0),(651,NULL,5,'2024-07-29 01:50:51',NULL,'overtime','GS25 서초청화점',0),(652,NULL,4,'2024-07-29 01:50:51',NULL,'pickmeup','GS25 서초청화점',0),(653,NULL,1,'2024-07-29 01:50:51',NULL,'randomid','GS25 서초청화점',0),(654,NULL,5,'2024-07-29 01:50:51',NULL,'sha128','GS25 서초청화점',0),(655,NULL,4,'2024-07-29 01:50:51',NULL,'slim612','GS25 서초청화점',0),(656,NULL,5,'2024-07-29 01:50:51',NULL,'uplus+','GS25 서초청화점',0),(657,NULL,3,'2024-07-29 01:50:51',NULL,'wanna','GS25 서초청화점',0),(658,NULL,3,'2024-07-29 01:50:51',NULL,'yhs771','GS25 서초청화점',0),(659,NULL,4,'2024-07-29 01:51:09',NULL,'anon011','강남이오스안과의원',0),(660,NULL,4,'2024-07-29 01:51:09',NULL,'callmenow','강남이오스안과의원',0),(661,NULL,5,'2024-07-29 01:51:09',NULL,'eleven11','강남이오스안과의원',0),(662,NULL,3,'2024-07-29 01:51:09',NULL,'heavyshopper','강남이오스안과의원',0),(663,NULL,5,'2024-07-29 01:51:09',NULL,'idontloveyou','강남이오스안과의원',0),(664,NULL,1,'2024-07-29 01:51:09',NULL,'instakill','강남이오스안과의원',0),(665,NULL,2,'2024-07-29 01:51:09',NULL,'kyj1004','강남이오스안과의원',0),(666,NULL,4,'2024-07-29 01:51:09',NULL,'lsm26','강남이오스안과의원',0),(667,NULL,5,'2024-07-29 01:51:09',NULL,'lunatic','강남이오스안과의원',0),(668,NULL,2,'2024-07-29 01:51:09',NULL,'min117','강남이오스안과의원',0),(669,NULL,2,'2024-07-29 01:51:09',NULL,'mystie23','강남이오스안과의원',0),(670,NULL,1,'2024-07-29 01:51:09',NULL,'newname','강남이오스안과의원',0),(671,NULL,4,'2024-07-29 01:51:09',NULL,'noname','강남이오스안과의원',0),(672,NULL,5,'2024-07-29 01:51:09',NULL,'nope404','강남이오스안과의원',0),(673,NULL,2,'2024-07-29 01:51:09',NULL,'notintime','강남이오스안과의원',0),(674,NULL,1,'2024-07-29 01:51:09',NULL,'ny0178','강남이오스안과의원',0),(675,NULL,2,'2024-07-29 01:51:09',NULL,'ouraccount','강남이오스안과의원',0),(676,NULL,2,'2024-07-29 01:51:09',NULL,'overtime','강남이오스안과의원',0),(677,NULL,4,'2024-07-29 01:51:09',NULL,'pickmeup','강남이오스안과의원',0),(678,NULL,3,'2024-07-29 01:51:09',NULL,'randomid','강남이오스안과의원',0),(679,NULL,5,'2024-07-29 01:51:09',NULL,'sha128','강남이오스안과의원',0),(680,NULL,1,'2024-07-29 01:52:36',NULL,'anon011','KB국민은행 삼성타운',0),(681,NULL,4,'2024-07-29 01:52:36',NULL,'callmenow','KB국민은행 삼성타운',0),(682,NULL,4,'2024-07-29 01:52:36',NULL,'eleven11','KB국민은행 삼성타운',0),(683,NULL,3,'2024-07-29 01:52:36',NULL,'heavyshopper','KB국민은행 삼성타운',0),(684,NULL,4,'2024-07-29 01:52:36',NULL,'idontloveyou','KB국민은행 삼성타운',0),(685,NULL,5,'2024-07-29 01:52:36',NULL,'instakill','KB국민은행 삼성타운',0),(686,NULL,5,'2024-07-29 01:52:36',NULL,'kyj1004','KB국민은행 삼성타운',0),(687,NULL,3,'2024-07-29 01:52:36',NULL,'lsm26','KB국민은행 삼성타운',0),(688,NULL,2,'2024-07-29 01:52:36',NULL,'lunatic','KB국민은행 삼성타운',0),(689,NULL,2,'2024-07-29 01:52:36',NULL,'min117','KB국민은행 삼성타운',0),(690,NULL,3,'2024-07-29 01:52:36',NULL,'mystie23','KB국민은행 삼성타운',0),(691,NULL,1,'2024-07-29 01:52:36',NULL,'newname','KB국민은행 삼성타운',0),(692,NULL,4,'2024-07-29 01:52:36',NULL,'noname','KB국민은행 삼성타운',0),(693,NULL,2,'2024-07-29 01:52:36',NULL,'nope404','KB국민은행 삼성타운',0),(694,NULL,3,'2024-07-29 01:52:36',NULL,'notintime','KB국민은행 삼성타운',0),(695,NULL,3,'2024-07-29 01:52:36',NULL,'ny0178','KB국민은행 삼성타운',0),(696,NULL,3,'2024-07-29 01:52:36',NULL,'ouraccount','KB국민은행 삼성타운',0),(697,NULL,1,'2024-07-29 01:52:36',NULL,'overtime','KB국민은행 삼성타운',0),(698,NULL,4,'2024-07-29 01:52:36',NULL,'pickmeup','KB국민은행 삼성타운',0),(699,NULL,1,'2024-07-29 01:54:13',NULL,'anon011','스타벅스 서초우성사거리점',0),(700,NULL,2,'2024-07-29 01:54:13',NULL,'callmenow','스타벅스 서초우성사거리점',0),(701,NULL,5,'2024-07-29 01:54:13',NULL,'eleven11','스타벅스 서초우성사거리점',0),(702,NULL,1,'2024-07-29 01:54:13',NULL,'heavyshopper','스타벅스 서초우성사거리점',0),(703,NULL,3,'2024-07-29 01:54:13',NULL,'idontloveyou','스타벅스 서초우성사거리점',0),(704,NULL,4,'2024-07-29 01:54:13',NULL,'instakill','스타벅스 서초우성사거리점',0),(705,NULL,4,'2024-07-29 01:54:13',NULL,'kyj1004','스타벅스 서초우성사거리점',0),(706,NULL,3,'2024-07-29 01:54:13',NULL,'lsm26','스타벅스 서초우성사거리점',0),(707,NULL,5,'2024-07-29 01:54:13',NULL,'lunatic','스타벅스 서초우성사거리점',0),(708,NULL,4,'2024-07-29 01:54:13',NULL,'min117','스타벅스 서초우성사거리점',0),(709,NULL,3,'2024-07-29 01:54:13',NULL,'mystie23','스타벅스 서초우성사거리점',0),(710,NULL,3,'2024-07-29 01:54:13',NULL,'newname','스타벅스 서초우성사거리점',0),(711,NULL,2,'2024-07-29 01:54:13',NULL,'noname','스타벅스 서초우성사거리점',0),(712,NULL,1,'2024-07-29 01:54:13',NULL,'nope404','스타벅스 서초우성사거리점',0),(713,NULL,5,'2024-07-29 01:54:13',NULL,'notintime','스타벅스 서초우성사거리점',0),(714,NULL,2,'2024-07-29 01:54:13',NULL,'ny0178','스타벅스 서초우성사거리점',0),(715,NULL,5,'2024-07-29 01:54:13',NULL,'ouraccount','스타벅스 서초우성사거리점',0),(716,NULL,2,'2024-07-29 01:54:13',NULL,'overtime','스타벅스 서초우성사거리점',0),(717,NULL,1,'2024-07-29 01:54:13',NULL,'pickmeup','스타벅스 서초우성사거리점',0),(718,NULL,5,'2024-07-29 01:54:13',NULL,'randomid','스타벅스 서초우성사거리점',0),(719,NULL,4,'2024-07-29 01:55:10',NULL,'anon011','폴바셋 서초본점',0),(720,NULL,1,'2024-07-29 01:55:10',NULL,'callmenow','폴바셋 서초본점',0),(721,NULL,4,'2024-07-29 01:55:10',NULL,'eleven11','폴바셋 서초본점',0),(722,NULL,2,'2024-07-29 01:55:10',NULL,'heavyshopper','폴바셋 서초본점',0),(723,NULL,1,'2024-07-29 01:55:10',NULL,'idontloveyou','폴바셋 서초본점',0),(724,NULL,1,'2024-07-29 01:59:04',NULL,'anon011','서초삼성쉐르빌2 주차장',0),(725,NULL,3,'2024-07-29 01:59:04',NULL,'callmenow','서초삼성쉐르빌2 주차장',0),(726,NULL,3,'2024-07-29 01:59:04',NULL,'eleven11','서초삼성쉐르빌2 주차장',0),(727,NULL,2,'2024-07-29 01:59:04',NULL,'heavyshopper','서초삼성쉐르빌2 주차장',0),(728,NULL,3,'2024-07-29 01:59:04',NULL,'idontloveyou','서초삼성쉐르빌2 주차장',0),(729,NULL,1,'2024-07-29 01:59:04',NULL,'instakill','서초삼성쉐르빌2 주차장',0),(730,NULL,4,'2024-07-29 01:59:04',NULL,'kyj1004','서초삼성쉐르빌2 주차장',0),(731,NULL,3,'2024-07-29 01:59:04',NULL,'lsm26','서초삼성쉐르빌2 주차장',0),(732,NULL,5,'2024-07-29 01:59:04',NULL,'lunatic','서초삼성쉐르빌2 주차장',0),(733,NULL,1,'2024-07-29 01:59:04',NULL,'min117','서초삼성쉐르빌2 주차장',0),(734,NULL,5,'2024-07-29 01:59:04',NULL,'mystie23','서초삼성쉐르빌2 주차장',0),(735,NULL,2,'2024-07-29 01:59:04',NULL,'newname','서초삼성쉐르빌2 주차장',0),(736,NULL,4,'2024-07-29 01:59:04',NULL,'noname','서초삼성쉐르빌2 주차장',0),(737,NULL,5,'2024-07-29 02:00:13',NULL,'anon011','강남성모이비인후과의원',0),(738,NULL,2,'2024-07-29 02:00:13',NULL,'callmenow','강남성모이비인후과의원',0),(739,NULL,3,'2024-07-29 02:00:13',NULL,'eleven11','강남성모이비인후과의원',0),(740,NULL,3,'2024-07-29 02:00:13',NULL,'heavyshopper','강남성모이비인후과의원',0),(741,NULL,1,'2024-07-29 02:00:13',NULL,'idontloveyou','강남성모이비인후과의원',0),(742,NULL,4,'2024-07-29 02:00:13',NULL,'instakill','강남성모이비인후과의원',0),(743,NULL,1,'2024-07-29 02:00:13',NULL,'kyj1004','강남성모이비인후과의원',0),(744,NULL,4,'2024-07-29 02:00:13',NULL,'lsm26','강남성모이비인후과의원',0),(745,NULL,1,'2024-07-29 02:00:13',NULL,'lunatic','강남성모이비인후과의원',0),(746,NULL,4,'2024-07-29 02:00:13',NULL,'min117','강남성모이비인후과의원',0),(747,NULL,4,'2024-07-29 02:00:14',NULL,'mystie23','강남성모이비인후과의원',0),(748,NULL,1,'2024-07-29 02:00:14',NULL,'newname','강남성모이비인후과의원',0),(749,NULL,1,'2024-07-29 02:00:14',NULL,'noname','강남성모이비인후과의원',0),(750,NULL,5,'2024-07-29 02:00:14',NULL,'nope404','강남성모이비인후과의원',0),(751,NULL,2,'2024-07-29 02:00:45',NULL,'anon011','주한산마리노공화국 명예총영사관',0),(752,NULL,1,'2024-07-29 02:00:45',NULL,'callmenow','주한산마리노공화국 명예총영사관',0),(753,NULL,3,'2024-07-29 02:00:45',NULL,'eleven11','주한산마리노공화국 명예총영사관',0),(754,NULL,1,'2024-07-29 02:00:45',NULL,'heavyshopper','주한산마리노공화국 명예총영사관',0),(755,NULL,1,'2024-07-29 02:00:45',NULL,'idontloveyou','주한산마리노공화국 명예총영사관',0),(756,NULL,5,'2024-07-29 02:00:45',NULL,'instakill','주한산마리노공화국 명예총영사관',0),(757,NULL,4,'2024-07-29 02:00:45',NULL,'kyj1004','주한산마리노공화국 명예총영사관',0),(758,NULL,1,'2024-07-29 02:00:45',NULL,'lsm26','주한산마리노공화국 명예총영사관',0),(759,NULL,2,'2024-07-29 02:00:45',NULL,'lunatic','주한산마리노공화국 명예총영사관',0),(760,NULL,3,'2024-07-29 02:00:45',NULL,'min117','주한산마리노공화국 명예총영사관',0),(761,NULL,5,'2024-07-29 02:00:45',NULL,'mystie23','주한산마리노공화국 명예총영사관',0),(762,NULL,3,'2024-07-29 02:00:46',NULL,'newname','주한산마리노공화국 명예총영사관',0),(763,NULL,5,'2024-07-29 02:00:46',NULL,'noname','주한산마리노공화국 명예총영사관',0),(764,NULL,3,'2024-07-29 02:00:46',NULL,'nope404','주한산마리노공화국 명예총영사관',0),(765,NULL,5,'2024-07-29 02:00:46',NULL,'notintime','주한산마리노공화국 명예총영사관',0),(766,NULL,5,'2024-07-29 02:00:46',NULL,'ny0178','주한산마리노공화국 명예총영사관',0),(767,NULL,5,'2024-07-29 02:00:46',NULL,'ouraccount','주한산마리노공화국 명예총영사관',0),(768,NULL,2,'2024-07-29 02:00:46',NULL,'overtime','주한산마리노공화국 명예총영사관',0),(769,NULL,2,'2024-07-29 02:00:46',NULL,'pickmeup','주한산마리노공화국 명예총영사관',0),(770,NULL,5,'2024-07-29 02:00:46',NULL,'randomid','주한산마리노공화국 명예총영사관',0),(771,NULL,5,'2024-07-29 02:00:46',NULL,'sha128','주한산마리노공화국 명예총영사관',0),(772,NULL,1,'2024-07-29 02:00:46',NULL,'slim612','주한산마리노공화국 명예총영사관',0),(773,NULL,1,'2024-07-29 02:00:46',NULL,'uplus+','주한산마리노공화국 명예총영사관',0),(774,NULL,2,'2024-07-29 02:00:46',NULL,'wanna','주한산마리노공화국 명예총영사관',0),(775,NULL,1,'2024-07-29 02:00:46',NULL,'yhs771','주한산마리노공화국 명예총영사관',0),(776,NULL,2,'2024-07-29 02:01:40',NULL,'anon011','서초2동주민센터',0),(777,NULL,1,'2024-07-29 02:01:40',NULL,'callmenow','서초2동주민센터',0),(778,NULL,5,'2024-07-29 02:01:40',NULL,'eleven11','서초2동주민센터',0),(779,NULL,4,'2024-07-29 02:01:40',NULL,'heavyshopper','서초2동주민센터',0),(780,NULL,4,'2024-07-29 02:01:40',NULL,'idontloveyou','서초2동주민센터',0),(781,NULL,5,'2024-07-29 02:01:40',NULL,'instakill','서초2동주민센터',0),(782,NULL,2,'2024-07-29 02:01:40',NULL,'kyj1004','서초2동주민센터',0),(783,NULL,1,'2024-07-29 02:01:40',NULL,'lsm26','서초2동주민센터',0),(784,NULL,4,'2024-07-29 02:01:40',NULL,'lunatic','서초2동주민센터',0),(785,NULL,3,'2024-07-29 02:01:40',NULL,'min117','서초2동주민센터',0),(786,NULL,5,'2024-07-29 02:01:40',NULL,'mystie23','서초2동주민센터',0),(787,NULL,2,'2024-07-29 02:01:40',NULL,'newname','서초2동주민센터',0),(788,NULL,5,'2024-07-29 02:01:40',NULL,'noname','서초2동주민센터',0),(789,NULL,3,'2024-07-29 02:01:40',NULL,'nope404','서초2동주민센터',0),(790,NULL,5,'2024-07-29 02:01:40',NULL,'notintime','서초2동주민센터',0),(791,NULL,5,'2024-07-29 02:01:40',NULL,'ny0178','서초2동주민센터',0),(792,NULL,4,'2024-07-29 02:01:40',NULL,'ouraccount','서초2동주민센터',0),(793,NULL,1,'2024-07-29 02:01:40',NULL,'overtime','서초2동주민센터',0),(794,NULL,4,'2024-07-29 02:01:40',NULL,'pickmeup','서초2동주민센터',0),(795,NULL,4,'2024-07-29 02:01:40',NULL,'randomid','서초2동주민센터',0),(796,NULL,1,'2024-07-29 02:01:40',NULL,'sha128','서초2동주민센터',0),(797,NULL,4,'2024-07-29 02:01:40',NULL,'slim612','서초2동주민센터',0),(798,NULL,5,'2024-07-29 02:01:40',NULL,'uplus+','서초2동주민센터',0),(799,NULL,1,'2024-07-29 02:01:40',NULL,'wanna','서초2동주민센터',0),(800,NULL,4,'2024-07-29 02:01:44',NULL,'anon011','국제셉테드연맹',0),(801,NULL,4,'2024-07-29 02:01:44',NULL,'callmenow','국제셉테드연맹',0),(802,NULL,2,'2024-07-29 02:01:44',NULL,'eleven11','국제셉테드연맹',0),(803,NULL,3,'2024-07-29 02:01:44',NULL,'heavyshopper','국제셉테드연맹',0),(804,NULL,1,'2024-07-29 02:01:44',NULL,'idontloveyou','국제셉테드연맹',0),(805,NULL,5,'2024-07-29 02:01:44',NULL,'instakill','국제셉테드연맹',0),(806,NULL,4,'2024-07-29 02:01:44',NULL,'kyj1004','국제셉테드연맹',0),(807,NULL,1,'2024-07-29 02:01:44',NULL,'lsm26','국제셉테드연맹',0),(808,NULL,1,'2024-07-29 02:01:44',NULL,'lunatic','국제셉테드연맹',0),(809,NULL,5,'2024-07-29 02:01:44',NULL,'min117','국제셉테드연맹',0),(810,NULL,4,'2024-07-29 02:01:44',NULL,'mystie23','국제셉테드연맹',0),(811,NULL,3,'2024-07-29 02:01:44',NULL,'newname','국제셉테드연맹',0),(812,NULL,5,'2024-07-29 02:01:44',NULL,'noname','국제셉테드연맹',0),(813,NULL,2,'2024-07-29 02:01:44',NULL,'nope404','국제셉테드연맹',0),(814,NULL,4,'2024-07-29 02:01:44',NULL,'notintime','국제셉테드연맹',0),(815,NULL,1,'2024-07-29 02:01:44',NULL,'ny0178','국제셉테드연맹',0),(816,NULL,5,'2024-07-29 02:01:44',NULL,'ouraccount','국제셉테드연맹',0),(817,NULL,3,'2024-07-29 02:01:44',NULL,'overtime','국제셉테드연맹',0),(818,NULL,1,'2024-07-29 02:02:35',NULL,'anon011','아방궁',0),(819,NULL,1,'2024-07-29 02:02:35',NULL,'callmenow','아방궁',0),(820,NULL,4,'2024-07-29 02:02:35',NULL,'eleven11','아방궁',0),(821,NULL,4,'2024-07-29 02:02:35',NULL,'heavyshopper','아방궁',0),(822,NULL,3,'2024-07-29 02:02:35',NULL,'idontloveyou','아방궁',0),(823,NULL,5,'2024-07-29 02:02:35',NULL,'instakill','아방궁',0),(824,NULL,5,'2024-07-29 02:02:59',NULL,'anon011','버드나무집 서초본점',0),(825,NULL,2,'2024-07-29 02:02:59',NULL,'callmenow','버드나무집 서초본점',0),(826,NULL,2,'2024-07-29 02:02:59',NULL,'eleven11','버드나무집 서초본점',0),(827,NULL,4,'2024-07-29 02:02:59',NULL,'heavyshopper','버드나무집 서초본점',0),(828,NULL,1,'2024-07-29 02:02:59',NULL,'idontloveyou','버드나무집 서초본점',0),(829,NULL,5,'2024-07-29 02:02:59',NULL,'instakill','버드나무집 서초본점',0),(830,NULL,3,'2024-07-29 02:02:59',NULL,'kyj1004','버드나무집 서초본점',0),(831,NULL,3,'2024-07-29 02:02:59',NULL,'lsm26','버드나무집 서초본점',0),(832,NULL,1,'2024-07-29 02:02:59',NULL,'lunatic','버드나무집 서초본점',0),(833,NULL,5,'2024-07-29 02:02:59',NULL,'min117','버드나무집 서초본점',0),(834,NULL,2,'2024-07-29 02:02:59',NULL,'mystie23','버드나무집 서초본점',0),(835,NULL,1,'2024-07-29 02:02:59',NULL,'newname','버드나무집 서초본점',0),(836,NULL,4,'2024-07-29 02:02:59',NULL,'noname','버드나무집 서초본점',0),(837,NULL,1,'2024-07-29 02:03:07',NULL,'anon011','일일향 강남3호점',0),(838,NULL,4,'2024-07-29 02:03:07',NULL,'callmenow','일일향 강남3호점',0),(839,NULL,4,'2024-07-29 02:03:07',NULL,'eleven11','일일향 강남3호점',0),(840,NULL,2,'2024-07-29 02:03:08',NULL,'heavyshopper','일일향 강남3호점',0),(841,NULL,5,'2024-07-29 02:03:08',NULL,'idontloveyou','일일향 강남3호점',0),(842,NULL,1,'2024-07-29 02:03:08',NULL,'instakill','일일향 강남3호점',0),(843,NULL,5,'2024-07-29 02:03:08',NULL,'kyj1004','일일향 강남3호점',0),(844,NULL,5,'2024-07-29 02:03:08',NULL,'lsm26','일일향 강남3호점',0),(845,NULL,1,'2024-07-29 02:03:08',NULL,'lunatic','일일향 강남3호점',0),(846,NULL,1,'2024-07-29 02:03:08',NULL,'min117','일일향 강남3호점',0),(847,NULL,1,'2024-07-29 02:03:08',NULL,'mystie23','일일향 강남3호점',0),(848,NULL,3,'2024-07-29 02:03:08',NULL,'newname','일일향 강남3호점',0),(849,NULL,2,'2024-07-29 02:03:08',NULL,'noname','일일향 강남3호점',0),(850,NULL,5,'2024-07-29 02:03:08',NULL,'nope404','일일향 강남3호점',0),(851,NULL,3,'2024-07-29 02:03:08',NULL,'notintime','일일향 강남3호점',0),(852,NULL,5,'2024-07-29 02:03:08',NULL,'ny0178','일일향 강남3호점',0),(853,NULL,2,'2024-07-29 02:03:08',NULL,'ouraccount','일일향 강남3호점',0),(854,NULL,3,'2024-07-29 02:03:08',NULL,'overtime','일일향 강남3호점',0),(855,NULL,3,'2024-07-29 02:03:08',NULL,'pickmeup','일일향 강남3호점',0),(856,NULL,2,'2024-07-29 02:03:08',NULL,'randomid','일일향 강남3호점',0),(857,NULL,5,'2024-07-29 02:03:08',NULL,'sha128','일일향 강남3호점',0),(858,NULL,4,'2024-07-29 02:03:08',NULL,'slim612','일일향 강남3호점',0),(859,NULL,1,'2024-07-29 02:03:08',NULL,'uplus+','일일향 강남3호점',0),(860,NULL,3,'2024-07-29 02:03:08',NULL,'wanna','일일향 강남3호점',0),(861,NULL,3,'2024-07-29 02:03:09',NULL,'anon011','조양관',0),(862,NULL,5,'2024-07-29 02:03:09',NULL,'callmenow','조양관',0),(863,NULL,4,'2024-07-29 02:03:09',NULL,'eleven11','조양관',0),(864,NULL,2,'2024-07-29 02:03:09',NULL,'heavyshopper','조양관',0),(865,NULL,2,'2024-07-29 02:03:09',NULL,'idontloveyou','조양관',0),(866,NULL,3,'2024-07-29 02:03:09',NULL,'instakill','조양관',0),(867,NULL,3,'2024-07-29 02:03:09',NULL,'kyj1004','조양관',0),(868,NULL,4,'2024-07-29 02:03:09',NULL,'lsm26','조양관',0),(869,NULL,2,'2024-07-29 02:03:09',NULL,'lunatic','조양관',0),(870,NULL,1,'2024-07-29 02:03:09',NULL,'min117','조양관',0),(871,NULL,5,'2024-07-29 02:03:09',NULL,'mystie23','조양관',0),(872,NULL,5,'2024-07-29 02:03:09',NULL,'newname','조양관',0),(873,NULL,1,'2024-07-29 02:03:09',NULL,'noname','조양관',0),(874,NULL,3,'2024-07-29 02:03:09',NULL,'nope404','조양관',0),(875,NULL,1,'2024-07-29 02:03:09',NULL,'notintime','조양관',0),(876,NULL,3,'2024-07-29 02:03:09',NULL,'ny0178','조양관',0),(877,NULL,3,'2024-07-29 02:03:09',NULL,'ouraccount','조양관',0),(878,NULL,4,'2024-07-29 02:03:09',NULL,'overtime','조양관',0),(879,NULL,2,'2024-07-29 02:03:09',NULL,'pickmeup','조양관',0),(880,NULL,3,'2024-07-29 02:03:09',NULL,'randomid','조양관',0),(881,NULL,4,'2024-07-29 02:03:09',NULL,'sha128','조양관',0),(882,NULL,2,'2024-07-29 02:03:09',NULL,'slim612','조양관',0),(883,NULL,4,'2024-07-29 02:03:09',NULL,'uplus+','조양관',0),(884,NULL,1,'2024-07-29 02:03:09',NULL,'wanna','조양관',0),(885,NULL,3,'2024-07-29 02:03:10',NULL,'anon011','청류벽',0),(886,NULL,1,'2024-07-29 02:03:10',NULL,'callmenow','청류벽',0),(887,NULL,1,'2024-07-29 02:03:10',NULL,'eleven11','청류벽',0),(888,NULL,5,'2024-07-29 02:03:10',NULL,'heavyshopper','청류벽',0),(889,NULL,5,'2024-07-29 02:03:10',NULL,'idontloveyou','청류벽',0),(890,NULL,2,'2024-07-29 02:03:10',NULL,'instakill','청류벽',0),(891,NULL,3,'2024-07-29 02:03:10',NULL,'kyj1004','청류벽',0),(892,NULL,3,'2024-07-29 02:03:10',NULL,'lsm26','청류벽',0),(893,NULL,5,'2024-07-29 02:03:10',NULL,'lunatic','청류벽',0),(894,NULL,2,'2024-07-29 02:03:10',NULL,'min117','청류벽',0),(895,NULL,5,'2024-07-29 02:03:11',NULL,'anon011','창고43 강남점',0),(896,NULL,3,'2024-07-29 02:03:11',NULL,'callmenow','창고43 강남점',0),(897,NULL,3,'2024-07-29 02:03:11',NULL,'eleven11','창고43 강남점',0),(898,NULL,1,'2024-07-29 02:03:11',NULL,'heavyshopper','창고43 강남점',0),(899,NULL,5,'2024-07-29 02:03:11',NULL,'idontloveyou','창고43 강남점',0),(900,NULL,4,'2024-07-29 02:03:11',NULL,'instakill','창고43 강남점',0),(901,NULL,3,'2024-07-29 02:03:11',NULL,'kyj1004','창고43 강남점',0),(902,NULL,4,'2024-07-29 02:03:11',NULL,'lsm26','창고43 강남점',0),(903,NULL,1,'2024-07-29 02:03:11',NULL,'lunatic','창고43 강남점',0),(904,NULL,1,'2024-07-29 02:03:11',NULL,'min117','창고43 강남점',0),(905,NULL,5,'2024-07-29 02:03:11',NULL,'mystie23','창고43 강남점',0),(906,NULL,1,'2024-07-29 02:03:11',NULL,'newname','창고43 강남점',0),(907,NULL,1,'2024-07-29 02:03:11',NULL,'noname','창고43 강남점',0),(908,NULL,5,'2024-07-29 02:03:11',NULL,'nope404','창고43 강남점',0),(909,NULL,3,'2024-07-29 02:03:11',NULL,'notintime','창고43 강남점',0),(910,NULL,4,'2024-07-29 02:03:11',NULL,'ny0178','창고43 강남점',0),(911,NULL,2,'2024-07-29 02:03:11',NULL,'ouraccount','창고43 강남점',0),(912,NULL,2,'2024-07-29 02:03:11',NULL,'overtime','창고43 강남점',0),(913,NULL,2,'2024-07-29 03:37:30',NULL,'anon011','강남역 신분당선',0),(914,NULL,3,'2024-07-29 03:37:30',NULL,'callmenow','강남역 신분당선',0),(915,NULL,5,'2024-07-29 03:37:30',NULL,'eleven11','강남역 신분당선',0),(916,NULL,2,'2024-07-29 03:37:48',NULL,'anon011','서울역삼초등학교',0),(917,NULL,1,'2024-07-29 03:37:48',NULL,'callmenow','서울역삼초등학교',0),(918,NULL,2,'2024-07-29 03:37:48',NULL,'eleven11','서울역삼초등학교',0),(919,NULL,1,'2024-07-29 03:37:48',NULL,'heavyshopper','서울역삼초등학교',0),(920,NULL,5,'2024-07-29 03:37:48',NULL,'idontloveyou','서울역삼초등학교',0),(921,NULL,1,'2024-07-29 03:37:48',NULL,'instakill','서울역삼초등학교',0),(922,NULL,1,'2024-07-29 03:37:48',NULL,'kyj1004','서울역삼초등학교',0),(923,NULL,5,'2024-07-29 03:37:48',NULL,'lsm26','서울역삼초등학교',0),(924,NULL,5,'2024-07-29 03:37:48',NULL,'lunatic','서울역삼초등학교',0),(925,NULL,1,'2024-07-29 03:39:53',NULL,'anon011','서운중학교',0),(926,NULL,1,'2024-07-29 03:39:53',NULL,'callmenow','서운중학교',0),(927,NULL,1,'2024-07-29 03:39:53',NULL,'eleven11','서운중학교',0),(928,NULL,4,'2024-07-29 03:42:04',NULL,'anon011','1998',0),(929,NULL,3,'2024-07-29 03:42:04',NULL,'callmenow','1998',0),(930,NULL,3,'2024-07-29 03:42:04',NULL,'eleven11','1998',0),(931,NULL,5,'2024-07-29 03:42:04',NULL,'heavyshopper','1998',0),(932,NULL,5,'2024-07-29 03:42:04',NULL,'idontloveyou','1998',0),(933,NULL,2,'2024-07-29 03:42:04',NULL,'instakill','1998',0),(934,NULL,2,'2024-07-29 03:42:04',NULL,'kyj1004','1998',0),(935,NULL,1,'2024-07-29 03:42:04',NULL,'lsm26','1998',0),(936,NULL,1,'2024-07-29 03:42:04',NULL,'lunatic','1998',0),(937,NULL,3,'2024-07-29 03:42:04',NULL,'min117','1998',0),(938,NULL,1,'2024-07-29 03:42:04',NULL,'mystie23','1998',0),(939,NULL,5,'2024-07-29 03:42:04',NULL,'newname','1998',0),(940,NULL,4,'2024-07-29 03:42:04',NULL,'noname','1998',0),(941,NULL,4,'2024-07-29 03:42:04',NULL,'nope404','1998',0),(942,NULL,3,'2024-07-29 03:42:04',NULL,'notintime','1998',0),(943,NULL,1,'2024-07-29 03:42:04',NULL,'ny0178','1998',0),(944,NULL,4,'2024-07-29 03:42:04',NULL,'ouraccount','1998',0),(945,NULL,4,'2024-07-29 03:42:04',NULL,'overtime','1998',0),(946,NULL,5,'2024-07-29 03:42:04',NULL,'pickmeup','1998',0),(947,NULL,2,'2024-07-29 03:42:04',NULL,'randomid','1998',0),(948,NULL,1,'2024-07-29 03:42:11',NULL,'anon011','스카이저축은행 영업부',0),(949,NULL,4,'2024-07-29 03:42:11',NULL,'callmenow','스카이저축은행 영업부',0),(950,NULL,2,'2024-07-29 03:42:11',NULL,'eleven11','스카이저축은행 영업부',0),(951,NULL,4,'2024-07-29 03:42:11',NULL,'heavyshopper','스카이저축은행 영업부',0),(952,NULL,4,'2024-07-29 03:42:16',NULL,'anon011','유안타저축은행 본점영업점',0),(953,NULL,4,'2024-07-29 03:42:16',NULL,'callmenow','유안타저축은행 본점영업점',0),(954,NULL,5,'2024-07-29 03:42:16',NULL,'eleven11','유안타저축은행 본점영업점',0),(955,NULL,3,'2024-07-29 03:42:16',NULL,'heavyshopper','유안타저축은행 본점영업점',0),(956,NULL,5,'2024-07-29 03:42:16',NULL,'idontloveyou','유안타저축은행 본점영업점',0),(957,NULL,4,'2024-07-29 03:42:16',NULL,'instakill','유안타저축은행 본점영업점',0),(958,NULL,4,'2024-07-29 03:42:16',NULL,'kyj1004','유안타저축은행 본점영업점',0),(959,NULL,1,'2024-07-29 03:42:16',NULL,'lsm26','유안타저축은행 본점영업점',0),(960,NULL,4,'2024-07-29 03:42:16',NULL,'lunatic','유안타저축은행 본점영업점',0),(961,NULL,4,'2024-07-29 03:42:16',NULL,'min117','유안타저축은행 본점영업점',0),(962,NULL,4,'2024-07-29 03:42:16',NULL,'mystie23','유안타저축은행 본점영업점',0),(963,NULL,1,'2024-07-29 03:42:16',NULL,'newname','유안타저축은행 본점영업점',0),(964,NULL,5,'2024-07-29 03:42:16',NULL,'noname','유안타저축은행 본점영업점',0),(965,NULL,4,'2024-07-29 03:42:16',NULL,'nope404','유안타저축은행 본점영업점',0),(966,NULL,2,'2024-07-29 03:42:16',NULL,'notintime','유안타저축은행 본점영업점',0),(967,NULL,2,'2024-07-29 03:42:16',NULL,'ny0178','유안타저축은행 본점영업점',0),(968,NULL,1,'2024-07-29 03:42:16',NULL,'ouraccount','유안타저축은행 본점영업점',0),(969,NULL,3,'2024-07-29 03:42:16',NULL,'overtime','유안타저축은행 본점영업점',0),(970,NULL,4,'2024-07-29 03:42:16',NULL,'pickmeup','유안타저축은행 본점영업점',0),(971,NULL,3,'2024-07-29 03:42:16',NULL,'randomid','유안타저축은행 본점영업점',0),(972,NULL,5,'2024-07-29 03:42:16',NULL,'sha128','유안타저축은행 본점영업점',0),(973,NULL,5,'2024-07-29 03:42:16',NULL,'slim612','유안타저축은행 본점영업점',0),(974,NULL,4,'2024-07-29 03:42:16',NULL,'uplus+','유안타저축은행 본점영업점',0),(975,NULL,2,'2024-07-29 03:42:16',NULL,'wanna','유안타저축은행 본점영업점',0),(976,NULL,5,'2024-07-29 03:42:17',NULL,'anon011','KB국민은행 신논현역 ATM',0),(977,NULL,3,'2024-07-29 03:42:17',NULL,'callmenow','KB국민은행 신논현역 ATM',0),(978,NULL,3,'2024-07-29 03:42:17',NULL,'eleven11','KB국민은행 신논현역 ATM',0),(979,NULL,4,'2024-07-29 03:42:17',NULL,'heavyshopper','KB국민은행 신논현역 ATM',0),(980,NULL,2,'2024-07-29 03:42:17',NULL,'idontloveyou','KB국민은행 신논현역 ATM',0),(981,NULL,4,'2024-07-29 03:42:17',NULL,'instakill','KB국민은행 신논현역 ATM',0),(982,NULL,1,'2024-07-29 03:42:17',NULL,'kyj1004','KB국민은행 신논현역 ATM',0),(983,NULL,5,'2024-07-29 03:42:20',NULL,'anon011','CU ATM 논현신우점',0),(984,NULL,1,'2024-07-29 03:42:20',NULL,'callmenow','CU ATM 논현신우점',0),(985,NULL,2,'2024-07-29 03:42:20',NULL,'eleven11','CU ATM 논현신우점',0),(986,NULL,5,'2024-07-29 03:42:20',NULL,'heavyshopper','CU ATM 논현신우점',0),(987,NULL,2,'2024-07-29 03:42:20',NULL,'idontloveyou','CU ATM 논현신우점',0),(988,NULL,2,'2024-07-29 03:42:20',NULL,'instakill','CU ATM 논현신우점',0),(989,NULL,3,'2024-07-29 03:42:20',NULL,'kyj1004','CU ATM 논현신우점',0),(990,NULL,2,'2024-07-29 03:42:20',NULL,'lsm26','CU ATM 논현신우점',0),(991,NULL,3,'2024-07-29 03:42:20',NULL,'lunatic','CU ATM 논현신우점',0),(992,NULL,4,'2024-07-29 03:42:20',NULL,'min117','CU ATM 논현신우점',0),(993,NULL,2,'2024-07-29 03:42:20',NULL,'mystie23','CU ATM 논현신우점',0),(994,NULL,4,'2024-07-29 03:42:20',NULL,'newname','CU ATM 논현신우점',0),(995,NULL,2,'2024-07-29 03:42:20',NULL,'noname','CU ATM 논현신우점',0),(996,NULL,2,'2024-07-29 03:42:20',NULL,'nope404','CU ATM 논현신우점',0),(997,NULL,4,'2024-07-29 03:42:20',NULL,'notintime','CU ATM 논현신우점',0),(998,NULL,4,'2024-07-29 03:42:20',NULL,'ny0178','CU ATM 논현신우점',0),(999,NULL,5,'2024-07-29 03:42:20',NULL,'ouraccount','CU ATM 논현신우점',0),(1000,NULL,4,'2024-07-29 03:42:20',NULL,'overtime','CU ATM 논현신우점',0),(1001,NULL,3,'2024-07-29 03:42:20',NULL,'pickmeup','CU ATM 논현신우점',0),(1002,NULL,5,'2024-07-29 03:42:26',NULL,'anon011','농협은행 논현동금융센터 ATM',0),(1003,NULL,5,'2024-07-29 03:42:26',NULL,'callmenow','농협은행 논현동금융센터 ATM',0),(1004,NULL,4,'2024-07-29 03:42:26',NULL,'eleven11','농협은행 논현동금융센터 ATM',0),(1005,NULL,5,'2024-07-29 03:42:26',NULL,'heavyshopper','농협은행 논현동금융센터 ATM',0),(1006,NULL,5,'2024-07-29 03:42:26',NULL,'idontloveyou','농협은행 논현동금융센터 ATM',0),(1007,NULL,1,'2024-07-29 03:42:26',NULL,'instakill','농협은행 논현동금융센터 ATM',0),(1008,NULL,3,'2024-07-29 03:42:26',NULL,'kyj1004','농협은행 논현동금융센터 ATM',0),(1009,NULL,2,'2024-07-29 03:42:26',NULL,'lsm26','농협은행 논현동금융센터 ATM',0),(1010,NULL,1,'2024-07-29 03:42:26',NULL,'lunatic','농협은행 논현동금융센터 ATM',0),(1011,NULL,1,'2024-07-29 03:42:31',NULL,'anon011','하나은행365 (하나)경륜논현점',0),(1012,NULL,5,'2024-07-29 03:42:31',NULL,'callmenow','하나은행365 (하나)경륜논현점',0),(1013,NULL,3,'2024-07-29 03:42:31',NULL,'eleven11','하나은행365 (하나)경륜논현점',0),(1014,NULL,4,'2024-07-29 03:42:31',NULL,'heavyshopper','하나은행365 (하나)경륜논현점',0),(1015,NULL,1,'2024-07-29 03:42:31',NULL,'idontloveyou','하나은행365 (하나)경륜논현점',0),(1016,NULL,1,'2024-07-29 03:42:31',NULL,'instakill','하나은행365 (하나)경륜논현점',0),(1017,NULL,3,'2024-07-29 03:42:31',NULL,'kyj1004','하나은행365 (하나)경륜논현점',0),(1018,NULL,4,'2024-07-29 03:42:31',NULL,'lsm26','하나은행365 (하나)경륜논현점',0),(1019,NULL,2,'2024-07-29 03:42:31',NULL,'lunatic','하나은행365 (하나)경륜논현점',0),(1020,NULL,5,'2024-07-29 03:42:31',NULL,'min117','하나은행365 (하나)경륜논현점',0),(1021,NULL,3,'2024-07-29 03:42:31',NULL,'mystie23','하나은행365 (하나)경륜논현점',0),(1022,NULL,4,'2024-07-29 03:42:31',NULL,'newname','하나은행365 (하나)경륜논현점',0),(1023,NULL,5,'2024-07-29 03:42:31',NULL,'noname','하나은행365 (하나)경륜논현점',0),(1024,NULL,1,'2024-07-29 03:42:31',NULL,'nope404','하나은행365 (하나)경륜논현점',0),(1025,NULL,1,'2024-07-29 03:42:31',NULL,'notintime','하나은행365 (하나)경륜논현점',0),(1026,NULL,1,'2024-07-29 03:42:31',NULL,'ny0178','하나은행365 (하나)경륜논현점',0),(1027,NULL,4,'2024-07-29 03:42:31',NULL,'ouraccount','하나은행365 (하나)경륜논현점',0),(1028,NULL,5,'2024-07-29 03:42:31',NULL,'overtime','하나은행365 (하나)경륜논현점',0),(1029,NULL,4,'2024-07-29 03:42:31',NULL,'pickmeup','하나은행365 (하나)경륜논현점',0),(1030,NULL,5,'2024-07-29 03:42:31',NULL,'randomid','하나은행365 (하나)경륜논현점',0),(1031,NULL,2,'2024-07-29 03:42:31',NULL,'sha128','하나은행365 (하나)경륜논현점',0),(1032,NULL,2,'2024-07-29 03:42:31',NULL,'slim612','하나은행365 (하나)경륜논현점',0),(1033,NULL,3,'2024-07-29 03:42:31',NULL,'uplus+','하나은행365 (하나)경륜논현점',0),(1034,NULL,2,'2024-07-29 03:42:31',NULL,'wanna','하나은행365 (하나)경륜논현점',0),(1035,NULL,1,'2024-07-29 03:42:32',NULL,'anon011','KB국민은행 학동역(점)',0),(1036,NULL,4,'2024-07-29 03:42:32',NULL,'callmenow','KB국민은행 학동역(점)',0),(1037,NULL,2,'2024-07-29 03:42:32',NULL,'eleven11','KB국민은행 학동역(점)',0),(1038,NULL,4,'2024-07-29 03:42:32',NULL,'heavyshopper','KB국민은행 학동역(점)',0),(1039,NULL,1,'2024-07-29 03:42:32',NULL,'idontloveyou','KB국민은행 학동역(점)',0),(1040,NULL,3,'2024-07-29 03:42:32',NULL,'instakill','KB국민은행 학동역(점)',0),(1041,NULL,1,'2024-07-29 03:42:32',NULL,'kyj1004','KB국민은행 학동역(점)',0),(1042,NULL,1,'2024-07-29 03:42:32',NULL,'lsm26','KB국민은행 학동역(점)',0),(1043,NULL,5,'2024-07-29 03:42:32',NULL,'lunatic','KB국민은행 학동역(점)',0),(1044,NULL,5,'2024-07-29 03:42:32',NULL,'min117','KB국민은행 학동역(점)',0),(1045,NULL,2,'2024-07-29 03:42:32',NULL,'mystie23','KB국민은행 학동역(점)',0),(1046,NULL,5,'2024-07-29 03:42:32',NULL,'newname','KB국민은행 학동역(점)',0),(1047,NULL,3,'2024-07-29 03:42:32',NULL,'noname','KB국민은행 학동역(점)',0),(1048,NULL,3,'2024-07-29 03:42:32',NULL,'nope404','KB국민은행 학동역(점)',0),(1049,NULL,4,'2024-07-29 03:42:32',NULL,'notintime','KB국민은행 학동역(점)',0),(1050,NULL,4,'2024-07-29 03:42:32',NULL,'ny0178','KB국민은행 학동역(점)',0),(1051,NULL,2,'2024-07-29 03:42:32',NULL,'ouraccount','KB국민은행 학동역(점)',0),(1052,NULL,1,'2024-07-29 03:42:32',NULL,'overtime','KB국민은행 학동역(점)',0),(1053,NULL,3,'2024-07-29 03:42:32',NULL,'pickmeup','KB국민은행 학동역(점)',0),(1054,NULL,3,'2024-07-29 03:42:32',NULL,'randomid','KB국민은행 학동역(점)',0),(1055,NULL,4,'2024-07-29 03:42:32',NULL,'sha128','KB국민은행 학동역(점)',0),(1056,NULL,4,'2024-07-29 03:42:32',NULL,'slim612','KB국민은행 학동역(점)',0),(1057,NULL,4,'2024-07-29 03:42:32',NULL,'uplus+','KB국민은행 학동역(점)',0),(1058,NULL,5,'2024-07-29 03:42:32',NULL,'wanna','KB국민은행 학동역(점)',0),(1059,NULL,4,'2024-07-29 03:42:33',NULL,'anon011','하나은행365 거평빌딩(후문)',0),(1060,NULL,2,'2024-07-29 03:42:34',NULL,'callmenow','하나은행365 거평빌딩(후문)',0),(1061,NULL,5,'2024-07-29 03:42:34',NULL,'eleven11','하나은행365 거평빌딩(후문)',0),(1062,NULL,3,'2024-07-29 03:42:34',NULL,'heavyshopper','하나은행365 거평빌딩(후문)',0),(1063,NULL,1,'2024-07-29 03:42:34',NULL,'idontloveyou','하나은행365 거평빌딩(후문)',0),(1064,NULL,3,'2024-07-29 03:42:34',NULL,'instakill','하나은행365 거평빌딩(후문)',0),(1065,NULL,2,'2024-07-29 03:42:42',NULL,'anon011','논현역 신분당선',0),(1066,NULL,1,'2024-07-29 03:42:42',NULL,'callmenow','논현역 신분당선',0),(1067,NULL,2,'2024-07-29 03:42:42',NULL,'eleven11','논현역 신분당선',0),(1068,NULL,4,'2024-07-29 03:42:42',NULL,'heavyshopper','논현역 신분당선',0),(1069,NULL,4,'2024-07-29 03:42:42',NULL,'idontloveyou','논현역 신분당선',0),(1070,NULL,5,'2024-07-29 03:42:42',NULL,'instakill','논현역 신분당선',0),(1071,NULL,5,'2024-07-29 03:42:42',NULL,'kyj1004','논현역 신분당선',0),(1072,NULL,3,'2024-07-29 03:42:42',NULL,'lsm26','논현역 신분당선',0),(1073,NULL,3,'2024-07-29 03:42:42',NULL,'lunatic','논현역 신분당선',0),(1074,NULL,4,'2024-07-29 03:42:42',NULL,'min117','논현역 신분당선',0),(1075,NULL,2,'2024-07-29 03:42:42',NULL,'mystie23','논현역 신분당선',0),(1076,NULL,3,'2024-07-29 03:42:42',NULL,'newname','논현역 신분당선',0),(1077,NULL,2,'2024-07-29 03:42:42',NULL,'noname','논현역 신분당선',0),(1078,NULL,5,'2024-07-29 03:42:42',NULL,'nope404','논현역 신분당선',0),(1079,NULL,1,'2024-07-29 03:42:42',NULL,'notintime','논현역 신분당선',0),(1080,NULL,3,'2024-07-29 03:42:42',NULL,'ny0178','논현역 신분당선',0),(1081,NULL,5,'2024-07-29 03:42:42',NULL,'ouraccount','논현역 신분당선',0),(1082,NULL,3,'2024-07-29 03:42:42',NULL,'overtime','논현역 신분당선',0),(1083,NULL,2,'2024-07-29 03:42:42',NULL,'pickmeup','논현역 신분당선',0),(1084,NULL,5,'2024-07-29 03:44:07',NULL,'anon011','새로운병원',0),(1085,NULL,4,'2024-07-29 03:44:07',NULL,'callmenow','새로운병원',0),(1086,NULL,1,'2024-07-29 03:44:07',NULL,'eleven11','새로운병원',0),(1087,NULL,1,'2024-07-29 03:44:07',NULL,'heavyshopper','새로운병원',0),(1088,NULL,5,'2024-07-29 03:44:07',NULL,'idontloveyou','새로운병원',0),(1089,NULL,4,'2024-07-29 03:44:07',NULL,'instakill','새로운병원',0),(1090,NULL,2,'2024-07-29 03:44:07',NULL,'kyj1004','새로운병원',0),(1091,NULL,1,'2024-07-29 03:44:07',NULL,'lsm26','새로운병원',0),(1092,NULL,3,'2024-07-29 03:44:11',NULL,'anon011','연세거평의원',0),(1093,NULL,2,'2024-07-29 03:44:17',NULL,'anon011','프라우드비뇨기과의원',0),(1094,NULL,2,'2024-07-29 03:44:17',NULL,'callmenow','프라우드비뇨기과의원',0),(1095,NULL,2,'2024-07-29 03:44:17',NULL,'eleven11','프라우드비뇨기과의원',0),(1096,NULL,4,'2024-07-29 03:44:17',NULL,'heavyshopper','프라우드비뇨기과의원',0),(1097,NULL,5,'2024-07-29 03:44:17',NULL,'idontloveyou','프라우드비뇨기과의원',0),(1098,NULL,2,'2024-07-29 03:44:17',NULL,'instakill','프라우드비뇨기과의원',0),(1099,NULL,3,'2024-07-29 03:44:17',NULL,'kyj1004','프라우드비뇨기과의원',0),(1100,NULL,2,'2024-07-29 03:44:17',NULL,'lsm26','프라우드비뇨기과의원',0),(1101,NULL,4,'2024-07-29 03:44:17',NULL,'lunatic','프라우드비뇨기과의원',0),(1102,NULL,2,'2024-07-29 03:44:17',NULL,'min117','프라우드비뇨기과의원',0),(1103,NULL,5,'2024-07-29 03:44:17',NULL,'mystie23','프라우드비뇨기과의원',0),(1104,NULL,4,'2024-07-29 03:44:17',NULL,'newname','프라우드비뇨기과의원',0),(1105,NULL,4,'2024-07-29 03:44:17',NULL,'noname','프라우드비뇨기과의원',0),(1106,NULL,1,'2024-07-29 03:45:10',NULL,'anon011','바나프레소 강남점',0),(1107,NULL,5,'2024-07-29 03:45:10',NULL,'callmenow','바나프레소 강남점',0),(1108,NULL,4,'2024-07-29 03:45:10',NULL,'eleven11','바나프레소 강남점',0),(1109,NULL,1,'2024-07-29 03:45:10',NULL,'heavyshopper','바나프레소 강남점',0),(1110,NULL,5,'2024-07-29 03:45:10',NULL,'idontloveyou','바나프레소 강남점',0),(1111,NULL,5,'2024-07-29 03:45:10',NULL,'instakill','바나프레소 강남점',0),(1112,NULL,5,'2024-07-29 03:45:10',NULL,'kyj1004','바나프레소 강남점',0),(1113,NULL,2,'2024-07-29 03:45:10',NULL,'lsm26','바나프레소 강남점',0),(1114,NULL,3,'2024-07-29 03:45:10',NULL,'lunatic','바나프레소 강남점',0),(1115,NULL,2,'2024-07-29 03:45:10',NULL,'min117','바나프레소 강남점',0),(1116,NULL,2,'2024-07-29 03:45:10',NULL,'mystie23','바나프레소 강남점',0),(1117,NULL,3,'2024-07-29 03:45:10',NULL,'newname','바나프레소 강남점',0),(1118,NULL,4,'2024-07-29 03:45:10',NULL,'noname','바나프레소 강남점',0),(1119,NULL,2,'2024-07-29 03:45:10',NULL,'nope404','바나프레소 강남점',0),(1120,NULL,2,'2024-07-29 03:45:10',NULL,'notintime','바나프레소 강남점',0),(1121,NULL,5,'2024-07-29 03:45:10',NULL,'ny0178','바나프레소 강남점',0),(1122,NULL,4,'2024-07-29 03:45:10',NULL,'ouraccount','바나프레소 강남점',0),(1123,NULL,2,'2024-07-29 03:45:10',NULL,'overtime','바나프레소 강남점',0),(1124,NULL,4,'2024-07-29 03:45:12',NULL,'anon011','스타벅스 강남우성점',0),(1125,NULL,2,'2024-07-29 03:45:12',NULL,'callmenow','스타벅스 강남우성점',0),(1126,NULL,5,'2024-07-29 03:45:12',NULL,'eleven11','스타벅스 강남우성점',0),(1127,NULL,1,'2024-07-29 03:45:12',NULL,'heavyshopper','스타벅스 강남우성점',0),(1128,NULL,1,'2024-07-29 03:45:12',NULL,'idontloveyou','스타벅스 강남우성점',0),(1129,NULL,4,'2024-07-29 03:45:12',NULL,'instakill','스타벅스 강남우성점',0),(1130,NULL,4,'2024-07-29 03:45:12',NULL,'kyj1004','스타벅스 강남우성점',0),(1131,NULL,2,'2024-07-29 03:45:12',NULL,'lsm26','스타벅스 강남우성점',0),(1132,NULL,2,'2024-07-29 03:45:12',NULL,'lunatic','스타벅스 강남우성점',0),(1133,NULL,4,'2024-07-29 03:45:12',NULL,'min117','스타벅스 강남우성점',0),(1135,NULL,2,'2024-07-29 03:50:15',NULL,'callmenow','노브랜드 강남역삼점',1),(1136,NULL,2,'2024-07-29 03:50:15',NULL,'eleven11','노브랜드 강남역삼점',0),(1137,NULL,2,'2024-07-29 03:50:15',NULL,'heavyshopper','노브랜드 강남역삼점',0),(1138,NULL,1,'2024-07-29 03:50:15',NULL,'idontloveyou','노브랜드 강남역삼점',0),(1139,NULL,5,'2024-07-29 03:50:15',NULL,'instakill','노브랜드 강남역삼점',0),(1140,NULL,4,'2024-07-29 03:50:15',NULL,'kyj1004','노브랜드 강남역삼점',0),(1141,NULL,2,'2024-07-29 03:50:15',NULL,'lsm26','노브랜드 강남역삼점',0),(1142,NULL,3,'2024-07-29 03:50:15',NULL,'lunatic','노브랜드 강남역삼점',0),(1143,NULL,5,'2024-07-29 03:50:15',NULL,'min117','노브랜드 강남역삼점',0),(1144,NULL,3,'2024-07-29 03:50:15',NULL,'mystie23','노브랜드 강남역삼점',0),(1145,NULL,5,'2024-07-29 03:58:47',NULL,'anon011','고메램 강남점',0),(1146,NULL,1,'2024-07-29 03:58:47',NULL,'callmenow','고메램 강남점',0),(1147,NULL,2,'2024-07-29 03:58:47',NULL,'eleven11','고메램 강남점',0),(1148,NULL,5,'2024-07-29 03:58:47',NULL,'heavyshopper','고메램 강남점',0),(1149,NULL,4,'2024-07-29 03:58:47',NULL,'idontloveyou','고메램 강남점',0),(1150,NULL,2,'2024-07-29 03:58:47',NULL,'instakill','고메램 강남점',0),(1151,NULL,3,'2024-07-29 03:58:47',NULL,'kyj1004','고메램 강남점',0),(1152,NULL,4,'2024-07-29 03:58:47',NULL,'lsm26','고메램 강남점',0),(1153,NULL,2,'2024-07-29 03:58:47',NULL,'lunatic','고메램 강남점',0),(1154,NULL,2,'2024-07-29 03:58:47',NULL,'min117','고메램 강남점',0),(1155,NULL,4,'2024-07-29 03:58:47',NULL,'mystie23','고메램 강남점',0),(1156,NULL,2,'2024-07-29 03:58:47',NULL,'newname','고메램 강남점',0),(1157,NULL,1,'2024-07-29 03:58:47',NULL,'noname','고메램 강남점',0),(1158,NULL,5,'2024-07-29 03:58:47',NULL,'nope404','고메램 강남점',0),(1159,NULL,2,'2024-07-29 03:58:47',NULL,'notintime','고메램 강남점',0),(1160,NULL,5,'2024-07-29 03:58:47',NULL,'ny0178','고메램 강남점',0),(1161,NULL,5,'2024-07-29 03:58:47',NULL,'ouraccount','고메램 강남점',0),(1162,NULL,3,'2024-07-29 03:58:47',NULL,'overtime','고메램 강남점',0),(1163,NULL,1,'2024-07-29 03:58:47',NULL,'pickmeup','고메램 강남점',0),(1164,NULL,3,'2024-07-29 03:58:47',NULL,'randomid','고메램 강남점',0),(1165,NULL,5,'2024-07-29 03:58:47',NULL,'sha128','고메램 강남점',0),(1166,NULL,2,'2024-07-29 03:58:47',NULL,'slim612','고메램 강남점',0),(1167,NULL,5,'2024-07-29 03:58:47',NULL,'uplus+','고메램 강남점',0),(1168,NULL,3,'2024-07-29 03:58:47',NULL,'wanna','고메램 강남점',0),(1169,NULL,2,'2024-07-29 03:58:51',NULL,'anon011','육목원',0),(1170,NULL,3,'2024-07-29 03:58:51',NULL,'callmenow','육목원',0),(1171,NULL,2,'2024-07-29 03:58:51',NULL,'eleven11','육목원',0),(1172,NULL,5,'2024-07-29 03:58:51',NULL,'heavyshopper','육목원',0),(1173,NULL,4,'2024-07-29 03:58:51',NULL,'idontloveyou','육목원',0),(1174,NULL,4,'2024-07-29 03:58:51',NULL,'instakill','육목원',0),(1175,NULL,4,'2024-07-29 03:58:51',NULL,'kyj1004','육목원',0),(1176,NULL,4,'2024-07-29 03:58:51',NULL,'lsm26','육목원',0),(1177,NULL,4,'2024-07-29 03:58:51',NULL,'lunatic','육목원',0),(1178,NULL,3,'2024-07-29 03:58:51',NULL,'min117','육목원',0),(1179,NULL,3,'2024-07-29 03:58:51',NULL,'mystie23','육목원',0),(1180,NULL,4,'2024-07-29 03:58:52',NULL,'anon011','대려도',0),(1181,NULL,4,'2024-07-29 03:58:52',NULL,'callmenow','대려도',0),(1182,NULL,4,'2024-07-29 03:58:52',NULL,'eleven11','대려도',0),(1183,NULL,5,'2024-07-29 03:58:52',NULL,'heavyshopper','대려도',0),(1184,NULL,2,'2024-07-29 03:58:52',NULL,'idontloveyou','대려도',0),(1185,NULL,3,'2024-07-29 03:58:52',NULL,'instakill','대려도',0),(1186,NULL,4,'2024-07-29 03:58:52',NULL,'kyj1004','대려도',0),(1187,NULL,2,'2024-07-29 03:58:52',NULL,'lsm26','대려도',0),(1188,NULL,1,'2024-07-29 03:58:52',NULL,'lunatic','대려도',0),(1189,NULL,4,'2024-07-29 03:58:52',NULL,'min117','대려도',0),(1190,NULL,1,'2024-07-29 03:58:52',NULL,'mystie23','대려도',0),(1191,NULL,5,'2024-07-29 03:58:52',NULL,'newname','대려도',0),(1192,NULL,5,'2024-07-29 03:58:52',NULL,'noname','대려도',0),(1193,NULL,3,'2024-07-29 03:58:52',NULL,'nope404','대려도',0),(1194,NULL,3,'2024-07-29 03:58:52',NULL,'notintime','대려도',0),(1195,NULL,3,'2024-07-29 03:58:52',NULL,'ny0178','대려도',0),(1196,NULL,5,'2024-07-29 03:58:52',NULL,'ouraccount','대려도',0),(1197,NULL,2,'2024-07-29 03:58:52',NULL,'overtime','대려도',0),(1198,NULL,5,'2024-07-29 03:58:52',NULL,'pickmeup','대려도',0),(1199,NULL,4,'2024-07-29 03:58:52',NULL,'randomid','대려도',0),(1200,NULL,1,'2024-07-29 03:58:52',NULL,'sha128','대려도',0),(1201,NULL,2,'2024-07-29 03:58:52',NULL,'slim612','대려도',0),(1202,NULL,4,'2024-07-29 03:58:52',NULL,'uplus+','대려도',0),(1203,NULL,2,'2024-07-29 03:58:52',NULL,'wanna','대려도',0),(1204,NULL,4,'2024-07-29 03:58:52',NULL,'yhs771','대려도',0),(1205,NULL,5,'2024-07-29 03:58:54',NULL,'anon011','농민백암순대 강남직영점',0),(1206,NULL,3,'2024-07-29 03:58:54',NULL,'callmenow','농민백암순대 강남직영점',0),(1207,NULL,4,'2024-07-29 03:58:54',NULL,'eleven11','농민백암순대 강남직영점',0),(1208,NULL,1,'2024-07-29 03:58:54',NULL,'heavyshopper','농민백암순대 강남직영점',0),(1209,NULL,2,'2024-07-29 03:58:54',NULL,'idontloveyou','농민백암순대 강남직영점',0),(1210,NULL,5,'2024-07-29 03:58:54',NULL,'instakill','농민백암순대 강남직영점',0),(1211,NULL,4,'2024-07-29 03:58:54',NULL,'kyj1004','농민백암순대 강남직영점',0),(1212,NULL,2,'2024-07-29 03:58:54',NULL,'lsm26','농민백암순대 강남직영점',0),(1213,NULL,3,'2024-07-29 03:58:54',NULL,'lunatic','농민백암순대 강남직영점',0),(1214,NULL,2,'2024-07-29 03:58:54',NULL,'min117','농민백암순대 강남직영점',0),(1215,NULL,1,'2024-07-29 03:58:54',NULL,'mystie23','농민백암순대 강남직영점',0),(1216,NULL,4,'2024-07-29 03:58:54',NULL,'newname','농민백암순대 강남직영점',0),(1217,NULL,3,'2024-07-29 03:58:54',NULL,'noname','농민백암순대 강남직영점',0),(1218,NULL,3,'2024-07-29 03:58:54',NULL,'nope404','농민백암순대 강남직영점',0),(1219,NULL,2,'2024-07-29 03:58:54',NULL,'notintime','농민백암순대 강남직영점',0),(1220,NULL,3,'2024-07-29 03:58:54',NULL,'ny0178','농민백암순대 강남직영점',0),(1221,NULL,3,'2024-07-29 03:58:54',NULL,'anon011','을밀대 강남점',0),(1222,NULL,5,'2024-07-29 03:58:54',NULL,'callmenow','을밀대 강남점',0),(1223,NULL,2,'2024-07-29 03:58:54',NULL,'eleven11','을밀대 강남점',0),(1224,NULL,3,'2024-07-29 03:58:54',NULL,'heavyshopper','을밀대 강남점',0),(1225,NULL,5,'2024-07-29 03:58:54',NULL,'idontloveyou','을밀대 강남점',0),(1226,NULL,1,'2024-07-29 03:58:54',NULL,'instakill','을밀대 강남점',0),(1227,NULL,3,'2024-07-29 03:58:54',NULL,'kyj1004','을밀대 강남점',0),(1228,NULL,4,'2024-07-29 03:58:54',NULL,'lsm26','을밀대 강남점',0),(1229,NULL,3,'2024-07-29 03:59:02',NULL,'anon011','삼성각',0),(1230,NULL,5,'2024-07-29 03:59:02',NULL,'callmenow','삼성각',0),(1231,NULL,4,'2024-07-29 03:59:02',NULL,'eleven11','삼성각',0),(1232,NULL,3,'2024-07-29 03:59:02',NULL,'heavyshopper','삼성각',0),(1233,NULL,1,'2024-07-29 03:59:02',NULL,'idontloveyou','삼성각',0),(1234,NULL,4,'2024-07-29 03:59:02',NULL,'instakill','삼성각',0),(1235,NULL,2,'2024-07-29 05:07:38',NULL,'anon011','독학재수학원 잇올 스파르타 강남센터',0),(1236,NULL,1,'2024-07-29 05:07:38',NULL,'callmenow','독학재수학원 잇올 스파르타 강남센터',0),(1237,NULL,2,'2024-07-29 05:07:38',NULL,'eleven11','독학재수학원 잇올 스파르타 강남센터',0),(1238,NULL,1,'2024-07-29 05:07:38',NULL,'heavyshopper','독학재수학원 잇올 스파르타 강남센터',0),(1239,NULL,2,'2024-07-29 05:07:38',NULL,'idontloveyou','독학재수학원 잇올 스파르타 강남센터',0),(1240,NULL,2,'2024-07-29 05:07:38',NULL,'instakill','독학재수학원 잇올 스파르타 강남센터',0),(1241,NULL,1,'2024-07-29 05:07:38',NULL,'kyj1004','독학재수학원 잇올 스파르타 강남센터',0),(1242,NULL,5,'2024-07-29 05:07:38',NULL,'lsm26','독학재수학원 잇올 스파르타 강남센터',0),(1243,NULL,1,'2024-07-29 05:07:38',NULL,'lunatic','독학재수학원 잇올 스파르타 강남센터',0),(1244,NULL,2,'2024-07-29 05:07:38',NULL,'min117','독학재수학원 잇올 스파르타 강남센터',0),(1245,NULL,2,'2024-07-29 05:07:38',NULL,'mystie23','독학재수학원 잇올 스파르타 강남센터',0),(1246,NULL,5,'2024-07-29 05:07:38',NULL,'newname','독학재수학원 잇올 스파르타 강남센터',0),(1247,NULL,2,'2024-07-29 05:07:38',NULL,'noname','독학재수학원 잇올 스파르타 강남센터',0),(1248,NULL,4,'2024-07-29 05:07:38',NULL,'nope404','독학재수학원 잇올 스파르타 강남센터',0),(1249,NULL,2,'2024-07-29 05:07:38',NULL,'notintime','독학재수학원 잇올 스파르타 강남센터',0),(1250,NULL,4,'2024-07-29 05:07:38',NULL,'ny0178','독학재수학원 잇올 스파르타 강남센터',0),(1251,NULL,4,'2024-07-29 05:07:38',NULL,'ouraccount','독학재수학원 잇올 스파르타 강남센터',0),(1252,NULL,4,'2024-07-29 05:07:38',NULL,'overtime','독학재수학원 잇올 스파르타 강남센터',0),(1253,NULL,4,'2024-07-29 05:07:38',NULL,'pickmeup','독학재수학원 잇올 스파르타 강남센터',0),(1254,NULL,3,'2024-07-29 05:07:38',NULL,'randomid','독학재수학원 잇올 스파르타 강남센터',0),(1255,NULL,2,'2024-07-29 05:07:38',NULL,'sha128','독학재수학원 잇올 스파르타 강남센터',0),(1256,NULL,4,'2024-07-29 05:11:29',NULL,'anon011','마레호텔',0),(1257,NULL,1,'2024-07-29 05:11:29',NULL,'callmenow','마레호텔',0),(1258,NULL,2,'2024-07-29 05:11:29',NULL,'eleven11','마레호텔',0),(1259,NULL,3,'2024-07-29 05:11:29',NULL,'heavyshopper','마레호텔',0),(1260,NULL,3,'2024-07-29 05:11:29',NULL,'idontloveyou','마레호텔',0),(1261,NULL,5,'2024-07-29 05:11:29',NULL,'instakill','마레호텔',0),(1262,NULL,1,'2024-07-29 05:11:29',NULL,'kyj1004','마레호텔',0),(1263,NULL,5,'2024-07-29 05:11:29',NULL,'lsm26','마레호텔',0),(1264,NULL,5,'2024-07-29 05:11:29',NULL,'lunatic','마레호텔',0),(1265,NULL,1,'2024-07-29 05:11:29',NULL,'min117','마레호텔',0),(1266,NULL,2,'2024-07-29 05:11:29',NULL,'mystie23','마레호텔',0),(1267,NULL,5,'2024-07-29 05:11:31',NULL,'anon011','이치이',0),(1268,NULL,1,'2024-07-29 05:11:31',NULL,'callmenow','이치이',0),(1269,NULL,2,'2024-07-29 05:11:31',NULL,'eleven11','이치이',0),(1270,NULL,2,'2024-07-29 05:11:31',NULL,'heavyshopper','이치이',0),(1271,NULL,4,'2024-07-29 05:11:31',NULL,'idontloveyou','이치이',0),(1272,NULL,5,'2024-07-29 05:11:31',NULL,'instakill','이치이',0),(1273,NULL,4,'2024-07-29 05:11:31',NULL,'kyj1004','이치이',0),(1274,NULL,1,'2024-07-29 05:11:31',NULL,'lsm26','이치이',0),(1275,NULL,1,'2024-07-29 05:11:31',NULL,'lunatic','이치이',0),(1276,NULL,1,'2024-07-29 05:11:31',NULL,'min117','이치이',0),(1277,NULL,1,'2024-07-29 05:11:31',NULL,'mystie23','이치이',0),(1278,NULL,4,'2024-07-29 05:11:31',NULL,'anon011','빈펄매니아',0),(1279,NULL,1,'2024-07-29 05:11:31',NULL,'callmenow','빈펄매니아',0),(1280,NULL,5,'2024-07-29 05:11:31',NULL,'eleven11','빈펄매니아',0),(1281,NULL,2,'2024-07-29 05:11:31',NULL,'heavyshopper','빈펄매니아',0),(1282,NULL,5,'2024-07-29 05:11:31',NULL,'idontloveyou','빈펄매니아',0),(1283,NULL,4,'2024-07-29 05:11:31',NULL,'instakill','빈펄매니아',0),(1284,NULL,3,'2024-07-29 05:11:31',NULL,'kyj1004','빈펄매니아',0),(1285,NULL,2,'2024-07-29 05:11:31',NULL,'lsm26','빈펄매니아',0),(1286,NULL,3,'2024-07-29 05:11:31',NULL,'lunatic','빈펄매니아',0),(1287,NULL,2,'2024-07-29 05:11:31',NULL,'min117','빈펄매니아',0),(1288,NULL,2,'2024-07-29 05:11:39',NULL,'anon011','강남역 게스트하우스SJ',0),(1289,NULL,1,'2024-07-29 05:11:39',NULL,'callmenow','강남역 게스트하우스SJ',0),(1290,NULL,3,'2024-07-29 05:11:39',NULL,'eleven11','강남역 게스트하우스SJ',0),(1291,NULL,5,'2024-07-29 05:11:39',NULL,'heavyshopper','강남역 게스트하우스SJ',0),(1292,NULL,2,'2024-07-29 05:11:39',NULL,'idontloveyou','강남역 게스트하우스SJ',0),(1293,NULL,1,'2024-07-29 05:11:39',NULL,'instakill','강남역 게스트하우스SJ',0),(1294,NULL,1,'2024-07-29 05:11:39',NULL,'kyj1004','강남역 게스트하우스SJ',0),(1295,NULL,3,'2024-07-29 05:11:39',NULL,'lsm26','강남역 게스트하우스SJ',0),(1296,NULL,5,'2024-07-29 05:11:39',NULL,'lunatic','강남역 게스트하우스SJ',0),(1297,NULL,2,'2024-07-29 05:11:45',NULL,'anon011','CU 역삼비엘점',0),(1298,NULL,1,'2024-07-29 05:11:45',NULL,'callmenow','CU 역삼비엘점',0),(1299,NULL,3,'2024-07-29 05:11:45',NULL,'eleven11','CU 역삼비엘점',0),(1300,NULL,4,'2024-07-29 05:11:45',NULL,'heavyshopper','CU 역삼비엘점',0),(1301,NULL,4,'2024-07-29 05:11:45',NULL,'idontloveyou','CU 역삼비엘점',0),(1302,NULL,3,'2024-07-29 05:11:45',NULL,'instakill','CU 역삼비엘점',0),(1303,NULL,3,'2024-07-29 05:11:45',NULL,'kyj1004','CU 역삼비엘점',0),(1304,NULL,5,'2024-07-29 05:11:45',NULL,'lsm26','CU 역삼비엘점',0),(1305,NULL,3,'2024-07-29 05:11:45',NULL,'lunatic','CU 역삼비엘점',0),(1306,NULL,1,'2024-07-29 05:11:45',NULL,'min117','CU 역삼비엘점',0),(1307,NULL,2,'2024-07-29 05:11:45',NULL,'mystie23','CU 역삼비엘점',0),(1308,NULL,4,'2024-07-29 05:11:45',NULL,'newname','CU 역삼비엘점',0),(1309,NULL,2,'2024-07-29 05:11:55',NULL,'anon011','GS25 서초점',0),(1310,NULL,1,'2024-07-29 05:11:55',NULL,'callmenow','GS25 서초점',0),(1311,NULL,2,'2024-07-29 05:11:55',NULL,'eleven11','GS25 서초점',0),(1312,NULL,2,'2024-07-29 05:11:55',NULL,'heavyshopper','GS25 서초점',0),(1313,NULL,2,'2024-07-29 05:11:55',NULL,'idontloveyou','GS25 서초점',0),(1314,NULL,5,'2024-07-29 05:11:55',NULL,'instakill','GS25 서초점',0),(1315,NULL,3,'2024-07-29 05:11:55',NULL,'kyj1004','GS25 서초점',0),(1316,NULL,5,'2024-07-29 05:11:55',NULL,'lsm26','GS25 서초점',0),(1317,NULL,5,'2024-07-29 05:11:55',NULL,'lunatic','GS25 서초점',0),(1318,NULL,5,'2024-07-29 05:11:56',NULL,'min117','GS25 서초점',0),(1319,NULL,5,'2024-07-29 05:11:56',NULL,'mystie23','GS25 서초점',0),(1320,NULL,3,'2024-07-29 05:11:56',NULL,'newname','GS25 서초점',0),(1321,NULL,3,'2024-07-29 05:11:56',NULL,'noname','GS25 서초점',0),(1322,NULL,2,'2024-07-29 05:11:56',NULL,'nope404','GS25 서초점',0),(1323,NULL,4,'2024-07-29 05:11:56',NULL,'notintime','GS25 서초점',0),(1324,NULL,3,'2024-07-29 05:11:56',NULL,'ny0178','GS25 서초점',0),(1325,NULL,5,'2024-07-29 05:11:56',NULL,'ouraccount','GS25 서초점',0),(1326,NULL,5,'2024-07-29 05:11:56',NULL,'overtime','GS25 서초점',0),(1327,NULL,2,'2024-07-29 05:11:56',NULL,'pickmeup','GS25 서초점',0),(1328,NULL,5,'2024-07-29 05:11:56',NULL,'randomid','GS25 서초점',0),(1329,NULL,3,'2024-07-29 05:11:56',NULL,'sha128','GS25 서초점',0),(1330,NULL,3,'2024-07-29 05:12:00',NULL,'anon011','CU 역삼카이로스점',0),(1331,NULL,1,'2024-07-29 05:12:00',NULL,'callmenow','CU 역삼카이로스점',0),(1332,NULL,3,'2024-07-29 05:12:00',NULL,'eleven11','CU 역삼카이로스점',0),(1333,NULL,2,'2024-07-29 05:12:00',NULL,'heavyshopper','CU 역삼카이로스점',0),(1334,NULL,3,'2024-07-29 05:12:00',NULL,'idontloveyou','CU 역삼카이로스점',0),(1335,NULL,2,'2024-07-29 05:12:04',NULL,'anon011','이마트24 R역삼소나무점',0),(1336,NULL,3,'2024-07-29 05:12:04',NULL,'callmenow','이마트24 R역삼소나무점',0),(1337,NULL,3,'2024-07-29 05:12:04',NULL,'eleven11','이마트24 R역삼소나무점',0),(1338,NULL,1,'2024-07-29 05:12:04',NULL,'heavyshopper','이마트24 R역삼소나무점',0),(1339,NULL,2,'2024-07-29 05:12:04',NULL,'idontloveyou','이마트24 R역삼소나무점',0),(1340,NULL,4,'2024-07-29 05:12:04',NULL,'instakill','이마트24 R역삼소나무점',0),(1341,NULL,2,'2024-07-29 05:12:04',NULL,'kyj1004','이마트24 R역삼소나무점',0),(1342,NULL,3,'2024-07-29 05:12:04',NULL,'lsm26','이마트24 R역삼소나무점',0),(1343,NULL,3,'2024-07-29 05:12:04',NULL,'lunatic','이마트24 R역삼소나무점',0),(1344,NULL,2,'2024-07-29 05:12:04',NULL,'min117','이마트24 R역삼소나무점',0),(1345,NULL,2,'2024-07-29 05:12:04',NULL,'mystie23','이마트24 R역삼소나무점',0),(1346,NULL,1,'2024-07-29 05:12:04',NULL,'newname','이마트24 R역삼소나무점',0),(1347,NULL,3,'2024-07-29 05:12:04',NULL,'noname','이마트24 R역삼소나무점',0),(1348,NULL,5,'2024-07-29 05:12:04',NULL,'nope404','이마트24 R역삼소나무점',0),(1349,NULL,5,'2024-07-29 05:12:04',NULL,'notintime','이마트24 R역삼소나무점',0),(1350,NULL,3,'2024-07-29 05:12:04',NULL,'ny0178','이마트24 R역삼소나무점',0),(1351,NULL,2,'2024-07-29 05:12:04',NULL,'ouraccount','이마트24 R역삼소나무점',0),(1352,NULL,4,'2024-07-29 05:12:04',NULL,'overtime','이마트24 R역삼소나무점',0),(1353,NULL,3,'2024-07-29 05:12:04',NULL,'pickmeup','이마트24 R역삼소나무점',0),(1354,NULL,5,'2024-07-29 06:46:52',NULL,'anon011','edm아이엘츠어학원',0),(1355,NULL,4,'2024-07-29 06:46:52',NULL,'callmenow','edm아이엘츠어학원',0),(1356,NULL,2,'2024-07-29 06:46:52',NULL,'eleven11','edm아이엘츠어학원',0),(1357,NULL,4,'2024-07-29 06:46:52',NULL,'heavyshopper','edm아이엘츠어학원',0),(1358,NULL,3,'2024-07-29 06:46:52',NULL,'idontloveyou','edm아이엘츠어학원',0),(1359,NULL,1,'2024-07-29 06:46:52',NULL,'instakill','edm아이엘츠어학원',0),(1360,NULL,1,'2024-07-29 06:46:52',NULL,'kyj1004','edm아이엘츠어학원',0),(1361,NULL,2,'2024-07-29 06:46:52',NULL,'lsm26','edm아이엘츠어학원',0),(1362,NULL,1,'2024-07-29 06:46:52',NULL,'lunatic','edm아이엘츠어학원',0),(1363,NULL,1,'2024-07-29 06:46:52',NULL,'min117','edm아이엘츠어학원',0),(1364,NULL,2,'2024-07-29 06:46:52',NULL,'mystie23','edm아이엘츠어학원',0),(1365,NULL,3,'2024-07-29 06:46:52',NULL,'newname','edm아이엘츠어학원',0),(1366,NULL,3,'2024-07-29 06:46:52',NULL,'noname','edm아이엘츠어학원',0),(1367,NULL,4,'2024-07-29 06:46:52',NULL,'nope404','edm아이엘츠어학원',0),(1368,NULL,1,'2024-07-29 06:46:52',NULL,'notintime','edm아이엘츠어학원',0),(1369,NULL,3,'2024-07-29 06:47:04',NULL,'anon011','두남재아트홀',0),(1370,NULL,5,'2024-07-29 06:47:04',NULL,'callmenow','두남재아트홀',0),(1371,NULL,4,'2024-07-29 06:47:04',NULL,'eleven11','두남재아트홀',0),(1372,NULL,1,'2024-07-29 06:47:07',NULL,'anon011','쿤스트하우스',0),(1373,NULL,3,'2024-07-29 06:47:07',NULL,'callmenow','쿤스트하우스',0),(1374,NULL,3,'2024-07-29 06:47:07',NULL,'eleven11','쿤스트하우스',0),(1375,NULL,1,'2024-07-29 06:47:07',NULL,'heavyshopper','쿤스트하우스',0),(1376,NULL,5,'2024-07-29 06:47:07',NULL,'idontloveyou','쿤스트하우스',0),(1377,NULL,3,'2024-07-29 06:47:07',NULL,'instakill','쿤스트하우스',0),(1378,NULL,1,'2024-07-29 06:47:07',NULL,'kyj1004','쿤스트하우스',0),(1379,NULL,4,'2024-07-29 06:47:07',NULL,'lsm26','쿤스트하우스',0),(1380,NULL,1,'2024-07-29 06:47:08',NULL,'anon011','유디갤러리',0),(1381,NULL,5,'2024-07-29 06:47:08',NULL,'callmenow','유디갤러리',0),(1382,NULL,1,'2024-07-29 06:47:08',NULL,'eleven11','유디갤러리',0),(1383,NULL,3,'2024-07-29 06:47:08',NULL,'heavyshopper','유디갤러리',0),(1384,NULL,4,'2024-07-29 06:47:20',NULL,'anon011','강남애니타워 주차장',0),(1385,NULL,2,'2024-07-29 06:47:20',NULL,'callmenow','강남애니타워 주차장',0),(1386,NULL,1,'2024-07-29 06:47:20',NULL,'eleven11','강남애니타워 주차장',0),(1387,NULL,1,'2024-07-29 06:47:20',NULL,'heavyshopper','강남애니타워 주차장',0),(1388,NULL,1,'2024-07-29 06:47:20',NULL,'idontloveyou','강남애니타워 주차장',0),(1389,NULL,4,'2024-07-29 06:47:20',NULL,'instakill','강남애니타워 주차장',0),(1390,NULL,2,'2024-07-29 06:47:20',NULL,'kyj1004','강남애니타워 주차장',0),(1391,NULL,5,'2024-07-29 06:47:20',NULL,'lsm26','강남애니타워 주차장',0),(1392,NULL,2,'2024-07-29 06:47:20',NULL,'lunatic','강남애니타워 주차장',0),(1393,NULL,2,'2024-07-29 06:47:20',NULL,'min117','강남애니타워 주차장',0),(1394,NULL,3,'2024-07-29 06:47:20',NULL,'mystie23','강남애니타워 주차장',0),(1395,NULL,5,'2024-07-29 06:47:20',NULL,'newname','강남애니타워 주차장',0),(1396,NULL,4,'2024-07-29 06:47:20',NULL,'noname','강남애니타워 주차장',0),(1397,NULL,1,'2024-07-29 06:47:20',NULL,'nope404','강남애니타워 주차장',0),(1398,NULL,3,'2024-07-29 06:47:20',NULL,'notintime','강남애니타워 주차장',0),(1399,NULL,1,'2024-07-29 06:47:20',NULL,'ny0178','강남애니타워 주차장',0),(1400,NULL,1,'2024-07-29 06:47:20',NULL,'ouraccount','강남애니타워 주차장',0),(1401,NULL,4,'2024-07-29 06:47:20',NULL,'overtime','강남애니타워 주차장',0),(1402,NULL,4,'2024-07-29 06:47:20',NULL,'pickmeup','강남애니타워 주차장',0),(1403,NULL,2,'2024-07-29 06:47:20',NULL,'randomid','강남애니타워 주차장',0),(1404,NULL,5,'2024-07-29 06:47:20',NULL,'sha128','강남애니타워 주차장',0),(1405,NULL,2,'2024-07-29 06:47:20',NULL,'slim612','강남애니타워 주차장',0),(1406,NULL,2,'2024-07-29 06:47:20',NULL,'uplus+','강남애니타워 주차장',0),(1407,NULL,2,'2024-07-29 06:47:20',NULL,'wanna','강남애니타워 주차장',0),(1408,NULL,2,'2024-07-29 06:47:23',NULL,'anon011','서초래미안리더스원상가 주차장',0),(1409,NULL,5,'2024-07-29 06:47:23',NULL,'callmenow','서초래미안리더스원상가 주차장',0),(1410,NULL,2,'2024-07-29 06:47:23',NULL,'eleven11','서초래미안리더스원상가 주차장',0),(1411,NULL,1,'2024-07-29 06:47:23',NULL,'heavyshopper','서초래미안리더스원상가 주차장',0),(1412,NULL,1,'2024-07-29 06:47:23',NULL,'idontloveyou','서초래미안리더스원상가 주차장',0),(1413,NULL,1,'2024-07-29 06:47:23',NULL,'instakill','서초래미안리더스원상가 주차장',0),(1414,NULL,1,'2024-07-29 06:47:23',NULL,'kyj1004','서초래미안리더스원상가 주차장',0),(1415,NULL,4,'2024-07-29 06:47:23',NULL,'lsm26','서초래미안리더스원상가 주차장',0),(1416,NULL,4,'2024-07-29 06:47:23',NULL,'lunatic','서초래미안리더스원상가 주차장',0),(1417,NULL,3,'2024-07-29 06:47:23',NULL,'min117','서초래미안리더스원상가 주차장',0),(1418,NULL,3,'2024-07-29 06:47:23',NULL,'mystie23','서초래미안리더스원상가 주차장',0),(1419,NULL,2,'2024-07-29 06:47:23',NULL,'newname','서초래미안리더스원상가 주차장',0),(1420,NULL,4,'2024-07-29 06:47:23',NULL,'noname','서초래미안리더스원상가 주차장',0),(1421,NULL,2,'2024-07-29 06:47:23',NULL,'nope404','서초래미안리더스원상가 주차장',0),(1422,NULL,2,'2024-07-29 06:47:23',NULL,'notintime','서초래미안리더스원상가 주차장',0),(1423,NULL,5,'2024-07-29 06:47:23',NULL,'ny0178','서초래미안리더스원상가 주차장',0),(1424,NULL,1,'2024-07-29 06:47:23',NULL,'ouraccount','서초래미안리더스원상가 주차장',0),(1425,NULL,2,'2024-07-29 06:47:23',NULL,'overtime','서초래미안리더스원상가 주차장',0),(1426,NULL,2,'2024-07-29 06:47:23',NULL,'pickmeup','서초래미안리더스원상가 주차장',0),(1427,NULL,2,'2024-07-29 06:47:23',NULL,'randomid','서초래미안리더스원상가 주차장',0),(1428,NULL,5,'2024-07-29 06:47:23',NULL,'sha128','서초래미안리더스원상가 주차장',0),(1429,NULL,2,'2024-07-29 06:47:23',NULL,'slim612','서초래미안리더스원상가 주차장',0),(1430,NULL,4,'2024-07-29 06:47:34',NULL,'anon011','역서치안센터 (휴업중)',0),(1431,NULL,3,'2024-07-29 06:47:34',NULL,'callmenow','역서치안센터 (휴업중)',0),(1432,NULL,4,'2024-07-29 06:47:34',NULL,'eleven11','역서치안센터 (휴업중)',0),(1433,NULL,1,'2024-07-29 06:47:34',NULL,'heavyshopper','역서치안센터 (휴업중)',0),(1434,NULL,3,'2024-07-29 06:47:34',NULL,'idontloveyou','역서치안센터 (휴업중)',0),(1435,NULL,2,'2024-07-29 06:47:36',NULL,'anon011','역삼1동주민센터',0),(1436,NULL,4,'2024-07-29 06:47:36',NULL,'callmenow','역삼1동주민센터',0),(1437,NULL,1,'2024-07-29 07:44:23',NULL,'anon011','골드에셋부동산중개법인',0),(1438,NULL,2,'2024-07-29 07:44:23',NULL,'callmenow','골드에셋부동산중개법인',0),(1439,NULL,3,'2024-07-29 07:44:23',NULL,'eleven11','골드에셋부동산중개법인',0),(1440,NULL,1,'2024-07-29 07:44:26',NULL,'anon011','메카공인중개사사무소',0),(1441,NULL,3,'2024-07-29 07:44:26',NULL,'callmenow','메카공인중개사사무소',0),(1442,NULL,4,'2024-07-29 07:44:26',NULL,'eleven11','메카공인중개사사무소',0),(1443,NULL,4,'2024-07-29 07:44:26',NULL,'heavyshopper','메카공인중개사사무소',0),(1444,NULL,3,'2024-07-29 07:44:26',NULL,'idontloveyou','메카공인중개사사무소',0),(1445,NULL,3,'2024-07-29 07:44:26',NULL,'instakill','메카공인중개사사무소',0),(1446,NULL,3,'2024-07-29 07:44:26',NULL,'kyj1004','메카공인중개사사무소',0),(1447,NULL,5,'2024-07-29 07:44:26',NULL,'lsm26','메카공인중개사사무소',0),(1448,NULL,4,'2024-07-29 07:44:26',NULL,'lunatic','메카공인중개사사무소',0),(1449,NULL,3,'2024-07-29 07:44:26',NULL,'min117','메카공인중개사사무소',0),(1450,NULL,3,'2024-07-29 07:44:26',NULL,'mystie23','메카공인중개사사무소',0),(1451,NULL,4,'2024-07-29 07:44:26',NULL,'newname','메카공인중개사사무소',0),(1452,NULL,2,'2024-07-29 07:44:26',NULL,'noname','메카공인중개사사무소',0),(1453,NULL,1,'2024-07-29 07:44:26',NULL,'nope404','메카공인중개사사무소',0),(1454,NULL,2,'2024-07-29 07:44:26',NULL,'notintime','메카공인중개사사무소',0),(1455,NULL,4,'2024-07-29 07:44:26',NULL,'ny0178','메카공인중개사사무소',0),(1456,NULL,5,'2024-07-29 07:44:26',NULL,'ouraccount','메카공인중개사사무소',0),(1457,NULL,2,'2024-07-29 07:44:26',NULL,'overtime','메카공인중개사사무소',0),(1458,NULL,4,'2024-07-29 07:44:26',NULL,'pickmeup','메카공인중개사사무소',0),(1459,NULL,1,'2024-07-29 07:44:26',NULL,'randomid','메카공인중개사사무소',0),(1460,NULL,1,'2024-07-29 07:44:26',NULL,'sha128','메카공인중개사사무소',0),(1461,NULL,3,'2024-07-29 07:44:29',NULL,'anon011','강남씨티부동산',0),(1462,NULL,4,'2024-07-29 07:44:29',NULL,'callmenow','강남씨티부동산',0),(1463,NULL,5,'2024-07-29 07:44:29',NULL,'eleven11','강남씨티부동산',0),(1464,NULL,5,'2024-07-29 07:44:29',NULL,'heavyshopper','강남씨티부동산',0),(1465,NULL,4,'2024-07-29 07:44:29',NULL,'idontloveyou','강남씨티부동산',0),(1466,NULL,5,'2024-07-29 07:44:29',NULL,'instakill','강남씨티부동산',0),(1467,NULL,1,'2024-07-29 07:44:29',NULL,'kyj1004','강남씨티부동산',0),(1468,NULL,4,'2024-07-29 07:44:29',NULL,'lsm26','강남씨티부동산',0),(1469,NULL,4,'2024-07-29 07:44:29',NULL,'lunatic','강남씨티부동산',0),(1470,NULL,5,'2024-07-29 07:44:29',NULL,'min117','강남씨티부동산',0),(1471,NULL,1,'2024-07-29 07:44:29',NULL,'mystie23','강남씨티부동산',0),(1472,NULL,1,'2024-07-29 07:44:31',NULL,'anon011','상상부동산공인중개사사무소',0),(1473,NULL,2,'2024-07-29 07:44:31',NULL,'callmenow','상상부동산공인중개사사무소',0),(1474,NULL,1,'2024-07-29 07:44:31',NULL,'eleven11','상상부동산공인중개사사무소',0),(1475,NULL,2,'2024-07-29 07:44:31',NULL,'heavyshopper','상상부동산공인중개사사무소',0),(1476,NULL,4,'2024-07-29 07:44:31',NULL,'idontloveyou','상상부동산공인중개사사무소',0),(1477,NULL,4,'2024-07-29 07:44:31',NULL,'instakill','상상부동산공인중개사사무소',0),(1478,NULL,4,'2024-07-29 07:44:31',NULL,'kyj1004','상상부동산공인중개사사무소',0),(1479,NULL,5,'2024-07-29 07:44:31',NULL,'lsm26','상상부동산공인중개사사무소',0),(1480,NULL,1,'2024-07-29 07:44:31',NULL,'lunatic','상상부동산공인중개사사무소',0),(1481,NULL,5,'2024-07-29 07:44:31',NULL,'min117','상상부동산공인중개사사무소',0),(1482,NULL,4,'2024-07-29 07:44:31',NULL,'mystie23','상상부동산공인중개사사무소',0),(1483,NULL,1,'2024-07-29 07:44:31',NULL,'newname','상상부동산공인중개사사무소',0),(1484,NULL,1,'2024-07-29 07:44:31',NULL,'noname','상상부동산공인중개사사무소',0),(1485,NULL,3,'2024-07-29 07:44:31',NULL,'nope404','상상부동산공인중개사사무소',0),(1486,NULL,2,'2024-07-29 07:44:31',NULL,'notintime','상상부동산공인중개사사무소',0),(1487,NULL,2,'2024-07-29 07:44:31',NULL,'ny0178','상상부동산공인중개사사무소',0),(1488,NULL,3,'2024-07-29 07:44:31',NULL,'ouraccount','상상부동산공인중개사사무소',0),(1489,NULL,5,'2024-07-29 07:44:31',NULL,'overtime','상상부동산공인중개사사무소',0),(1490,NULL,1,'2024-07-29 07:44:31',NULL,'pickmeup','상상부동산공인중개사사무소',0),(1491,NULL,2,'2024-07-29 07:44:31',NULL,'randomid','상상부동산공인중개사사무소',0),(1492,NULL,1,'2024-07-29 07:44:31',NULL,'sha128','상상부동산공인중개사사무소',0),(1493,NULL,1,'2024-07-29 07:44:31',NULL,'slim612','상상부동산공인중개사사무소',0),(1494,NULL,5,'2024-07-29 07:44:31',NULL,'uplus+','상상부동산공인중개사사무소',0),(1495,NULL,3,'2024-07-29 07:44:31',NULL,'wanna','상상부동산공인중개사사무소',0),(1496,NULL,3,'2024-07-29 07:44:31',NULL,'yhs771','상상부동산공인중개사사무소',0),(1497,NULL,4,'2024-07-29 07:44:44',NULL,'anon011','샤이닝키즈어린이집',0),(1498,NULL,4,'2024-07-29 07:44:44',NULL,'callmenow','샤이닝키즈어린이집',0),(1499,NULL,3,'2024-07-29 07:44:44',NULL,'eleven11','샤이닝키즈어린이집',0),(1500,NULL,3,'2024-07-29 07:44:44',NULL,'heavyshopper','샤이닝키즈어린이집',0),(1501,NULL,1,'2024-07-29 07:44:44',NULL,'idontloveyou','샤이닝키즈어린이집',0),(1502,NULL,4,'2024-07-29 07:44:44',NULL,'instakill','샤이닝키즈어린이집',0),(1503,NULL,4,'2024-07-29 07:44:44',NULL,'kyj1004','샤이닝키즈어린이집',0),(1504,NULL,4,'2024-07-29 07:44:44',NULL,'lsm26','샤이닝키즈어린이집',0),(1505,NULL,3,'2024-07-29 07:44:44',NULL,'lunatic','샤이닝키즈어린이집',0),(1506,NULL,2,'2024-07-29 07:44:44',NULL,'min117','샤이닝키즈어린이집',0),(1507,NULL,5,'2024-07-29 07:44:44',NULL,'mystie23','샤이닝키즈어린이집',0),(1508,NULL,3,'2024-07-29 07:44:44',NULL,'newname','샤이닝키즈어린이집',0),(1509,NULL,3,'2024-07-29 07:44:44',NULL,'noname','샤이닝키즈어린이집',0),(1510,NULL,5,'2024-07-29 07:44:44',NULL,'nope404','샤이닝키즈어린이집',0),(1511,NULL,1,'2024-07-29 07:44:44',NULL,'notintime','샤이닝키즈어린이집',0),(1512,NULL,5,'2024-07-29 07:44:44',NULL,'ny0178','샤이닝키즈어린이집',0),(1513,NULL,3,'2024-07-29 07:44:44',NULL,'ouraccount','샤이닝키즈어린이집',0),(1514,NULL,3,'2024-07-29 07:44:44',NULL,'overtime','샤이닝키즈어린이집',0),(1515,NULL,2,'2024-07-29 07:44:44',NULL,'pickmeup','샤이닝키즈어린이집',0),(1516,NULL,3,'2024-07-29 07:44:44',NULL,'randomid','샤이닝키즈어린이집',0),(1517,NULL,4,'2024-07-29 07:44:44',NULL,'sha128','샤이닝키즈어린이집',0),(1518,NULL,5,'2024-07-29 07:44:44',NULL,'slim612','샤이닝키즈어린이집',0),(1519,NULL,2,'2024-07-29 07:44:47',NULL,'anon011','서초구립 래미안리더스원어린이집',0),(1520,NULL,5,'2024-07-29 07:44:47',NULL,'callmenow','서초구립 래미안리더스원어린이집',0),(1521,NULL,1,'2024-07-29 07:44:47',NULL,'eleven11','서초구립 래미안리더스원어린이집',0),(1522,NULL,2,'2024-07-29 07:44:47',NULL,'heavyshopper','서초구립 래미안리더스원어린이집',0),(1523,NULL,2,'2024-07-29 07:44:47',NULL,'idontloveyou','서초구립 래미안리더스원어린이집',0),(1524,NULL,2,'2024-07-29 07:44:47',NULL,'instakill','서초구립 래미안리더스원어린이집',0),(1525,NULL,3,'2024-07-29 07:44:47',NULL,'kyj1004','서초구립 래미안리더스원어린이집',0),(1526,NULL,3,'2024-07-29 07:44:47',NULL,'lsm26','서초구립 래미안리더스원어린이집',0),(1527,NULL,3,'2024-07-29 07:44:47',NULL,'lunatic','서초구립 래미안리더스원어린이집',0),(1528,NULL,3,'2024-07-29 07:44:47',NULL,'min117','서초구립 래미안리더스원어린이집',0),(1529,NULL,3,'2024-07-29 07:44:50',NULL,'anon011','서초구립 서초그랑자이어린이집',0),(1530,NULL,5,'2024-07-29 07:44:50',NULL,'callmenow','서초구립 서초그랑자이어린이집',0),(1531,'맛있어요',4,'2024-07-29 07:45:05','2024-07-30 08:14:33','anon011','두껍삼 강남직영점',0),(1532,NULL,5,'2024-07-29 07:45:05',NULL,'callmenow','두껍삼 강남직영점',0),(1533,NULL,2,'2024-07-29 07:45:05',NULL,'eleven11','두껍삼 강남직영점',0),(1534,NULL,3,'2024-07-29 07:45:05',NULL,'heavyshopper','두껍삼 강남직영점',0),(1535,NULL,5,'2024-07-29 07:45:05',NULL,'idontloveyou','두껍삼 강남직영점',0),(1536,NULL,4,'2024-07-29 07:45:05',NULL,'instakill','두껍삼 강남직영점',0),(1537,NULL,1,'2024-07-29 07:45:05',NULL,'kyj1004','두껍삼 강남직영점',0),(1538,NULL,2,'2024-07-29 07:45:05',NULL,'lsm26','두껍삼 강남직영점',0),(1539,NULL,3,'2024-07-29 07:45:05',NULL,'lunatic','두껍삼 강남직영점',0),(1540,NULL,2,'2024-07-29 07:45:05',NULL,'min117','두껍삼 강남직영점',0),(1541,NULL,2,'2024-07-29 07:45:05',NULL,'mystie23','두껍삼 강남직영점',0),(1823,'맛있는 라면',4,'2024-08-01 02:25:15','2024-08-01 02:27:59','anon011','GS25 서초여신점',0),(1824,'가격이 착한 노브랜드',4,'2024-08-06 07:21:18','2024-08-06 07:21:40','anon011','노브랜드 강남역삼점',0);
/*!40000 ALTER TABLE `review` ENABLE KEYS */;
UNLOCK TABLES;

--
-- Table structure for table `user_info`
--

DROP TABLE IF EXISTS `user_info`;
/*!40101 SET @saved_cs_client     = @@character_set_client */;
/*!50503 SET character_set_client = utf8mb4 */;
CREATE TABLE `user_info` (
  `user_id` varchar(20) COLLATE utf8mb3_bin NOT NULL,
  `user_pwd` varchar(255) COLLATE utf8mb3_bin DEFAULT NULL,
  `join_date` datetime NOT NULL DEFAULT CURRENT_TIMESTAMP,
  `user_location` varchar(50) CHARACTER SET utf8mb3 COLLATE utf8mb3_bin NOT NULL DEFAULT '서울 서초구 서초동 1337-17',
  `user_phone` char(8) COLLATE utf8mb3_bin DEFAULT '12345678',
  `user_email` varchar(50) COLLATE utf8mb3_bin DEFAULT 'example@gmail.com',
  PRIMARY KEY (`user_id`)
) ENGINE=InnoDB DEFAULT CHARSET=utf8mb3 COLLATE=utf8mb3_bin;
/*!40101 SET character_set_client = @saved_cs_client */;

--
-- Dumping data for table `user_info`
--

LOCK TABLES `user_info` WRITE;
/*!40000 ALTER TABLE `user_info` DISABLE KEYS */;
INSERT INTO `user_info` VALUES ('anon011','1234','2024-07-26 15:54:26','서울 서초구 서초동 1337-17','12345678','example@gmail.com'),('callmenow','1234','2024-07-26 15:54:26','서울 서초구 서초동 1337-17','12345678','example@gmail.com'),('eleven11','1234','2024-07-26 15:54:26','서울 서초구 서초동 1337-17','12345678','example@gmail.com'),('heavyshopper','1234','2024-07-26 15:54:26','서울 서초구 서초동 1337-17','12345678','example@gmail.com'),('idontloveyou','1234','2024-07-26 15:54:26','서울 서초구 서초동 1337-17','12345678','example@gmail.com'),('instakill','1234','2024-07-26 15:54:26','서울 서초구 서초동 1337-17','12345678','example@gmail.com'),('kyj1004','1234','2024-07-26 15:54:26','서울 서초구 서초동 1337-17','12345678','example@gmail.com'),('lsm26','1234','2024-07-26 15:54:26','서울 서초구 서초동 1337-17','12345678','example@gmail.com'),('lunatic','1234','2024-07-26 15:54:26','서울 서초구 서초동 1337-17','12345678','example@gmail.com'),('min117','1234','2024-07-26 15:54:26','서울 서초구 서초동 1337-17','12345678','example@gmail.com'),('mystie23','1234','2024-07-26 15:54:26','서울 서초구 서초동 1337-17','12345678','example@gmail.com'),('newname','1234','2024-07-26 15:54:26','서울 서초구 서초동 1337-17','12345678','example@gmail.com'),('noname','1234','2024-07-26 15:54:26','서울 서초구 서초동 1337-17','12345678','example@gmail.com'),('nope404','1234','2024-07-26 15:54:26','서울 서초구 서초동 1337-17','12345678','example@gmail.com'),('notintime','1234','2024-07-26 15:54:26','서울 서초구 서초동 1337-17','12345678','example@gmail.com'),('ny0178','1234','2024-07-26 15:54:26','서울 서초구 서초동 1337-17','12345678','example@gmail.com'),('ouraccount','1234','2024-07-26 15:54:26','서울 서초구 서초동 1337-17','12345678','example@gmail.com'),('overtime','1234','2024-07-26 15:54:26','서울 서초구 서초동 1337-17','12345678','example@gmail.com'),('pickmeup','1234','2024-07-26 15:54:26','서울 서초구 서초동 1337-17','12345678','example@gmail.com'),('randomid','1234','2024-07-26 15:54:26','서울 서초구 서초동 1337-17','12345678','example@gmail.com'),('sha128','1234','2024-07-26 15:54:26','서울 서초구 서초동 1337-17','12345678','example@gmail.com'),('slim612','1234','2024-07-26 15:54:26','서울 서초구 서초동 1337-17','12345678','example@gmail.com'),('uplus+','1234','2024-07-26 15:54:26','서울 서초구 서초동 1337-17','12345678','example@gmail.com'),('wanna','1234','2024-07-26 15:54:26','서울 서초구 서초동 1337-17','12345678','example@gmail.com'),('yhs771','1234','2024-07-26 15:54:26','서울 서초구 서초동 1337-17','12345678','example@gmail.com');
/*!40000 ALTER TABLE `user_info` ENABLE KEYS */;
UNLOCK TABLES;
/*!40103 SET TIME_ZONE=@OLD_TIME_ZONE */;

/*!40101 SET SQL_MODE=@OLD_SQL_MODE */;
/*!40014 SET FOREIGN_KEY_CHECKS=@OLD_FOREIGN_KEY_CHECKS */;
/*!40014 SET UNIQUE_CHECKS=@OLD_UNIQUE_CHECKS */;
/*!40101 SET CHARACTER_SET_CLIENT=@OLD_CHARACTER_SET_CLIENT */;
/*!40101 SET CHARACTER_SET_RESULTS=@OLD_CHARACTER_SET_RESULTS */;
/*!40101 SET COLLATION_CONNECTION=@OLD_COLLATION_CONNECTION */;
/*!40111 SET SQL_NOTES=@OLD_SQL_NOTES */;

-- Dump completed on 2024-08-08 20:10:53
